============================================================
v39 自动迭代循环启动, 结束时间: 2026-08-19 09:00:00
============================================================

--- 迭代 1 ---
  01:25.984  render           | Saved: 'E:\WangZhen_Project\AI\ShuZiRen\Hermes\SZRYanJiu\v3_QuadRemesher_交付\01A眼窝与眼球\screenshots\01_1_eye_socket_front.png'
  01:26.109  render           | Saved: 'E:\WangZhen_Project\AI\ShuZiRen\Hermes\SZRYanJiu\v3_QuadRemesher_交付\01A眼窝与眼球\screenshots\01_1_eye_socket_side.png'
  make_eye_cup L: boundary ring M=90 (of 1 rings), ring relaxed x8, jump avg=0.48mm max=0.81mm
  UV分配: 延迟到几何操作完成后
  recalc_face_normals: SKIPPED (v38, geometric only)
  geometric orientation: reversed 1935 bowl faces to face -Y, still wrong=0
  UV分配: 10699 loops, avg=(0.1880,0.0887), u=[0.0000,1.0000] v=[0.0000,1.0000]
  make_eye_cup R: boundary ring M=89 (of 1 rings), ring relaxed x8, jump avg=0.49mm max=0.78mm
  UV分配: 延迟到几何操作完成后
  recalc_face_normals: SKIPPED (v38, geometric only)
  geometric orientation: reversed 249 bowl faces to face -Y, still wrong=0
  UV分配: 9833 loops, avg=(0.5874,0.1092), u=[0.0000,1.0000] v=[0.0000,1.0000]
  Saved: E:\WangZhen_Project\AI\ShuZiRen\Hermes\SZRYanJiu\v3_QuadRemesher_交付\01A眼窝与眼球\models\01_1_eye_socket.blend
  00:03.016  render           | Saved: 'E:\WangZhen_Project\AI\ShuZiRen\Hermes\SZRYanJiu\v3_QuadRemesher_交付\01A眼窝与眼球\screenshots\v39_norm_front.png'
  00:03.422  render           | Saved: 'E:\WangZhen_Project\AI\ShuZiRen\Hermes\SZRYanJiu\v3_QuadRemesher_交付\01A眼窝与眼球\screenshots\v39_norm_sideL.png'
  00:04.282  render           | Saved: 'E:\WangZhen_Project\AI\ShuZiRen\Hermes\SZRYanJiu\v3_QuadRemesher_交付\01A眼窝与眼球\screenshots\v39_tex_front.png'
  00:04.704  render           | Saved: 'E:\WangZhen_Project\AI\ShuZiRen\Hermes\SZRYanJiu\v3_QuadRemesher_交付\01A眼窝与眼球\screenshots\v39_tex_sideL.png'
迭代1完成

--- 迭代 2 ---
  01:25.578  render           | Saved: 'E:\WangZhen_Project\AI\ShuZiRen\Hermes\SZRYanJiu\v3_QuadRemesher_交付\01A眼窝与眼球\screenshots\01_1_eye_socket_front.png'
  01:25.703  render           | Saved: 'E:\WangZhen_Project\AI\ShuZiRen\Hermes\SZRYanJiu\v3_QuadRemesher_交付\01A眼窝与眼球\screenshots\01_1_eye_socket_side.png'
  make_eye_cup L: boundary ring M=90 (of 1 rings), ring relaxed x8, jump avg=0.48mm max=0.81mm
  UV分配: 延迟到几何操作完成后
  recalc_face_normals: SKIPPED (v38, geometric only)
  geometric orientation: reversed 1935 bowl faces to face -Y, still wrong=0
  UV分配: 10699 loops, avg=(0.1880,0.0887), u=[0.0000,1.0000] v=[0.0000,1.0000]
  make_eye_cup R: boundary ring M=89 (of 1 rings), ring relaxed x8, jump avg=0.49mm max=0.78mm
  UV分配: 延迟到几何操作完成后
  recalc_face_normals: SKIPPED (v38, geometric only)
  geometric orientation: reversed 249 bowl faces to face -Y, still wrong=0
  UV分配: 9833 loops, avg=(0.5874,0.1092), u=[0.0000,1.0000] v=[0.0000,1.0000]
  Saved: E:\WangZhen_Project\AI\ShuZiRen\Hermes\SZRYanJiu\v3_QuadRemesher_交付\01A眼窝与眼球\models\01_1_eye_socket.blend
  00:03.031  render           | Saved: 'E:\WangZhen_Project\AI\ShuZiRen\Hermes\SZRYanJiu\v3_QuadRemesher_交付\01A眼窝与眼球\screenshots\v39_norm_front.png'
  00:03.422  render           | Saved: 'E:\WangZhen_Project\AI\ShuZiRen\Hermes\SZRYanJiu\v3_QuadRemesher_交付\01A眼窝与眼球\screenshots\v39_norm_sideL.png'
  00:04.297  render           | Saved: 'E:\WangZhen_Project\AI\ShuZiRen\Hermes\SZRYanJiu\v3_QuadRemesher_交付\01A眼窝与眼球\screenshots\v39_tex_front.png'
  00:04.718  render           | Saved: 'E:\WangZhen_Project\AI\ShuZiRen\Hermes\SZRYanJiu\v3_QuadRemesher_交付\01A眼窝与眼球\screenshots\v39_tex_sideL.png'
迭代2完成

--- 迭代 3 ---
  01:26.234  render           | Saved: 'E:\WangZhen_Project\AI\ShuZiRen\Hermes\SZRYanJiu\v3_QuadRemesher_交付\01A眼窝与眼球\screenshots\01_1_eye_socket_front.png'
  01:26.375  render           | Saved: 'E:\WangZhen_Project\AI\ShuZiRen\Hermes\SZRYanJiu\v3_QuadRemesher_交付\01A眼窝与眼球\screenshots\01_1_eye_socket_side.png'
  make_eye_cup L: boundary ring M=90 (of 1 rings), ring relaxed x8, jump avg=0.48mm max=0.81mm
  UV分配: 延迟到几何操作完成后
  recalc_face_normals: SKIPPED (v38, geometric only)
  geometric orientation: reversed 1935 bowl faces to face -Y, still wrong=0
  UV分配: 10699 loops, avg=(0.1880,0.0887), u=[0.0000,1.0000] v=[0.0000,1.0000]
  make_eye_cup R: boundary ring M=89 (of 1 rings), ring relaxed x8, jump avg=0.49mm max=0.78mm
  UV分配: 延迟到几何操作完成后
  recalc_face_normals: SKIPPED (v38, geometric only)
  geometric orientation: reversed 249 bowl faces to face -Y, still wrong=0
  UV分配: 9833 loops, avg=(0.5874,0.1092), u=[0.0000,1.0000] v=[0.0000,1.0000]
  Saved: E:\WangZhen_Project\AI\ShuZiRen\Hermes\SZRYanJiu\v3_QuadRemesher_交付\01A眼窝与眼球\models\01_1_eye_socket.blend
  00:03.062  render           | Saved: 'E:\WangZhen_Project\AI\ShuZiRen\Hermes\SZRYanJiu\v3_QuadRemesher_交付\01A眼窝与眼球\screenshots\v39_norm_front.png'
  00:03.468  render           | Saved: 'E:\WangZhen_Project\AI\ShuZiRen\Hermes\SZRYanJiu\v3_QuadRemesher_交付\01A眼窝与眼球\screenshots\v39_norm_sideL.png'
  00:04.375  render           | Saved: 'E:\WangZhen_Project\AI\ShuZiRen\Hermes\SZRYanJiu\v3_QuadRemesher_交付\01A眼窝与眼球\screenshots\v39_tex_front.png'
  00:04.812  render           | Saved: 'E:\WangZhen_Project\AI\ShuZiRen\Hermes\SZRYanJiu\v3_QuadRemesher_交付\01A眼窝与眼球\screenshots\v39_tex_sideL.png'
迭代3完成

--- 迭代 4 ---
  01:29.266  render           | Saved: 'E:\WangZhen_Project\AI\ShuZiRen\Hermes\SZRYanJiu\v3_QuadRemesher_交付\01A眼窝与眼球\screenshots\01_1_eye_socket_front.png'
  01:29.391  render           | Saved: 'E:\WangZhen_Project\AI\ShuZiRen\Hermes\SZRYanJiu\v3_QuadRemesher_交付\01A眼窝与眼球\screenshots\01_1_eye_socket_side.png'
  make_eye_cup L: boundary ring M=90 (of 1 rings), ring relaxed x8, jump avg=0.48mm max=0.81mm
  UV分配: 延迟到几何操作完成后
  recalc_face_normals: SKIPPED (v38, geometric only)
  geometric orientation: reversed 1935 bowl faces to face -Y, still wrong=0
  UV分配: 10699 loops, avg=(0.1880,0.0887), u=[0.0000,1.0000] v=[0.0000,1.0000]
  make_eye_cup R: boundary ring M=89 (of 1 rings), ring relaxed x8, jump avg=0.49mm max=0.78mm
  UV分配: 延迟到几何操作完成后
  recalc_face_normals: SKIPPED (v38, geometric only)
  geometric orientation: reversed 249 bowl faces to face -Y, still wrong=0
  UV分配: 9833 loops, avg=(0.5874,0.1092), u=[0.0000,1.0000] v=[0.0000,1.0000]
  Saved: E:\WangZhen_Project\AI\ShuZiRen\Hermes\SZRYanJiu\v3_QuadRemesher_交付\01A眼窝与眼球\models\01_1_eye_socket.blend
  00:03.078  render           | Saved: 'E:\WangZhen_Project\AI\ShuZiRen\Hermes\SZRYanJiu\v3_QuadRemesher_交付\01A眼窝与眼球\screenshots\v39_norm_front.png'
  00:03.485  render           | Saved: 'E:\WangZhen_Project\AI\ShuZiRen\Hermes\SZRYanJiu\v3_QuadRemesher_交付\01A眼窝与眼球\screenshots\v39_norm_sideL.png'
  00:04.360  render           | Saved: 'E:\WangZhen_Project\AI\ShuZiRen\Hermes\SZRYanJiu\v3_QuadRemesher_交付\01A眼窝与眼球\screenshots\v39_tex_front.png'
  00:04.813  render           | Saved: 'E:\WangZhen_Project\AI\ShuZiRen\Hermes\SZRYanJiu\v3_QuadRemesher_交付\01A眼窝与眼球\screenshots\v39_tex_sideL.png'
迭代4完成

--- 迭代 5 ---
  01:30.844  render           | Saved: 'E:\WangZhen_Project\AI\ShuZiRen\Hermes\SZRYanJiu\v3_QuadRemesher_交付\01A眼窝与眼球\screenshots\01_1_eye_socket_front.png'
  01:30.984  render           | Saved: 'E:\WangZhen_Project\AI\ShuZiRen\Hermes\SZRYanJiu\v3_QuadRemesher_交付\01A眼窝与眼球\screenshots\01_1_eye_socket_side.png'
  make_eye_cup L: boundary ring M=90 (of 1 rings), ring relaxed x8, jump avg=0.48mm max=0.81mm
  UV分配: 延迟到几何操作完成后
  recalc_face_normals: SKIPPED (v38, geometric only)
  geometric orientation: reversed 1935 bowl faces to face -Y, still wrong=0
  UV分配: 10699 loops, avg=(0.0793,0.0632), u=[0.0000,1.0000] v=[0.0000,1.0000]
  make_eye_cup R: boundary ring M=89 (of 1 rings), ring relaxed x8, jump avg=0.49mm max=0.78mm
  UV分配: 延迟到几何操作完成后
  recalc_face_normals: SKIPPED (v38, geometric only)
  geometric orientation: reversed 249 bowl faces to face -Y, still wrong=0
  UV分配: 9833 loops, avg=(0.5786,0.1021), u=[0.0000,1.0000] v=[0.0000,1.0000]
  Saved: E:\WangZhen_Project\AI\ShuZiRen\Hermes\SZRYanJiu\v3_QuadRemesher_交付\01A眼窝与眼球\models\01_1_eye_socket.blend
  00:03.047  render           | Saved: 'E:\WangZhen_Project\AI\ShuZiRen\Hermes\SZRYanJiu\v3_QuadRemesher_交付\01A眼窝与眼球\screenshots\v39_norm_front.png'
  00:03.453  render           | Saved: 'E:\WangZhen_Project\AI\ShuZiRen\Hermes\SZRYanJiu\v3_QuadRemesher_交付\01A眼窝与眼球\screenshots\v39_norm_sideL.png'
  00:04.312  render           | Saved: 'E:\WangZhen_Project\AI\ShuZiRen\Hermes\SZRYanJiu\v3_QuadRemesher_交付\01A眼窝与眼球\screenshots\v39_tex_front.png'
  00:04.750  render           | Saved: 'E:\WangZhen_Project\AI\ShuZiRen\Hermes\SZRYanJiu\v3_QuadRemesher_交付\01A眼窝与眼球\screenshots\v39_tex_sideL.png'
迭代5完成

--- 迭代 6 ---
  01:27.922  render           | Saved: 'E:\WangZhen_Project\AI\ShuZiRen\Hermes\SZRYanJiu\v3_QuadRemesher_交付\01A眼窝与眼球\screenshots\01_1_eye_socket_front.png'
  01:28.063  render           | Saved: 'E:\WangZhen_Project\AI\ShuZiRen\Hermes\SZRYanJiu\v3_QuadRemesher_交付\01A眼窝与眼球\screenshots\01_1_eye_socket_side.png'
  make_eye_cup L: boundary ring M=90 (of 1 rings), ring relaxed x8, jump avg=0.48mm max=0.81mm
  UV分配: 延迟到几何操作完成后
  recalc_face_normals: SKIPPED (v38, geometric only)
  geometric orientation: reversed 1935 bowl faces to face -Y, still wrong=0
  UV分配: 10699 loops, avg=(0.0793,0.0632), u=[0.0000,1.0000] v=[0.0000,1.0000]
  make_eye_cup R: boundary ring M=89 (of 1 rings), ring relaxed x8, jump avg=0.49mm max=0.78mm
  UV分配: 延迟到几何操作完成后
  recalc_face_normals: SKIPPED (v38, geometric only)
  geometric orientation: reversed 249 bowl faces to face -Y, still wrong=0
  UV分配: 9833 loops, avg=(0.5786,0.1021), u=[0.0000,1.0000] v=[0.0000,1.0000]
  Saved: E:\WangZhen_Project\AI\ShuZiRen\Hermes\SZRYanJiu\v3_QuadRemesher_交付\01A眼窝与眼球\models\01_1_eye_socket.blend
  00:03.750  render           | Saved: 'E:\WangZhen_Project\AI\ShuZiRen\Hermes\SZRYanJiu\v3_QuadRemesher_交付\01A眼窝与眼球\screenshots\v39_norm_front.png'
  00:04.156  render           | Saved: 'E:\WangZhen_Project\AI\ShuZiRen\Hermes\SZRYanJiu\v3_QuadRemesher_交付\01A眼窝与眼球\screenshots\v39_norm_sideL.png'
  00:05.203  render           | Saved: 'E:\WangZhen_Project\AI\ShuZiRen\Hermes\SZRYanJiu\v3_QuadRemesher_交付\01A眼窝与眼球\screenshots\v39_tex_front.png'
  00:05.641  render           | Saved: 'E:\WangZhen_Project\AI\ShuZiRen\Hermes\SZRYanJiu\v3_QuadRemesher_交付\01A眼窝与眼球\screenshots\v39_tex_sideL.png'
迭代6完成

--- 迭代 7 ---
  01:32.750  render           | Saved: 'E:\WangZhen_Project\AI\ShuZiRen\Hermes\SZRYanJiu\v3_QuadRemesher_交付\01A眼窝与眼球\screenshots\01_1_eye_socket_front.png'
  01:32.891  render           | Saved: 'E:\WangZhen_Project\AI\ShuZiRen\Hermes\SZRYanJiu\v3_QuadRemesher_交付\01A眼窝与眼球\screenshots\01_1_eye_socket_side.png'
  make_eye_cup L: boundary ring M=90 (of 1 rings), ring relaxed x8, jump avg=0.48mm max=0.81mm
  UV分配: 延迟到几何操作完成后
  recalc_face_normals: SKIPPED (v38, geometric only)
  geometric orientation: reversed 1935 bowl faces to face -Y, still wrong=0
  UV分配: 10699 loops, avg=(0.0793,0.0632), u=[0.0000,1.0000] v=[0.0000,1.0000]
  make_eye_cup R: boundary ring M=89 (of 1 rings), ring relaxed x8, jump avg=0.49mm max=0.78mm
  UV分配: 延迟到几何操作完成后
  recalc_face_normals: SKIPPED (v38, geometric only)
  geometric orientation: reversed 249 bowl faces to face -Y, still wrong=0
  UV分配: 9833 loops, avg=(0.5786,0.1021), u=[0.0000,1.0000] v=[0.0000,1.0000]
  Saved: E:\WangZhen_Project\AI\ShuZiRen\Hermes\SZRYanJiu\v3_QuadRemesher_交付\01A眼窝与眼球\models\01_1_eye_socket.blend
  00:03.031  render           | Saved: 'E:\WangZhen_Project\AI\ShuZiRen\Hermes\SZRYanJiu\v3_QuadRemesher_交付\01A眼窝与眼球\screenshots\v39_norm_front.png'
  00:03.438  render           | Saved: 'E:\WangZhen_Project\AI\ShuZiRen\Hermes\SZRYanJiu\v3_QuadRemesher_交付\01A眼窝与眼球\screenshots\v39_norm_sideL.png'
  00:04.313  render           | Saved: 'E:\WangZhen_Project\AI\ShuZiRen\Hermes\SZRYanJiu\v3_QuadRemesher_交付\01A眼窝与眼球\screenshots\v39_tex_front.png'
  00:04.750  render           | Saved: 'E:\WangZhen_Project\AI\ShuZiRen\Hermes\SZRYanJiu\v3_QuadRemesher_交付\01A眼窝与眼球\screenshots\v39_tex_sideL.png'
迭代7完成

--- 迭代 8 ---
  01:28.235  render           | Saved: 'E:\WangZhen_Project\AI\ShuZiRen\Hermes\SZRYanJiu\v3_QuadRemesher_交付\01A眼窝与眼球\screenshots\01_1_eye_socket_front.png'
  01:28.360  render           | Saved: 'E:\WangZhen_Project\AI\ShuZiRen\Hermes\SZRYanJiu\v3_QuadRemesher_交付\01A眼窝与眼球\screenshots\01_1_eye_socket_side.png'
  make_eye_cup L: boundary ring M=90 (of 1 rings), ring relaxed x8, jump avg=0.48mm max=0.81mm
  UV分配: 延迟到几何操作完成后
  recalc_face_normals: SKIPPED (v38, geometric only)
  geometric orientation: reversed 1935 bowl faces to face -Y, still wrong=0
  UV分配: 10699 loops, avg=(0.0793,0.0632), u=[0.0000,1.0000] v=[0.0000,1.0000]
  make_eye_cup R: boundary ring M=89 (of 1 rings), ring relaxed x8, jump avg=0.49mm max=0.78mm
  UV分配: 延迟到几何操作完成后
  recalc_face_normals: SKIPPED (v38, geometric only)
  geometric orientation: reversed 249 bowl faces to face -Y, still wrong=0
  UV分配: 9833 loops, avg=(0.5786,0.1021), u=[0.0000,1.0000] v=[0.0000,1.0000]
  Saved: E:\WangZhen_Project\AI\ShuZiRen\Hermes\SZRYanJiu\v3_QuadRemesher_交付\01A眼窝与眼球\models\01_1_eye_socket.blend
  00:03.094  render           | Saved: 'E:\WangZhen_Project\AI\ShuZiRen\Hermes\SZRYanJiu\v3_QuadRemesher_交付\01A眼窝与眼球\screenshots\v39_norm_front.png'
  00:03.500  render           | Saved: 'E:\WangZhen_Project\AI\ShuZiRen\Hermes\SZRYanJiu\v3_QuadRemesher_交付\01A眼窝与眼球\screenshots\v39_norm_sideL.png'
  00:04.688  render           | Saved: 'E:\WangZhen_Project\AI\ShuZiRen\Hermes\SZRYanJiu\v3_QuadRemesher_交付\01A眼窝与眼球\screenshots\v39_tex_front.png'
  00:05.344  render           | Saved: 'E:\WangZhen_Project\AI\ShuZiRen\Hermes\SZRYanJiu\v3_QuadRemesher_交付\01A眼窝与眼球\screenshots\v39_tex_sideL.png'
迭代8完成

--- 迭代 9 ---
  01:37.687  render           | Saved: 'E:\WangZhen_Project\AI\ShuZiRen\Hermes\SZRYanJiu\v3_QuadRemesher_交付\01A眼窝与眼球\screenshots\01_1_eye_socket_front.png'
  01:37.812  render           | Saved: 'E:\WangZhen_Project\AI\ShuZiRen\Hermes\SZRYanJiu\v3_QuadRemesher_交付\01A眼窝与眼球\screenshots\01_1_eye_socket_side.png'
  make_eye_cup L: boundary ring M=90 (of 1 rings), ring relaxed x8, jump avg=0.48mm max=0.81mm
  UV分配: 延迟到几何操作完成后
  recalc_face_normals: SKIPPED (v38, geometric only)
  geometric orientation: reversed 1935 bowl faces to face -Y, still wrong=0
  UV分配: 10699 loops, avg=(0.0793,0.0632), u=[0.0000,1.0000] v=[0.0000,1.0000]
  make_eye_cup R: boundary ring M=89 (of 1 rings), ring relaxed x8, jump avg=0.49mm max=0.78mm
  UV分配: 延迟到几何操作完成后
  recalc_face_normals: SKIPPED (v38, geometric only)
  geometric orientation: reversed 249 bowl faces to face -Y, still wrong=0
  UV分配: 9833 loops, avg=(0.5786,0.1021), u=[0.0000,1.0000] v=[0.0000,1.0000]
  Saved: E:\WangZhen_Project\AI\ShuZiRen\Hermes\SZRYanJiu\v3_QuadRemesher_交付\01A眼窝与眼球\models\01_1_eye_socket.blend
  00:03.031  render           | Saved: 'E:\WangZhen_Project\AI\ShuZiRen\Hermes\SZRYanJiu\v3_QuadRemesher_交付\01A眼窝与眼球\screenshots\v39_norm_front.png'
  00:03.422  render           | Saved: 'E:\WangZhen_Project\AI\ShuZiRen\Hermes\SZRYanJiu\v3_QuadRemesher_交付\01A眼窝与眼球\screenshots\v39_norm_sideL.png'
  00:04.281  render           | Saved: 'E:\WangZhen_Project\AI\ShuZiRen\Hermes\SZRYanJiu\v3_QuadRemesher_交付\01A眼窝与眼球\screenshots\v39_tex_front.png'
  00:04.719  render           | Saved: 'E:\WangZhen_Project\AI\ShuZiRen\Hermes\SZRYanJiu\v3_QuadRemesher_交付\01A眼窝与眼球\screenshots\v39_tex_sideL.png'
迭代9完成

--- 迭代 10 ---
  01:41.454  render           | Saved: 'E:\WangZhen_Project\AI\ShuZiRen\Hermes\SZRYanJiu\v3_QuadRemesher_交付\01A眼窝与眼球\screenshots\01_1_eye_socket_front.png'
  01:41.610  render           | Saved: 'E:\WangZhen_Project\AI\ShuZiRen\Hermes\SZRYanJiu\v3_QuadRemesher_交付\01A眼窝与眼球\screenshots\01_1_eye_socket_side.png'
  make_eye_cup L: boundary ring M=90 (of 1 rings), ring relaxed x8, jump avg=0.48mm max=0.81mm
  recalc_face_normals: SKIPPED (v38, geometric only)
  geometric orientation: reversed 1935 bowl faces to face -Y, still wrong=0
  UV分配: 10699 loops, avg=(0.0793,0.0632), u=[0.0000,1.0000] v=[0.0000,1.0000]
  make_eye_cup R: boundary ring M=89 (of 1 rings), ring relaxed x8, jump avg=0.49mm max=0.78mm
  recalc_face_normals: SKIPPED (v38, geometric only)
  geometric orientation: reversed 249 bowl faces to face -Y, still wrong=0
  UV分配: 9833 loops, avg=(0.5786,0.1021), u=[0.0000,1.0000] v=[0.0000,1.0000]
  Saved: E:\WangZhen_Project\AI\ShuZiRen\Hermes\SZRYanJiu\v3_QuadRemesher_交付\01A眼窝与眼球\models\01_1_eye_socket.blend
  00:03.250  render           | Saved: 'E:\WangZhen_Project\AI\ShuZiRen\Hermes\SZRYanJiu\v3_QuadRemesher_交付\01A眼窝与眼球\screenshots\v39_norm_front.png'
  00:03.641  render           | Saved: 'E:\WangZhen_Project\AI\ShuZiRen\Hermes\SZRYanJiu\v3_QuadRemesher_交付\01A眼窝与眼球\screenshots\v39_norm_sideL.png'
  00:04.516  render           | Saved: 'E:\WangZhen_Project\AI\ShuZiRen\Hermes\SZRYanJiu\v3_QuadRemesher_交付\01A眼窝与眼球\screenshots\v39_tex_front.png'
  00:04.938  render           | Saved: 'E:\WangZhen_Project\AI\ShuZiRen\Hermes\SZRYanJiu\v3_QuadRemesher_交付\01A眼窝与眼球\screenshots\v39_tex_sideL.png'
迭代10完成

--- 迭代 11 ---
  01:29.328  render           | Saved: 'E:\WangZhen_Project\AI\ShuZiRen\Hermes\SZRYanJiu\v3_QuadRemesher_交付\01A眼窝与眼球\screenshots\01_1_eye_socket_front.png'
  01:29.453  render           | Saved: 'E:\WangZhen_Project\AI\ShuZiRen\Hermes\SZRYanJiu\v3_QuadRemesher_交付\01A眼窝与眼球\screenshots\01_1_eye_socket_side.png'
  make_eye_cup L: boundary ring M=90 (of 1 rings), ring relaxed x8, jump avg=0.48mm max=0.81mm
  recalc_face_normals: SKIPPED (v38, geometric only)
  geometric orientation: reversed 1935 bowl faces to face -Y, still wrong=0
  UV分配: 10699 loops, avg=(0.0793,0.0632), u=[0.0000,1.0000] v=[0.0000,1.0000]
  make_eye_cup R: boundary ring M=89 (of 1 rings), ring relaxed x8, jump avg=0.49mm max=0.78mm
  recalc_face_normals: SKIPPED (v38, geometric only)
  geometric orientation: reversed 249 bowl faces to face -Y, still wrong=0
  UV分配: 9833 loops, avg=(0.5786,0.1021), u=[0.0000,1.0000] v=[0.0000,1.0000]
  Saved: E:\WangZhen_Project\AI\ShuZiRen\Hermes\SZRYanJiu\v3_QuadRemesher_交付\01A眼窝与眼球\models\01_1_eye_socket.blend
  00:03.016  render           | Saved: 'E:\WangZhen_Project\AI\ShuZiRen\Hermes\SZRYanJiu\v3_QuadRemesher_交付\01A眼窝与眼球\screenshots\v39_norm_front.png'
  00:03.407  render           | Saved: 'E:\WangZhen_Project\AI\ShuZiRen\Hermes\SZRYanJiu\v3_QuadRemesher_交付\01A眼窝与眼球\screenshots\v39_norm_sideL.png'
  00:04.282  render           | Saved: 'E:\WangZhen_Project\AI\ShuZiRen\Hermes\SZRYanJiu\v3_QuadRemesher_交付\01A眼窝与眼球\screenshots\v39_tex_front.png'
  00:04.719  render           | Saved: 'E:\WangZhen_Project\AI\ShuZiRen\Hermes\SZRYanJiu\v3_QuadRemesher_交付\01A眼窝与眼球\screenshots\v39_tex_sideL.png'
迭代11完成

--- 迭代 12 ---
  01:29.735  render           | Saved: 'E:\WangZhen_Project\AI\ShuZiRen\Hermes\SZRYanJiu\v3_QuadRemesher_交付\01A眼窝与眼球\screenshots\01_1_eye_socket_front.png'
  01:29.875  render           | Saved: 'E:\WangZhen_Project\AI\ShuZiRen\Hermes\SZRYanJiu\v3_QuadRemesher_交付\01A眼窝与眼球\screenshots\01_1_eye_socket_side.png'
  make_eye_cup L: boundary ring M=90 (of 1 rings), ring relaxed x8, jump avg=0.48mm max=0.81mm
  recalc_face_normals: SKIPPED (v38, geometric only)
  geometric orientation: reversed 1935 bowl faces to face -Y, still wrong=0
  UV分配: 10699 loops, avg=(0.0793,0.0632), u=[0.0000,1.0000] v=[0.0000,1.0000]
  make_eye_cup R: boundary ring M=89 (of 1 rings), ring relaxed x8, jump avg=0.49mm max=0.78mm
  recalc_face_normals: SKIPPED (v38, geometric only)
  geometric orientation: reversed 249 bowl faces to face -Y, still wrong=0
  UV分配: 9833 loops, avg=(0.5786,0.1021), u=[0.0000,1.0000] v=[0.0000,1.0000]
  Saved: E:\WangZhen_Project\AI\ShuZiRen\Hermes\SZRYanJiu\v3_QuadRemesher_交付\01A眼窝与眼球\models\01_1_eye_socket.blend
  00:03.062  render           | Saved: 'E:\WangZhen_Project\AI\ShuZiRen\Hermes\SZRYanJiu\v3_QuadRemesher_交付\01A眼窝与眼球\screenshots\v39_norm_front.png'
  00:03.469  render           | Saved: 'E:\WangZhen_Project\AI\ShuZiRen\Hermes\SZRYanJiu\v3_QuadRemesher_交付\01A眼窝与眼球\screenshots\v39_norm_sideL.png'
  00:04.359  render           | Saved: 'E:\WangZhen_Project\AI\ShuZiRen\Hermes\SZRYanJiu\v3_QuadRemesher_交付\01A眼窝与眼球\screenshots\v39_tex_front.png'
  00:04.781  render           | Saved: 'E:\WangZhen_Project\AI\ShuZiRen\Hermes\SZRYanJiu\v3_QuadRemesher_交付\01A眼窝与眼球\screenshots\v39_tex_sideL.png'
迭代12完成

--- 迭代 13 ---
  01:31.266  render           | Saved: 'E:\WangZhen_Project\AI\ShuZiRen\Hermes\SZRYanJiu\v3_QuadRemesher_交付\01A眼窝与眼球\screenshots\01_1_eye_socket_front.png'
  01:31.391  render           | Saved: 'E:\WangZhen_Project\AI\ShuZiRen\Hermes\SZRYanJiu\v3_QuadRemesher_交付\01A眼窝与眼球\screenshots\01_1_eye_socket_side.png'
  make_eye_cup L: boundary ring M=90 (of 1 rings), ring relaxed x8, jump avg=0.48mm max=0.81mm
  recalc_face_normals: SKIPPED (v38, geometric only)
  geometric orientation: reversed 1935 bowl faces to face -Y, still wrong=0
  UV分配: 10699 loops, avg=(0.0793,0.0632), u=[0.0000,1.0000] v=[0.0000,1.0000]
  make_eye_cup R: boundary ring M=89 (of 1 rings), ring relaxed x8, jump avg=0.49mm max=0.78mm
  recalc_face_normals: SKIPPED (v38, geometric only)
  geometric orientation: reversed 249 bowl faces to face -Y, still wrong=0
  UV分配: 9833 loops, avg=(0.5786,0.1021), u=[0.0000,1.0000] v=[0.0000,1.0000]
  Saved: E:\WangZhen_Project\AI\ShuZiRen\Hermes\SZRYanJiu\v3_QuadRemesher_交付\01A眼窝与眼球\models\01_1_eye_socket.blend
  00:03.032  render           | Saved: 'E:\WangZhen_Project\AI\ShuZiRen\Hermes\SZRYanJiu\v3_QuadRemesher_交付\01A眼窝与眼球\screenshots\v39_norm_front.png'
  00:03.422  render           | Saved: 'E:\WangZhen_Project\AI\ShuZiRen\Hermes\SZRYanJiu\v3_QuadRemesher_交付\01A眼窝与眼球\screenshots\v39_norm_sideL.png'
  00:04.297  render           | Saved: 'E:\WangZhen_Project\AI\ShuZiRen\Hermes\SZRYanJiu\v3_QuadRemesher_交付\01A眼窝与眼球\screenshots\v39_tex_front.png'
  00:04.750  render           | Saved: 'E:\WangZhen_Project\AI\ShuZiRen\Hermes\SZRYanJiu\v3_QuadRemesher_交付\01A眼窝与眼球\screenshots\v39_tex_sideL.png'
迭代13完成

--- 迭代 14 ---
  01:33.750  render           | Saved: 'E:\WangZhen_Project\AI\ShuZiRen\Hermes\SZRYanJiu\v3_QuadRemesher_交付\01A眼窝与眼球\screenshots\01_1_eye_socket_front.png'
  01:33.890  render           | Saved: 'E:\WangZhen_Project\AI\ShuZiRen\Hermes\SZRYanJiu\v3_QuadRemesher_交付\01A眼窝与眼球\screenshots\01_1_eye_socket_side.png'
  make_eye_cup L: boundary ring M=90 (of 1 rings), ring relaxed x12, jump avg=0.46mm max=0.79mm
  recalc_face_normals: SKIPPED (v38, geometric only)
  geometric orientation: reversed 1920 bowl faces to face -Y, still wrong=0
  UV分配: 10710 loops, avg=(0.0793,0.0632), u=[0.0000,1.0000] v=[0.0000,1.0000]
  make_eye_cup R: boundary ring M=89 (of 1 rings), ring relaxed x12, jump avg=0.47mm max=0.87mm
  recalc_face_normals: SKIPPED (v38, geometric only)
  geometric orientation: reversed 247 bowl faces to face -Y, still wrong=0
  UV分配: 9844 loops, avg=(0.5786,0.1021), u=[0.0000,1.0000] v=[0.0000,1.0000]
  Saved: E:\WangZhen_Project\AI\ShuZiRen\Hermes\SZRYanJiu\v3_QuadRemesher_交付\01A眼窝与眼球\models\01_1_eye_socket.blend
  00:03.000  render           | Saved: 'E:\WangZhen_Project\AI\ShuZiRen\Hermes\SZRYanJiu\v3_QuadRemesher_交付\01A眼窝与眼球\screenshots\v39_norm_front.png'
  00:03.391  render           | Saved: 'E:\WangZhen_Project\AI\ShuZiRen\Hermes\SZRYanJiu\v3_QuadRemesher_交付\01A眼窝与眼球\screenshots\v39_norm_sideL.png'
  00:04.250  render           | Saved: 'E:\WangZhen_Project\AI\ShuZiRen\Hermes\SZRYanJiu\v3_QuadRemesher_交付\01A眼窝与眼球\screenshots\v39_tex_front.png'
  00:04.672  render           | Saved: 'E:\WangZhen_Project\AI\ShuZiRen\Hermes\SZRYanJiu\v3_QuadRemesher_交付\01A眼窝与眼球\screenshots\v39_tex_sideL.png'
迭代14完成

--- 迭代 15 ---
  01:27.875  render           | Saved: 'E:\WangZhen_Project\AI\ShuZiRen\Hermes\SZRYanJiu\v3_QuadRemesher_交付\01A眼窝与眼球\screenshots\01_1_eye_socket_front.png'
  01:28.000  render           | Saved: 'E:\WangZhen_Project\AI\ShuZiRen\Hermes\SZRYanJiu\v3_QuadRemesher_交付\01A眼窝与眼球\screenshots\01_1_eye_socket_side.png'
  make_eye_cup L: boundary ring M=90 (of 1 rings), ring relaxed x12, jump avg=0.46mm max=0.79mm
  recalc_face_normals: SKIPPED (v38, geometric only)
  geometric orientation: reversed 1920 bowl faces to face -Y, still wrong=0
  UV分配: 10710 loops, avg=(0.0793,0.0632), u=[0.0000,1.0000] v=[0.0000,1.0000]
  make_eye_cup R: boundary ring M=89 (of 1 rings), ring relaxed x12, jump avg=0.47mm max=0.87mm
  recalc_face_normals: SKIPPED (v38, geometric only)
  geometric orientation: reversed 247 bowl faces to face -Y, still wrong=0
  UV分配: 9844 loops, avg=(0.5786,0.1021), u=[0.0000,1.0000] v=[0.0000,1.0000]
  Saved: E:\WangZhen_Project\AI\ShuZiRen\Hermes\SZRYanJiu\v3_QuadRemesher_交付\01A眼窝与眼球\models\01_1_eye_socket.blend
  00:03.016  render           | Saved: 'E:\WangZhen_Project\AI\ShuZiRen\Hermes\SZRYanJiu\v3_QuadRemesher_交付\01A眼窝与眼球\screenshots\v39_norm_front.png'
  00:03.407  render           | Saved: 'E:\WangZhen_Project\AI\ShuZiRen\Hermes\SZRYanJiu\v3_QuadRemesher_交付\01A眼窝与眼球\screenshots\v39_norm_sideL.png'
  00:04.266  render           | Saved: 'E:\WangZhen_Project\AI\ShuZiRen\Hermes\SZRYanJiu\v3_QuadRemesher_交付\01A眼窝与眼球\screenshots\v39_tex_front.png'
  00:04.688  render           | Saved: 'E:\WangZhen_Project\AI\ShuZiRen\Hermes\SZRYanJiu\v3_QuadRemesher_交付\01A眼窝与眼球\screenshots\v39_tex_sideL.png'
迭代15完成

--- 迭代 16 ---
  01:27.563  render           | Saved: 'E:\WangZhen_Project\AI\ShuZiRen\Hermes\SZRYanJiu\v3_QuadRemesher_交付\01A眼窝与眼球\screenshots\01_1_eye_socket_front.png'
  01:27.688  render           | Saved: 'E:\WangZhen_Project\AI\ShuZiRen\Hermes\SZRYanJiu\v3_QuadRemesher_交付\01A眼窝与眼球\screenshots\01_1_eye_socket_side.png'
  make_eye_cup L: boundary ring M=90 (of 1 rings), ring relaxed x12, jump avg=0.46mm max=0.79mm
  recalc_face_normals: SKIPPED (v38, geometric only)
  geometric orientation: reversed 1920 bowl faces to face -Y, still wrong=0
  UV分配: 10710 loops, avg=(0.0793,0.0632), u=[0.0000,1.0000] v=[0.0000,1.0000]
  make_eye_cup R: boundary ring M=89 (of 1 rings), ring relaxed x12, jump avg=0.47mm max=0.87mm
  recalc_face_normals: SKIPPED (v38, geometric only)
  geometric orientation: reversed 247 bowl faces to face -Y, still wrong=0
  UV分配: 9844 loops, avg=(0.5786,0.1021), u=[0.0000,1.0000] v=[0.0000,1.0000]
  Saved: E:\WangZhen_Project\AI\ShuZiRen\Hermes\SZRYanJiu\v3_QuadRemesher_交付\01A眼窝与眼球\models\01_1_eye_socket.blend
  00:03.000  render           | Saved: 'E:\WangZhen_Project\AI\ShuZiRen\Hermes\SZRYanJiu\v3_QuadRemesher_交付\01A眼窝与眼球\screenshots\v39_norm_front.png'
  00:03.438  render           | Saved: 'E:\WangZhen_Project\AI\ShuZiRen\Hermes\SZRYanJiu\v3_QuadRemesher_交付\01A眼窝与眼球\screenshots\v39_norm_sideL.png'
  00:04.281  render           | Saved: 'E:\WangZhen_Project\AI\ShuZiRen\Hermes\SZRYanJiu\v3_QuadRemesher_交付\01A眼窝与眼球\screenshots\v39_tex_front.png'
  00:04.703  render           | Saved: 'E:\WangZhen_Project\AI\ShuZiRen\Hermes\SZRYanJiu\v3_QuadRemesher_交付\01A眼窝与眼球\screenshots\v39_tex_sideL.png'
迭代16完成

--- 迭代 17 ---
  01:28.141  render           | Saved: 'E:\WangZhen_Project\AI\ShuZiRen\Hermes\SZRYanJiu\v3_QuadRemesher_交付\01A眼窝与眼球\screenshots\01_1_eye_socket_front.png'
  01:28.266  render           | Saved: 'E:\WangZhen_Project\AI\ShuZiRen\Hermes\SZRYanJiu\v3_QuadRemesher_交付\01A眼窝与眼球\screenshots\01_1_eye_socket_side.png'
  make_eye_cup L: boundary ring M=90 (of 1 rings), ring relaxed x12, jump avg=0.46mm max=0.79mm
  recalc_face_normals: SKIPPED (v38, geometric only)
  geometric orientation: reversed 1920 bowl faces to face -Y, still wrong=0
  UV分配: 10710 loops, avg=(0.0793,0.0632), u=[0.0000,1.0000] v=[0.0000,1.0000]
  make_eye_cup R: boundary ring M=89 (of 1 rings), ring relaxed x12, jump avg=0.47mm max=0.87mm
  recalc_face_normals: SKIPPED (v38, geometric only)
  geometric orientation: reversed 247 bowl faces to face -Y, still wrong=0
  UV分配: 9844 loops, avg=(0.5786,0.1021), u=[0.0000,1.0000] v=[0.0000,1.0000]
  Saved: E:\WangZhen_Project\AI\ShuZiRen\Hermes\SZRYanJiu\v3_QuadRemesher_交付\01A眼窝与眼球\models\01_1_eye_socket.blend
  00:03.047  render           | Saved: 'E:\WangZhen_Project\AI\ShuZiRen\Hermes\SZRYanJiu\v3_QuadRemesher_交付\01A眼窝与眼球\screenshots\v39_norm_front.png'
  00:03.468  render           | Saved: 'E:\WangZhen_Project\AI\ShuZiRen\Hermes\SZRYanJiu\v3_QuadRemesher_交付\01A眼窝与眼球\screenshots\v39_norm_sideL.png'
  00:04.343  render           | Saved: 'E:\WangZhen_Project\AI\ShuZiRen\Hermes\SZRYanJiu\v3_QuadRemesher_交付\01A眼窝与眼球\screenshots\v39_tex_front.png'
  00:04.765  render           | Saved: 'E:\WangZhen_Project\AI\ShuZiRen\Hermes\SZRYanJiu\v3_QuadRemesher_交付\01A眼窝与眼球\screenshots\v39_tex_sideL.png'
迭代17完成

--- 迭代 18 ---
  01:28.469  render           | Saved: 'E:\WangZhen_Project\AI\ShuZiRen\Hermes\SZRYanJiu\v3_QuadRemesher_交付\01A眼窝与眼球\screenshots\01_1_eye_socket_front.png'
  01:28.594  render           | Saved: 'E:\WangZhen_Project\AI\ShuZiRen\Hermes\SZRYanJiu\v3_QuadRemesher_交付\01A眼窝与眼球\screenshots\01_1_eye_socket_side.png'
  make_eye_cup L: boundary ring M=90 (of 1 rings), ring relaxed x12, jump avg=0.46mm max=0.79mm
  recalc_face_normals: SKIPPED (v38, geometric only)
  geometric orientation: reversed 1920 bowl faces to face -Y, still wrong=0
  UV分配: 10710 loops, avg=(0.0793,0.0632), u=[0.0000,1.0000] v=[0.0000,1.0000]
  make_eye_cup R: boundary ring M=89 (of 1 rings), ring relaxed x12, jump avg=0.47mm max=0.87mm
  recalc_face_normals: SKIPPED (v38, geometric only)
  geometric orientation: reversed 247 bowl faces to face -Y, still wrong=0
  UV分配: 9844 loops, avg=(0.5786,0.1021), u=[0.0000,1.0000] v=[0.0000,1.0000]
  Saved: E:\WangZhen_Project\AI\ShuZiRen\Hermes\SZRYanJiu\v3_QuadRemesher_交付\01A眼窝与眼球\models\01_1_eye_socket.blend
  00:02.969  render           | Saved: 'E:\WangZhen_Project\AI\ShuZiRen\Hermes\SZRYanJiu\v3_QuadRemesher_交付\01A眼窝与眼球\screenshots\v39_norm_front.png'
  00:03.375  render           | Saved: 'E:\WangZhen_Project\AI\ShuZiRen\Hermes\SZRYanJiu\v3_QuadRemesher_交付\01A眼窝与眼球\screenshots\v39_norm_sideL.png'
  00:04.219  render           | Saved: 'E:\WangZhen_Project\AI\ShuZiRen\Hermes\SZRYanJiu\v3_QuadRemesher_交付\01A眼窝与眼球\screenshots\v39_tex_front.png'
  00:04.656  render           | Saved: 'E:\WangZhen_Project\AI\ShuZiRen\Hermes\SZRYanJiu\v3_QuadRemesher_交付\01A眼窝与眼球\screenshots\v39_tex_sideL.png'
迭代18完成

--- 迭代 19 ---
  01:27.921  render           | Saved: 'E:\WangZhen_Project\AI\ShuZiRen\Hermes\SZRYanJiu\v3_QuadRemesher_交付\01A眼窝与眼球\screenshots\01_1_eye_socket_front.png'
  01:28.062  render           | Saved: 'E:\WangZhen_Project\AI\ShuZiRen\Hermes\SZRYanJiu\v3_QuadRemesher_交付\01A眼窝与眼球\screenshots\01_1_eye_socket_side.png'
  make_eye_cup L: boundary ring M=90 (of 1 rings), ring relaxed x12, jump avg=0.46mm max=0.79mm
  recalc_face_normals: SKIPPED (v38, geometric only)
  geometric orientation: reversed 1920 bowl faces to face -Y, still wrong=0
  UV分配: 10710 loops, avg=(0.0793,0.0632), u=[0.0000,1.0000] v=[0.0000,1.0000]
  make_eye_cup R: boundary ring M=89 (of 1 rings), ring relaxed x12, jump avg=0.47mm max=0.87mm
  recalc_face_normals: SKIPPED (v38, geometric only)
  geometric orientation: reversed 247 bowl faces to face -Y, still wrong=0
  UV分配: 9844 loops, avg=(0.5786,0.1021), u=[0.0000,1.0000] v=[0.0000,1.0000]
  Saved: E:\WangZhen_Project\AI\ShuZiRen\Hermes\SZRYanJiu\v3_QuadRemesher_交付\01A眼窝与眼球\models\01_1_eye_socket.blend
  00:02.984  render           | Saved: 'E:\WangZhen_Project\AI\ShuZiRen\Hermes\SZRYanJiu\v3_QuadRemesher_交付\01A眼窝与眼球\screenshots\v39_norm_front.png'
  00:03.390  render           | Saved: 'E:\WangZhen_Project\AI\ShuZiRen\Hermes\SZRYanJiu\v3_QuadRemesher_交付\01A眼窝与眼球\screenshots\v39_norm_sideL.png'
  00:04.250  render           | Saved: 'E:\WangZhen_Project\AI\ShuZiRen\Hermes\SZRYanJiu\v3_QuadRemesher_交付\01A眼窝与眼球\screenshots\v39_tex_front.png'
  00:04.672  render           | Saved: 'E:\WangZhen_Project\AI\ShuZiRen\Hermes\SZRYanJiu\v3_QuadRemesher_交付\01A眼窝与眼球\screenshots\v39_tex_sideL.png'
迭代19完成

--- 迭代 20 ---
  01:28.188  render           | Saved: 'E:\WangZhen_Project\AI\ShuZiRen\Hermes\SZRYanJiu\v3_QuadRemesher_交付\01A眼窝与眼球\screenshots\01_1_eye_socket_front.png'
  01:28.313  render           | Saved: 'E:\WangZhen_Project\AI\ShuZiRen\Hermes\SZRYanJiu\v3_QuadRemesher_交付\01A眼窝与眼球\screenshots\01_1_eye_socket_side.png'
  make_eye_cup L: boundary ring M=90 (of 1 rings), ring relaxed x12, jump avg=0.46mm max=0.79mm
  recalc_face_normals: SKIPPED (v38, geometric only)
  geometric orientation: reversed 1920 bowl faces to face -Y, still wrong=0
  UV分配: 10710 loops, avg=(0.0793,0.0632), u=[0.0000,1.0000] v=[0.0000,1.0000]
  make_eye_cup R: boundary ring M=89 (of 1 rings), ring relaxed x12, jump avg=0.47mm max=0.87mm
  recalc_face_normals: SKIPPED (v38, geometric only)
  geometric orientation: reversed 247 bowl faces to face -Y, still wrong=0
  UV分配: 9844 loops, avg=(0.5786,0.1021), u=[0.0000,1.0000] v=[0.0000,1.0000]
  Saved: E:\WangZhen_Project\AI\ShuZiRen\Hermes\SZRYanJiu\v3_QuadRemesher_交付\01A眼窝与眼球\models\01_1_eye_socket.blend
  00:03.000  render           | Saved: 'E:\WangZhen_Project\AI\ShuZiRen\Hermes\SZRYanJiu\v3_QuadRemesher_交付\01A眼窝与眼球\screenshots\v39_norm_front.png'
  00:03.406  render           | Saved: 'E:\WangZhen_Project\AI\ShuZiRen\Hermes\SZRYanJiu\v3_QuadRemesher_交付\01A眼窝与眼球\screenshots\v39_norm_sideL.png'
  00:04.250  render           | Saved: 'E:\WangZhen_Project\AI\ShuZiRen\Hermes\SZRYanJiu\v3_QuadRemesher_交付\01A眼窝与眼球\screenshots\v39_tex_front.png'
  00:04.687  render           | Saved: 'E:\WangZhen_Project\AI\ShuZiRen\Hermes\SZRYanJiu\v3_QuadRemesher_交付\01A眼窝与眼球\screenshots\v39_tex_sideL.png'
迭代20完成

--- 迭代 21 ---
  01:28.187  render           | Saved: 'E:\WangZhen_Project\AI\ShuZiRen\Hermes\SZRYanJiu\v3_QuadRemesher_交付\01A眼窝与眼球\screenshots\01_1_eye_socket_front.png'
  01:28.312  render           | Saved: 'E:\WangZhen_Project\AI\ShuZiRen\Hermes\SZRYanJiu\v3_QuadRemesher_交付\01A眼窝与眼球\screenshots\01_1_eye_socket_side.png'
  make_eye_cup L: boundary ring M=90 (of 1 rings), ring relaxed x12, jump avg=0.46mm max=0.79mm
  recalc_face_normals: SKIPPED (v38, geometric only)
  geometric orientation: reversed 1920 bowl faces to face -Y, still wrong=0
  UV分配: 10710 loops, avg=(0.0793,0.0632), u=[0.0000,1.0000] v=[0.0000,1.0000]
  make_eye_cup R: boundary ring M=89 (of 1 rings), ring relaxed x12, jump avg=0.47mm max=0.87mm
  recalc_face_normals: SKIPPED (v38, geometric only)
  geometric orientation: reversed 247 bowl faces to face -Y, still wrong=0
  UV分配: 9844 loops, avg=(0.5786,0.1021), u=[0.0000,1.0000] v=[0.0000,1.0000]
  Saved: E:\WangZhen_Project\AI\ShuZiRen\Hermes\SZRYanJiu\v3_QuadRemesher_交付\01A眼窝与眼球\models\01_1_eye_socket.blend
  00:03.000  render           | Saved: 'E:\WangZhen_Project\AI\ShuZiRen\Hermes\SZRYanJiu\v3_QuadRemesher_交付\01A眼窝与眼球\screenshots\v39_norm_front.png'
  00:03.391  render           | Saved: 'E:\WangZhen_Project\AI\ShuZiRen\Hermes\SZRYanJiu\v3_QuadRemesher_交付\01A眼窝与眼球\screenshots\v39_norm_sideL.png'
  00:04.235  render           | Saved: 'E:\WangZhen_Project\AI\ShuZiRen\Hermes\SZRYanJiu\v3_QuadRemesher_交付\01A眼窝与眼球\screenshots\v39_tex_front.png'
  00:04.672  render           | Saved: 'E:\WangZhen_Project\AI\ShuZiRen\Hermes\SZRYanJiu\v3_QuadRemesher_交付\01A眼窝与眼球\screenshots\v39_tex_sideL.png'
迭代21完成

--- 迭代 22 ---
  01:28.062  render           | Saved: 'E:\WangZhen_Project\AI\ShuZiRen\Hermes\SZRYanJiu\v3_QuadRemesher_交付\01A眼窝与眼球\screenshots\01_1_eye_socket_front.png'
  01:28.203  render           | Saved: 'E:\WangZhen_Project\AI\ShuZiRen\Hermes\SZRYanJiu\v3_QuadRemesher_交付\01A眼窝与眼球\screenshots\01_1_eye_socket_side.png'
  make_eye_cup L: boundary ring M=90 (of 1 rings), ring relaxed x12, jump avg=0.46mm max=0.79mm
  recalc_face_normals: SKIPPED (v38, geometric only)
  geometric orientation: reversed 1920 bowl faces to face -Y, still wrong=0
  UV分配: 10710 loops, avg=(0.0793,0.0632), u=[0.0000,1.0000] v=[0.0000,1.0000]
  make_eye_cup R: boundary ring M=89 (of 1 rings), ring relaxed x12, jump avg=0.47mm max=0.87mm
  recalc_face_normals: SKIPPED (v38, geometric only)
  geometric orientation: reversed 247 bowl faces to face -Y, still wrong=0
  UV分配: 9844 loops, avg=(0.5786,0.1021), u=[0.0000,1.0000] v=[0.0000,1.0000]
  Saved: E:\WangZhen_Project\AI\ShuZiRen\Hermes\SZRYanJiu\v3_QuadRemesher_交付\01A眼窝与眼球\models\01_1_eye_socket.blend
  00:03.032  render           | Saved: 'E:\WangZhen_Project\AI\ShuZiRen\Hermes\SZRYanJiu\v3_QuadRemesher_交付\01A眼窝与眼球\screenshots\v39_norm_front.png'
  00:03.438  render           | Saved: 'E:\WangZhen_Project\AI\ShuZiRen\Hermes\SZRYanJiu\v3_QuadRemesher_交付\01A眼窝与眼球\screenshots\v39_norm_sideL.png'
  00:04.282  render           | Saved: 'E:\WangZhen_Project\AI\ShuZiRen\Hermes\SZRYanJiu\v3_QuadRemesher_交付\01A眼窝与眼球\screenshots\v39_tex_front.png'
  00:04.704  render           | Saved: 'E:\WangZhen_Project\AI\ShuZiRen\Hermes\SZRYanJiu\v3_QuadRemesher_交付\01A眼窝与眼球\screenshots\v39_tex_sideL.png'
迭代22完成

--- 迭代 23 ---
  01:27.953  render           | Saved: 'E:\WangZhen_Project\AI\ShuZiRen\Hermes\SZRYanJiu\v3_QuadRemesher_交付\01A眼窝与眼球\screenshots\01_1_eye_socket_front.png'
  01:28.078  render           | Saved: 'E:\WangZhen_Project\AI\ShuZiRen\Hermes\SZRYanJiu\v3_QuadRemesher_交付\01A眼窝与眼球\screenshots\01_1_eye_socket_side.png'
  make_eye_cup L: boundary ring M=90 (of 1 rings), ring relaxed x12, jump avg=0.46mm max=0.79mm
  recalc_face_normals: SKIPPED (v38, geometric only)
  geometric orientation: reversed 1920 bowl faces to face -Y, still wrong=0
  UV分配: 10710 loops, avg=(0.0793,0.0632), u=[0.0000,1.0000] v=[0.0000,1.0000]
  make_eye_cup R: boundary ring M=89 (of 1 rings), ring relaxed x12, jump avg=0.47mm max=0.87mm
  recalc_face_normals: SKIPPED (v38, geometric only)
  geometric orientation: reversed 247 bowl faces to face -Y, still wrong=0
  UV分配: 9844 loops, avg=(0.5786,0.1021), u=[0.0000,1.0000] v=[0.0000,1.0000]
  Saved: E:\WangZhen_Project\AI\ShuZiRen\Hermes\SZRYanJiu\v3_QuadRemesher_交付\01A眼窝与眼球\models\01_1_eye_socket.blend
  00:02.968  render           | Saved: 'E:\WangZhen_Project\AI\ShuZiRen\Hermes\SZRYanJiu\v3_QuadRemesher_交付\01A眼窝与眼球\screenshots\v39_norm_front.png'
  00:03.375  render           | Saved: 'E:\WangZhen_Project\AI\ShuZiRen\Hermes\SZRYanJiu\v3_QuadRemesher_交付\01A眼窝与眼球\screenshots\v39_norm_sideL.png'
  00:04.218  render           | Saved: 'E:\WangZhen_Project\AI\ShuZiRen\Hermes\SZRYanJiu\v3_QuadRemesher_交付\01A眼窝与眼球\screenshots\v39_tex_front.png'
  00:04.640  render           | Saved: 'E:\WangZhen_Project\AI\ShuZiRen\Hermes\SZRYanJiu\v3_QuadRemesher_交付\01A眼窝与眼球\screenshots\v39_tex_sideL.png'
迭代23完成

--- 迭代 24 ---
  01:28.359  render           | Saved: 'E:\WangZhen_Project\AI\ShuZiRen\Hermes\SZRYanJiu\v3_QuadRemesher_交付\01A眼窝与眼球\screenshots\01_1_eye_socket_front.png'
  01:28.484  render           | Saved: 'E:\WangZhen_Project\AI\ShuZiRen\Hermes\SZRYanJiu\v3_QuadRemesher_交付\01A眼窝与眼球\screenshots\01_1_eye_socket_side.png'
  make_eye_cup L: boundary ring M=90 (of 1 rings), ring relaxed x12, jump avg=0.46mm max=0.79mm
  recalc_face_normals: SKIPPED (v38, geometric only)
  geometric orientation: reversed 1920 bowl faces to face -Y, still wrong=0
  UV分配: 10710 loops, avg=(0.0793,0.0632), u=[0.0000,1.0000] v=[0.0000,1.0000]
  make_eye_cup R: boundary ring M=89 (of 1 rings), ring relaxed x12, jump avg=0.47mm max=0.87mm
  recalc_face_normals: SKIPPED (v38, geometric only)
  geometric orientation: reversed 247 bowl faces to face -Y, still wrong=0
  UV分配: 9844 loops, avg=(0.5786,0.1021), u=[0.0000,1.0000] v=[0.0000,1.0000]
  Saved: E:\WangZhen_Project\AI\ShuZiRen\Hermes\SZRYanJiu\v3_QuadRemesher_交付\01A眼窝与眼球\models\01_1_eye_socket.blend
  00:02.984  render           | Saved: 'E:\WangZhen_Project\AI\ShuZiRen\Hermes\SZRYanJiu\v3_QuadRemesher_交付\01A眼窝与眼球\screenshots\v39_norm_front.png'
  00:03.375  render           | Saved: 'E:\WangZhen_Project\AI\ShuZiRen\Hermes\SZRYanJiu\v3_QuadRemesher_交付\01A眼窝与眼球\screenshots\v39_norm_sideL.png'
  00:04.266  render           | Saved: 'E:\WangZhen_Project\AI\ShuZiRen\Hermes\SZRYanJiu\v3_QuadRemesher_交付\01A眼窝与眼球\screenshots\v39_tex_front.png'
  00:04.687  render           | Saved: 'E:\WangZhen_Project\AI\ShuZiRen\Hermes\SZRYanJiu\v3_QuadRemesher_交付\01A眼窝与眼球\screenshots\v39_tex_sideL.png'
迭代24完成

--- 迭代 25 ---
  01:28.312  render           | Saved: 'E:\WangZhen_Project\AI\ShuZiRen\Hermes\SZRYanJiu\v3_QuadRemesher_交付\01A眼窝与眼球\screenshots\01_1_eye_socket_front.png'
  01:28.453  render           | Saved: 'E:\WangZhen_Project\AI\ShuZiRen\Hermes\SZRYanJiu\v3_QuadRemesher_交付\01A眼窝与眼球\screenshots\01_1_eye_socket_side.png'
  make_eye_cup L: boundary ring M=90 (of 1 rings), ring relaxed x12, jump avg=0.46mm max=0.79mm
  recalc_face_normals: SKIPPED (v38, geometric only)
  geometric orientation: reversed 1920 bowl faces to face -Y, still wrong=0
  UV分配: 10710 loops, avg=(0.0793,0.0632), u=[0.0000,1.0000] v=[0.0000,1.0000]
  make_eye_cup R: boundary ring M=89 (of 1 rings), ring relaxed x12, jump avg=0.47mm max=0.87mm
  recalc_face_normals: SKIPPED (v38, geometric only)
  geometric orientation: reversed 247 bowl faces to face -Y, still wrong=0
  UV分配: 9844 loops, avg=(0.5786,0.1021), u=[0.0000,1.0000] v=[0.0000,1.0000]
  Saved: E:\WangZhen_Project\AI\ShuZiRen\Hermes\SZRYanJiu\v3_QuadRemesher_交付\01A眼窝与眼球\models\01_1_eye_socket.blend
  00:02.984  render           | Saved: 'E:\WangZhen_Project\AI\ShuZiRen\Hermes\SZRYanJiu\v3_QuadRemesher_交付\01A眼窝与眼球\screenshots\v39_norm_front.png'
  00:03.375  render           | Saved: 'E:\WangZhen_Project\AI\ShuZiRen\Hermes\SZRYanJiu\v3_QuadRemesher_交付\01A眼窝与眼球\screenshots\v39_norm_sideL.png'
  00:04.234  render           | Saved: 'E:\WangZhen_Project\AI\ShuZiRen\Hermes\SZRYanJiu\v3_QuadRemesher_交付\01A眼窝与眼球\screenshots\v39_tex_front.png'
  00:04.656  render           | Saved: 'E:\WangZhen_Project\AI\ShuZiRen\Hermes\SZRYanJiu\v3_QuadRemesher_交付\01A眼窝与眼球\screenshots\v39_tex_sideL.png'
迭代25完成

--- 迭代 26 ---
  01:28.188  render           | Saved: 'E:\WangZhen_Project\AI\ShuZiRen\Hermes\SZRYanJiu\v3_QuadRemesher_交付\01A眼窝与眼球\screenshots\01_1_eye_socket_front.png'
  01:28.313  render           | Saved: 'E:\WangZhen_Project\AI\ShuZiRen\Hermes\SZRYanJiu\v3_QuadRemesher_交付\01A眼窝与眼球\screenshots\01_1_eye_socket_side.png'
  make_eye_cup L: boundary ring M=90 (of 1 rings), ring relaxed x12, jump avg=0.46mm max=0.79mm
  recalc_face_normals: SKIPPED (v38, geometric only)
  geometric orientation: reversed 1920 bowl faces to face -Y, still wrong=0
  UV分配: 10710 loops, avg=(0.0793,0.0632), u=[0.0000,1.0000] v=[0.0000,1.0000]
  make_eye_cup R: boundary ring M=89 (of 1 rings), ring relaxed x12, jump avg=0.47mm max=0.87mm
  recalc_face_normals: SKIPPED (v38, geometric only)
  geometric orientation: reversed 247 bowl faces to face -Y, still wrong=0
  UV分配: 9844 loops, avg=(0.5786,0.1021), u=[0.0000,1.0000] v=[0.0000,1.0000]
  Saved: E:\WangZhen_Project\AI\ShuZiRen\Hermes\SZRYanJiu\v3_QuadRemesher_交付\01A眼窝与眼球\models\01_1_eye_socket.blend
  00:03.031  render           | Saved: 'E:\WangZhen_Project\AI\ShuZiRen\Hermes\SZRYanJiu\v3_QuadRemesher_交付\01A眼窝与眼球\screenshots\v39_norm_front.png'
  00:03.437  render           | Saved: 'E:\WangZhen_Project\AI\ShuZiRen\Hermes\SZRYanJiu\v3_QuadRemesher_交付\01A眼窝与眼球\screenshots\v39_norm_sideL.png'
  00:04.281  render           | Saved: 'E:\WangZhen_Project\AI\ShuZiRen\Hermes\SZRYanJiu\v3_QuadRemesher_交付\01A眼窝与眼球\screenshots\v39_tex_front.png'
  00:04.703  render           | Saved: 'E:\WangZhen_Project\AI\ShuZiRen\Hermes\SZRYanJiu\v3_QuadRemesher_交付\01A眼窝与眼球\screenshots\v39_tex_sideL.png'
迭代26完成

--- 迭代 27 ---
  01:27.828  render           | Saved: 'E:\WangZhen_Project\AI\ShuZiRen\Hermes\SZRYanJiu\v3_QuadRemesher_交付\01A眼窝与眼球\screenshots\01_1_eye_socket_front.png'
  01:27.953  render           | Saved: 'E:\WangZhen_Project\AI\ShuZiRen\Hermes\SZRYanJiu\v3_QuadRemesher_交付\01A眼窝与眼球\screenshots\01_1_eye_socket_side.png'
  make_eye_cup L: boundary ring M=90 (of 1 rings), ring relaxed x12, jump avg=0.46mm max=0.79mm
  recalc_face_normals: SKIPPED (v38, geometric only)
  geometric orientation: reversed 1920 bowl faces to face -Y, still wrong=0
  UV分配: 10710 loops, avg=(0.0793,0.0632), u=[0.0000,1.0000] v=[0.0000,1.0000]
  make_eye_cup R: boundary ring M=89 (of 1 rings), ring relaxed x12, jump avg=0.47mm max=0.87mm
  recalc_face_normals: SKIPPED (v38, geometric only)
  geometric orientation: reversed 247 bowl faces to face -Y, still wrong=0
  UV分配: 9844 loops, avg=(0.5786,0.1021), u=[0.0000,1.0000] v=[0.0000,1.0000]
  Saved: E:\WangZhen_Project\AI\ShuZiRen\Hermes\SZRYanJiu\v3_QuadRemesher_交付\01A眼窝与眼球\models\01_1_eye_socket.blend
  00:03.125  render           | Saved: 'E:\WangZhen_Project\AI\ShuZiRen\Hermes\SZRYanJiu\v3_QuadRemesher_交付\01A眼窝与眼球\screenshots\v39_norm_front.png'
  00:03.516  render           | Saved: 'E:\WangZhen_Project\AI\ShuZiRen\Hermes\SZRYanJiu\v3_QuadRemesher_交付\01A眼窝与眼球\screenshots\v39_norm_sideL.png'
  00:04.375  render           | Saved: 'E:\WangZhen_Project\AI\ShuZiRen\Hermes\SZRYanJiu\v3_QuadRemesher_交付\01A眼窝与眼球\screenshots\v39_tex_front.png'
  00:04.797  render           | Saved: 'E:\WangZhen_Project\AI\ShuZiRen\Hermes\SZRYanJiu\v3_QuadRemesher_交付\01A眼窝与眼球\screenshots\v39_tex_sideL.png'
迭代27完成

--- 迭代 28 ---
  01:27.813  render           | Saved: 'E:\WangZhen_Project\AI\ShuZiRen\Hermes\SZRYanJiu\v3_QuadRemesher_交付\01A眼窝与眼球\screenshots\01_1_eye_socket_front.png'
  01:27.938  render           | Saved: 'E:\WangZhen_Project\AI\ShuZiRen\Hermes\SZRYanJiu\v3_QuadRemesher_交付\01A眼窝与眼球\screenshots\01_1_eye_socket_side.png'
  make_eye_cup L: boundary ring M=90 (of 1 rings), ring relaxed x12, jump avg=0.46mm max=0.79mm
  recalc_face_normals: SKIPPED (v38, geometric only)
  geometric orientation: reversed 1920 bowl faces to face -Y, still wrong=0
  UV分配: 10710 loops, avg=(0.0793,0.0632), u=[0.0000,1.0000] v=[0.0000,1.0000]
  make_eye_cup R: boundary ring M=89 (of 1 rings), ring relaxed x12, jump avg=0.47mm max=0.87mm
  recalc_face_normals: SKIPPED (v38, geometric only)
  geometric orientation: reversed 247 bowl faces to face -Y, still wrong=0
  UV分配: 9844 loops, avg=(0.5786,0.1021), u=[0.0000,1.0000] v=[0.0000,1.0000]
  Saved: E:\WangZhen_Project\AI\ShuZiRen\Hermes\SZRYanJiu\v3_QuadRemesher_交付\01A眼窝与眼球\models\01_1_eye_socket.blend
  00:03.000  render           | Saved: 'E:\WangZhen_Project\AI\ShuZiRen\Hermes\SZRYanJiu\v3_QuadRemesher_交付\01A眼窝与眼球\screenshots\v39_norm_front.png'
  00:03.406  render           | Saved: 'E:\WangZhen_Project\AI\ShuZiRen\Hermes\SZRYanJiu\v3_QuadRemesher_交付\01A眼窝与眼球\screenshots\v39_norm_sideL.png'
  00:04.265  render           | Saved: 'E:\WangZhen_Project\AI\ShuZiRen\Hermes\SZRYanJiu\v3_QuadRemesher_交付\01A眼窝与眼球\screenshots\v39_tex_front.png'
  00:04.719  render           | Saved: 'E:\WangZhen_Project\AI\ShuZiRen\Hermes\SZRYanJiu\v3_QuadRemesher_交付\01A眼窝与眼球\screenshots\v39_tex_sideL.png'
迭代28完成

--- 迭代 29 ---
  01:28.281  render           | Saved: 'E:\WangZhen_Project\AI\ShuZiRen\Hermes\SZRYanJiu\v3_QuadRemesher_交付\01A眼窝与眼球\screenshots\01_1_eye_socket_front.png'
  01:28.422  render           | Saved: 'E:\WangZhen_Project\AI\ShuZiRen\Hermes\SZRYanJiu\v3_QuadRemesher_交付\01A眼窝与眼球\screenshots\01_1_eye_socket_side.png'
  make_eye_cup L: boundary ring M=90 (of 1 rings), ring relaxed x12, jump avg=0.46mm max=0.79mm
  recalc_face_normals: SKIPPED (v38, geometric only)
  geometric orientation: reversed 1920 bowl faces to face -Y, still wrong=0
  UV分配: 10710 loops, avg=(0.0793,0.0632), u=[0.0000,1.0000] v=[0.0000,1.0000]
  make_eye_cup R: boundary ring M=89 (of 1 rings), ring relaxed x12, jump avg=0.47mm max=0.87mm
  recalc_face_normals: SKIPPED (v38, geometric only)
  geometric orientation: reversed 247 bowl faces to face -Y, still wrong=0
  UV分配: 9844 loops, avg=(0.5786,0.1021), u=[0.0000,1.0000] v=[0.0000,1.0000]
  Saved: E:\WangZhen_Project\AI\ShuZiRen\Hermes\SZRYanJiu\v3_QuadRemesher_交付\01A眼窝与眼球\models\01_1_eye_socket.blend
  00:03.031  render           | Saved: 'E:\WangZhen_Project\AI\ShuZiRen\Hermes\SZRYanJiu\v3_QuadRemesher_交付\01A眼窝与眼球\screenshots\v39_norm_front.png'
  00:03.422  render           | Saved: 'E:\WangZhen_Project\AI\ShuZiRen\Hermes\SZRYanJiu\v3_QuadRemesher_交付\01A眼窝与眼球\screenshots\v39_norm_sideL.png'
  00:04.281  render           | Saved: 'E:\WangZhen_Project\AI\ShuZiRen\Hermes\SZRYanJiu\v3_QuadRemesher_交付\01A眼窝与眼球\screenshots\v39_tex_front.png'
  00:04.719  render           | Saved: 'E:\WangZhen_Project\AI\ShuZiRen\Hermes\SZRYanJiu\v3_QuadRemesher_交付\01A眼窝与眼球\screenshots\v39_tex_sideL.png'
迭代29完成

--- 迭代 30 ---
  01:28.531  render           | Saved: 'E:\WangZhen_Project\AI\ShuZiRen\Hermes\SZRYanJiu\v3_QuadRemesher_交付\01A眼窝与眼球\screenshots\01_1_eye_socket_front.png'
  01:28.672  render           | Saved: 'E:\WangZhen_Project\AI\ShuZiRen\Hermes\SZRYanJiu\v3_QuadRemesher_交付\01A眼窝与眼球\screenshots\01_1_eye_socket_side.png'
  make_eye_cup L: boundary ring M=90 (of 1 rings), ring relaxed x12, jump avg=0.46mm max=0.79mm
  recalc_face_normals: SKIPPED (v38, geometric only)
  geometric orientation: reversed 1920 bowl faces to face -Y, still wrong=0
  UV分配: 10710 loops, avg=(0.0793,0.0632), u=[0.0000,1.0000] v=[0.0000,1.0000]
  make_eye_cup R: boundary ring M=89 (of 1 rings), ring relaxed x12, jump avg=0.47mm max=0.87mm
  recalc_face_normals: SKIPPED (v38, geometric only)
  geometric orientation: reversed 247 bowl faces to face -Y, still wrong=0
  UV分配: 9844 loops, avg=(0.5786,0.1021), u=[0.0000,1.0000] v=[0.0000,1.0000]
  Saved: E:\WangZhen_Project\AI\ShuZiRen\Hermes\SZRYanJiu\v3_QuadRemesher_交付\01A眼窝与眼球\models\01_1_eye_socket.blend
  00:03.000  render           | Saved: 'E:\WangZhen_Project\AI\ShuZiRen\Hermes\SZRYanJiu\v3_QuadRemesher_交付\01A眼窝与眼球\screenshots\v39_norm_front.png'
  00:03.391  render           | Saved: 'E:\WangZhen_Project\AI\ShuZiRen\Hermes\SZRYanJiu\v3_QuadRemesher_交付\01A眼窝与眼球\screenshots\v39_norm_sideL.png'
  00:04.250  render           | Saved: 'E:\WangZhen_Project\AI\ShuZiRen\Hermes\SZRYanJiu\v3_QuadRemesher_交付\01A眼窝与眼球\screenshots\v39_tex_front.png'
  00:04.657  render           | Saved: 'E:\WangZhen_Project\AI\ShuZiRen\Hermes\SZRYanJiu\v3_QuadRemesher_交付\01A眼窝与眼球\screenshots\v39_tex_sideL.png'
迭代30完成

--- 迭代 31 ---
  01:27.938  render           | Saved: 'E:\WangZhen_Project\AI\ShuZiRen\Hermes\SZRYanJiu\v3_QuadRemesher_交付\01A眼窝与眼球\screenshots\01_1_eye_socket_front.png'
  01:28.079  render           | Saved: 'E:\WangZhen_Project\AI\ShuZiRen\Hermes\SZRYanJiu\v3_QuadRemesher_交付\01A眼窝与眼球\screenshots\01_1_eye_socket_side.png'
  make_eye_cup L: boundary ring M=90 (of 1 rings), ring relaxed x12, jump avg=0.46mm max=0.79mm
  recalc_face_normals: SKIPPED (v38, geometric only)
  geometric orientation: reversed 1920 bowl faces to face -Y, still wrong=0
  UV分配: 10710 loops, avg=(0.0793,0.0632), u=[0.0000,1.0000] v=[0.0000,1.0000]
  make_eye_cup R: boundary ring M=89 (of 1 rings), ring relaxed x12, jump avg=0.47mm max=0.87mm
  recalc_face_normals: SKIPPED (v38, geometric only)
  geometric orientation: reversed 247 bowl faces to face -Y, still wrong=0
  UV分配: 9844 loops, avg=(0.5786,0.1021), u=[0.0000,1.0000] v=[0.0000,1.0000]
  Saved: E:\WangZhen_Project\AI\ShuZiRen\Hermes\SZRYanJiu\v3_QuadRemesher_交付\01A眼窝与眼球\models\01_1_eye_socket.blend
  00:02.984  render           | Saved: 'E:\WangZhen_Project\AI\ShuZiRen\Hermes\SZRYanJiu\v3_QuadRemesher_交付\01A眼窝与眼球\screenshots\v39_norm_front.png'
  00:03.390  render           | Saved: 'E:\WangZhen_Project\AI\ShuZiRen\Hermes\SZRYanJiu\v3_QuadRemesher_交付\01A眼窝与眼球\screenshots\v39_norm_sideL.png'
  00:04.250  render           | Saved: 'E:\WangZhen_Project\AI\ShuZiRen\Hermes\SZRYanJiu\v3_QuadRemesher_交付\01A眼窝与眼球\screenshots\v39_tex_front.png'
  00:04.672  render           | Saved: 'E:\WangZhen_Project\AI\ShuZiRen\Hermes\SZRYanJiu\v3_QuadRemesher_交付\01A眼窝与眼球\screenshots\v39_tex_sideL.png'
迭代31完成

--- 迭代 32 ---
  01:27.985  render           | Saved: 'E:\WangZhen_Project\AI\ShuZiRen\Hermes\SZRYanJiu\v3_QuadRemesher_交付\01A眼窝与眼球\screenshots\01_1_eye_socket_front.png'
  01:28.110  render           | Saved: 'E:\WangZhen_Project\AI\ShuZiRen\Hermes\SZRYanJiu\v3_QuadRemesher_交付\01A眼窝与眼球\screenshots\01_1_eye_socket_side.png'
  make_eye_cup L: boundary ring M=90 (of 1 rings), ring relaxed x12, jump avg=0.46mm max=0.79mm
  recalc_face_normals: SKIPPED (v38, geometric only)
  geometric orientation: reversed 1920 bowl faces to face -Y, still wrong=0
  UV分配: 10710 loops, avg=(0.0793,0.0632), u=[0.0000,1.0000] v=[0.0000,1.0000]
  make_eye_cup R: boundary ring M=89 (of 1 rings), ring relaxed x12, jump avg=0.47mm max=0.87mm
  recalc_face_normals: SKIPPED (v38, geometric only)
  geometric orientation: reversed 247 bowl faces to face -Y, still wrong=0
  UV分配: 9844 loops, avg=(0.5786,0.1021), u=[0.0000,1.0000] v=[0.0000,1.0000]
  Saved: E:\WangZhen_Project\AI\ShuZiRen\Hermes\SZRYanJiu\v3_QuadRemesher_交付\01A眼窝与眼球\models\01_1_eye_socket.blend
  00:03.000  render           | Saved: 'E:\WangZhen_Project\AI\ShuZiRen\Hermes\SZRYanJiu\v3_QuadRemesher_交付\01A眼窝与眼球\screenshots\v39_norm_front.png'
  00:03.391  render           | Saved: 'E:\WangZhen_Project\AI\ShuZiRen\Hermes\SZRYanJiu\v3_QuadRemesher_交付\01A眼窝与眼球\screenshots\v39_norm_sideL.png'
  00:04.250  render           | Saved: 'E:\WangZhen_Project\AI\ShuZiRen\Hermes\SZRYanJiu\v3_QuadRemesher_交付\01A眼窝与眼球\screenshots\v39_tex_front.png'
  00:04.688  render           | Saved: 'E:\WangZhen_Project\AI\ShuZiRen\Hermes\SZRYanJiu\v3_QuadRemesher_交付\01A眼窝与眼球\screenshots\v39_tex_sideL.png'
迭代32完成

--- 迭代 33 ---
  01:27.781  render           | Saved: 'E:\WangZhen_Project\AI\ShuZiRen\Hermes\SZRYanJiu\v3_QuadRemesher_交付\01A眼窝与眼球\screenshots\01_1_eye_socket_front.png'
  01:27.922  render           | Saved: 'E:\WangZhen_Project\AI\ShuZiRen\Hermes\SZRYanJiu\v3_QuadRemesher_交付\01A眼窝与眼球\screenshots\01_1_eye_socket_side.png'
  make_eye_cup L: boundary ring M=90 (of 1 rings), ring relaxed x12, jump avg=0.46mm max=0.79mm
  recalc_face_normals: SKIPPED (v38, geometric only)
  geometric orientation: reversed 1920 bowl faces to face -Y, still wrong=0
  UV分配: 10710 loops, avg=(0.0793,0.0632), u=[0.0000,1.0000] v=[0.0000,1.0000]
  make_eye_cup R: boundary ring M=89 (of 1 rings), ring relaxed x12, jump avg=0.47mm max=0.87mm
  recalc_face_normals: SKIPPED (v38, geometric only)
  geometric orientation: reversed 247 bowl faces to face -Y, still wrong=0
  UV分配: 9844 loops, avg=(0.5786,0.1021), u=[0.0000,1.0000] v=[0.0000,1.0000]
  Saved: E:\WangZhen_Project\AI\ShuZiRen\Hermes\SZRYanJiu\v3_QuadRemesher_交付\01A眼窝与眼球\models\01_1_eye_socket.blend
  00:02.985  render           | Saved: 'E:\WangZhen_Project\AI\ShuZiRen\Hermes\SZRYanJiu\v3_QuadRemesher_交付\01A眼窝与眼球\screenshots\v39_norm_front.png'
  00:03.391  render           | Saved: 'E:\WangZhen_Project\AI\ShuZiRen\Hermes\SZRYanJiu\v3_QuadRemesher_交付\01A眼窝与眼球\screenshots\v39_norm_sideL.png'
  00:04.250  render           | Saved: 'E:\WangZhen_Project\AI\ShuZiRen\Hermes\SZRYanJiu\v3_QuadRemesher_交付\01A眼窝与眼球\screenshots\v39_tex_front.png'
  00:04.672  render           | Saved: 'E:\WangZhen_Project\AI\ShuZiRen\Hermes\SZRYanJiu\v3_QuadRemesher_交付\01A眼窝与眼球\screenshots\v39_tex_sideL.png'
迭代33完成

--- 迭代 34 ---
  01:28.078  render           | Saved: 'E:\WangZhen_Project\AI\ShuZiRen\Hermes\SZRYanJiu\v3_QuadRemesher_交付\01A眼窝与眼球\screenshots\01_1_eye_socket_front.png'
  01:28.203  render           | Saved: 'E:\WangZhen_Project\AI\ShuZiRen\Hermes\SZRYanJiu\v3_QuadRemesher_交付\01A眼窝与眼球\screenshots\01_1_eye_socket_side.png'
  make_eye_cup L: boundary ring M=90 (of 1 rings), ring relaxed x12, jump avg=0.46mm max=0.79mm
  recalc_face_normals: SKIPPED (v38, geometric only)
  geometric orientation: reversed 1920 bowl faces to face -Y, still wrong=0
  UV分配: 10710 loops, avg=(0.0793,0.0632), u=[0.0000,1.0000] v=[0.0000,1.0000]
  make_eye_cup R: boundary ring M=89 (of 1 rings), ring relaxed x12, jump avg=0.47mm max=0.87mm
  recalc_face_normals: SKIPPED (v38, geometric only)
  geometric orientation: reversed 247 bowl faces to face -Y, still wrong=0
  UV分配: 9844 loops, avg=(0.5786,0.1021), u=[0.0000,1.0000] v=[0.0000,1.0000]
  Saved: E:\WangZhen_Project\AI\ShuZiRen\Hermes\SZRYanJiu\v3_QuadRemesher_交付\01A眼窝与眼球\models\01_1_eye_socket.blend
  00:03.062  render           | Saved: 'E:\WangZhen_Project\AI\ShuZiRen\Hermes\SZRYanJiu\v3_QuadRemesher_交付\01A眼窝与眼球\screenshots\v39_norm_front.png'
  00:03.484  render           | Saved: 'E:\WangZhen_Project\AI\ShuZiRen\Hermes\SZRYanJiu\v3_QuadRemesher_交付\01A眼窝与眼球\screenshots\v39_norm_sideL.png'
  00:04.328  render           | Saved: 'E:\WangZhen_Project\AI\ShuZiRen\Hermes\SZRYanJiu\v3_QuadRemesher_交付\01A眼窝与眼球\screenshots\v39_tex_front.png'
  00:04.750  render           | Saved: 'E:\WangZhen_Project\AI\ShuZiRen\Hermes\SZRYanJiu\v3_QuadRemesher_交付\01A眼窝与眼球\screenshots\v39_tex_sideL.png'
迭代34完成

--- 迭代 35 ---
  01:27.937  render           | Saved: 'E:\WangZhen_Project\AI\ShuZiRen\Hermes\SZRYanJiu\v3_QuadRemesher_交付\01A眼窝与眼球\screenshots\01_1_eye_socket_front.png'
  01:28.062  render           | Saved: 'E:\WangZhen_Project\AI\ShuZiRen\Hermes\SZRYanJiu\v3_QuadRemesher_交付\01A眼窝与眼球\screenshots\01_1_eye_socket_side.png'
  make_eye_cup L: boundary ring M=90 (of 1 rings), ring relaxed x12, jump avg=0.46mm max=0.79mm
  recalc_face_normals: SKIPPED (v38, geometric only)
  geometric orientation: reversed 1920 bowl faces to face -Y, still wrong=0
  UV分配: 10710 loops, avg=(0.0793,0.0632), u=[0.0000,1.0000] v=[0.0000,1.0000]
  make_eye_cup R: boundary ring M=89 (of 1 rings), ring relaxed x12, jump avg=0.47mm max=0.87mm
  recalc_face_normals: SKIPPED (v38, geometric only)
  geometric orientation: reversed 247 bowl faces to face -Y, still wrong=0
  UV分配: 9844 loops, avg=(0.5786,0.1021), u=[0.0000,1.0000] v=[0.0000,1.0000]
  Saved: E:\WangZhen_Project\AI\ShuZiRen\Hermes\SZRYanJiu\v3_QuadRemesher_交付\01A眼窝与眼球\models\01_1_eye_socket.blend
  00:02.984  render           | Saved: 'E:\WangZhen_Project\AI\ShuZiRen\Hermes\SZRYanJiu\v3_QuadRemesher_交付\01A眼窝与眼球\screenshots\v39_norm_front.png'
  00:03.391  render           | Saved: 'E:\WangZhen_Project\AI\ShuZiRen\Hermes\SZRYanJiu\v3_QuadRemesher_交付\01A眼窝与眼球\screenshots\v39_norm_sideL.png'
  00:04.281  render           | Saved: 'E:\WangZhen_Project\AI\ShuZiRen\Hermes\SZRYanJiu\v3_QuadRemesher_交付\01A眼窝与眼球\screenshots\v39_tex_front.png'
  00:04.734  render           | Saved: 'E:\WangZhen_Project\AI\ShuZiRen\Hermes\SZRYanJiu\v3_QuadRemesher_交付\01A眼窝与眼球\screenshots\v39_tex_sideL.png'
迭代35完成

--- 迭代 36 ---
  01:28.219  render           | Saved: 'E:\WangZhen_Project\AI\ShuZiRen\Hermes\SZRYanJiu\v3_QuadRemesher_交付\01A眼窝与眼球\screenshots\01_1_eye_socket_front.png'
  01:28.344  render           | Saved: 'E:\WangZhen_Project\AI\ShuZiRen\Hermes\SZRYanJiu\v3_QuadRemesher_交付\01A眼窝与眼球\screenshots\01_1_eye_socket_side.png'
  make_eye_cup L: boundary ring M=90 (of 1 rings), ring relaxed x12, jump avg=0.46mm max=0.79mm
  recalc_face_normals: SKIPPED (v38, geometric only)
  geometric orientation: reversed 1920 bowl faces to face -Y, still wrong=0
  UV分配: 10710 loops, avg=(0.0793,0.0632), u=[0.0000,1.0000] v=[0.0000,1.0000]
  make_eye_cup R: boundary ring M=89 (of 1 rings), ring relaxed x12, jump avg=0.47mm max=0.87mm
  recalc_face_normals: SKIPPED (v38, geometric only)
  geometric orientation: reversed 247 bowl faces to face -Y, still wrong=0
  UV分配: 9844 loops, avg=(0.5786,0.1021), u=[0.0000,1.0000] v=[0.0000,1.0000]
  Saved: E:\WangZhen_Project\AI\ShuZiRen\Hermes\SZRYanJiu\v3_QuadRemesher_交付\01A眼窝与眼球\models\01_1_eye_socket.blend
  00:02.984  render           | Saved: 'E:\WangZhen_Project\AI\ShuZiRen\Hermes\SZRYanJiu\v3_QuadRemesher_交付\01A眼窝与眼球\screenshots\v39_norm_front.png'
  00:03.375  render           | Saved: 'E:\WangZhen_Project\AI\ShuZiRen\Hermes\SZRYanJiu\v3_QuadRemesher_交付\01A眼窝与眼球\screenshots\v39_norm_sideL.png'
  00:04.234  render           | Saved: 'E:\WangZhen_Project\AI\ShuZiRen\Hermes\SZRYanJiu\v3_QuadRemesher_交付\01A眼窝与眼球\screenshots\v39_tex_front.png'
  00:04.656  render           | Saved: 'E:\WangZhen_Project\AI\ShuZiRen\Hermes\SZRYanJiu\v3_QuadRemesher_交付\01A眼窝与眼球\screenshots\v39_tex_sideL.png'
迭代36完成

--- 迭代 37 ---
  01:27.688  render           | Saved: 'E:\WangZhen_Project\AI\ShuZiRen\Hermes\SZRYanJiu\v3_QuadRemesher_交付\01A眼窝与眼球\screenshots\01_1_eye_socket_front.png'
  01:27.828  render           | Saved: 'E:\WangZhen_Project\AI\ShuZiRen\Hermes\SZRYanJiu\v3_QuadRemesher_交付\01A眼窝与眼球\screenshots\01_1_eye_socket_side.png'
  make_eye_cup L: boundary ring M=90 (of 1 rings), ring relaxed x12, jump avg=0.46mm max=0.79mm
  recalc_face_normals: SKIPPED (v38, geometric only)
  geometric orientation: reversed 1920 bowl faces to face -Y, still wrong=0
  UV分配: 10710 loops, avg=(0.0793,0.0632), u=[0.0000,1.0000] v=[0.0000,1.0000]
  make_eye_cup R: boundary ring M=89 (of 1 rings), ring relaxed x12, jump avg=0.47mm max=0.87mm
  recalc_face_normals: SKIPPED (v38, geometric only)
  geometric orientation: reversed 247 bowl faces to face -Y, still wrong=0
  UV分配: 9844 loops, avg=(0.5786,0.1021), u=[0.0000,1.0000] v=[0.0000,1.0000]
  Saved: E:\WangZhen_Project\AI\ShuZiRen\Hermes\SZRYanJiu\v3_QuadRemesher_交付\01A眼窝与眼球\models\01_1_eye_socket.blend
  00:03.000  render           | Saved: 'E:\WangZhen_Project\AI\ShuZiRen\Hermes\SZRYanJiu\v3_QuadRemesher_交付\01A眼窝与眼球\screenshots\v39_norm_front.png'
  00:03.407  render           | Saved: 'E:\WangZhen_Project\AI\ShuZiRen\Hermes\SZRYanJiu\v3_QuadRemesher_交付\01A眼窝与眼球\screenshots\v39_norm_sideL.png'
  00:04.266  render           | Saved: 'E:\WangZhen_Project\AI\ShuZiRen\Hermes\SZRYanJiu\v3_QuadRemesher_交付\01A眼窝与眼球\screenshots\v39_tex_front.png'
  00:04.688  render           | Saved: 'E:\WangZhen_Project\AI\ShuZiRen\Hermes\SZRYanJiu\v3_QuadRemesher_交付\01A眼窝与眼球\screenshots\v39_tex_sideL.png'
迭代37完成

--- 迭代 38 ---
  01:27.578  render           | Saved: 'E:\WangZhen_Project\AI\ShuZiRen\Hermes\SZRYanJiu\v3_QuadRemesher_交付\01A眼窝与眼球\screenshots\01_1_eye_socket_front.png'
  01:27.719  render           | Saved: 'E:\WangZhen_Project\AI\ShuZiRen\Hermes\SZRYanJiu\v3_QuadRemesher_交付\01A眼窝与眼球\screenshots\01_1_eye_socket_side.png'
  make_eye_cup L: boundary ring M=90 (of 1 rings), ring relaxed x12, jump avg=0.46mm max=0.79mm
  recalc_face_normals: SKIPPED (v38, geometric only)
  geometric orientation: reversed 1920 bowl faces to face -Y, still wrong=0
  UV分配: 10710 loops, avg=(0.0793,0.0632), u=[0.0000,1.0000] v=[0.0000,1.0000]
  make_eye_cup R: boundary ring M=89 (of 1 rings), ring relaxed x12, jump avg=0.47mm max=0.87mm
  recalc_face_normals: SKIPPED (v38, geometric only)
  geometric orientation: reversed 247 bowl faces to face -Y, still wrong=0
  UV分配: 9844 loops, avg=(0.5786,0.1021), u=[0.0000,1.0000] v=[0.0000,1.0000]
  Saved: E:\WangZhen_Project\AI\ShuZiRen\Hermes\SZRYanJiu\v3_QuadRemesher_交付\01A眼窝与眼球\models\01_1_eye_socket.blend
  00:03.000  render           | Saved: 'E:\WangZhen_Project\AI\ShuZiRen\Hermes\SZRYanJiu\v3_QuadRemesher_交付\01A眼窝与眼球\screenshots\v39_norm_front.png'
  00:03.390  render           | Saved: 'E:\WangZhen_Project\AI\ShuZiRen\Hermes\SZRYanJiu\v3_QuadRemesher_交付\01A眼窝与眼球\screenshots\v39_norm_sideL.png'
  00:04.250  render           | Saved: 'E:\WangZhen_Project\AI\ShuZiRen\Hermes\SZRYanJiu\v3_QuadRemesher_交付\01A眼窝与眼球\screenshots\v39_tex_front.png'
  00:04.672  render           | Saved: 'E:\WangZhen_Project\AI\ShuZiRen\Hermes\SZRYanJiu\v3_QuadRemesher_交付\01A眼窝与眼球\screenshots\v39_tex_sideL.png'
迭代38完成

--- 迭代 39 ---
  01:28.000  render           | Saved: 'E:\WangZhen_Project\AI\ShuZiRen\Hermes\SZRYanJiu\v3_QuadRemesher_交付\01A眼窝与眼球\screenshots\01_1_eye_socket_front.png'
  01:28.141  render           | Saved: 'E:\WangZhen_Project\AI\ShuZiRen\Hermes\SZRYanJiu\v3_QuadRemesher_交付\01A眼窝与眼球\screenshots\01_1_eye_socket_side.png'
  make_eye_cup L: boundary ring M=90 (of 1 rings), ring relaxed x12, jump avg=0.46mm max=0.79mm
  recalc_face_normals: SKIPPED (v38, geometric only)
  geometric orientation: reversed 1920 bowl faces to face -Y, still wrong=0
  UV分配: 10710 loops, avg=(0.0793,0.0632), u=[0.0000,1.0000] v=[0.0000,1.0000]
  make_eye_cup R: boundary ring M=89 (of 1 rings), ring relaxed x12, jump avg=0.47mm max=0.87mm
  recalc_face_normals: SKIPPED (v38, geometric only)
  geometric orientation: reversed 247 bowl faces to face -Y, still wrong=0
  UV分配: 9844 loops, avg=(0.5786,0.1021), u=[0.0000,1.0000] v=[0.0000,1.0000]
  Saved: E:\WangZhen_Project\AI\ShuZiRen\Hermes\SZRYanJiu\v3_QuadRemesher_交付\01A眼窝与眼球\models\01_1_eye_socket.blend
  00:03.000  render           | Saved: 'E:\WangZhen_Project\AI\ShuZiRen\Hermes\SZRYanJiu\v3_QuadRemesher_交付\01A眼窝与眼球\screenshots\v39_norm_front.png'
  00:03.406  render           | Saved: 'E:\WangZhen_Project\AI\ShuZiRen\Hermes\SZRYanJiu\v3_QuadRemesher_交付\01A眼窝与眼球\screenshots\v39_norm_sideL.png'
  00:04.250  render           | Saved: 'E:\WangZhen_Project\AI\ShuZiRen\Hermes\SZRYanJiu\v3_QuadRemesher_交付\01A眼窝与眼球\screenshots\v39_tex_front.png'
  00:04.687  render           | Saved: 'E:\WangZhen_Project\AI\ShuZiRen\Hermes\SZRYanJiu\v3_QuadRemesher_交付\01A眼窝与眼球\screenshots\v39_tex_sideL.png'
迭代39完成

--- 迭代 40 ---
  01:28.343  render           | Saved: 'E:\WangZhen_Project\AI\ShuZiRen\Hermes\SZRYanJiu\v3_QuadRemesher_交付\01A眼窝与眼球\screenshots\01_1_eye_socket_front.png'
  01:28.484  render           | Saved: 'E:\WangZhen_Project\AI\ShuZiRen\Hermes\SZRYanJiu\v3_QuadRemesher_交付\01A眼窝与眼球\screenshots\01_1_eye_socket_side.png'
  make_eye_cup L: boundary ring M=90 (of 1 rings), ring relaxed x12, jump avg=0.46mm max=0.79mm
  recalc_face_normals: SKIPPED (v38, geometric only)
  geometric orientation: reversed 1920 bowl faces to face -Y, still wrong=0
  UV分配: 10710 loops, avg=(0.0793,0.0632), u=[0.0000,1.0000] v=[0.0000,1.0000]
  make_eye_cup R: boundary ring M=89 (of 1 rings), ring relaxed x12, jump avg=0.47mm max=0.87mm
  recalc_face_normals: SKIPPED (v38, geometric only)
  geometric orientation: reversed 247 bowl faces to face -Y, still wrong=0
  UV分配: 9844 loops, avg=(0.5786,0.1021), u=[0.0000,1.0000] v=[0.0000,1.0000]
  Saved: E:\WangZhen_Project\AI\ShuZiRen\Hermes\SZRYanJiu\v3_QuadRemesher_交付\01A眼窝与眼球\models\01_1_eye_socket.blend
  00:03.000  render           | Saved: 'E:\WangZhen_Project\AI\ShuZiRen\Hermes\SZRYanJiu\v3_QuadRemesher_交付\01A眼窝与眼球\screenshots\v39_norm_front.png'
  00:03.407  render           | Saved: 'E:\WangZhen_Project\AI\ShuZiRen\Hermes\SZRYanJiu\v3_QuadRemesher_交付\01A眼窝与眼球\screenshots\v39_norm_sideL.png'
  00:04.250  render           | Saved: 'E:\WangZhen_Project\AI\ShuZiRen\Hermes\SZRYanJiu\v3_QuadRemesher_交付\01A眼窝与眼球\screenshots\v39_tex_front.png'
  00:04.688  render           | Saved: 'E:\WangZhen_Project\AI\ShuZiRen\Hermes\SZRYanJiu\v3_QuadRemesher_交付\01A眼窝与眼球\screenshots\v39_tex_sideL.png'
迭代40完成

--- 迭代 41 ---
  01:28.516  render           | Saved: 'E:\WangZhen_Project\AI\ShuZiRen\Hermes\SZRYanJiu\v3_QuadRemesher_交付\01A眼窝与眼球\screenshots\01_1_eye_socket_front.png'
  01:28.641  render           | Saved: 'E:\WangZhen_Project\AI\ShuZiRen\Hermes\SZRYanJiu\v3_QuadRemesher_交付\01A眼窝与眼球\screenshots\01_1_eye_socket_side.png'
  make_eye_cup L: boundary ring M=90 (of 1 rings), ring relaxed x12, jump avg=0.46mm max=0.79mm
  recalc_face_normals: SKIPPED (v38, geometric only)
  geometric orientation: reversed 1920 bowl faces to face -Y, still wrong=0
  UV分配: 10710 loops, avg=(0.0793,0.0632), u=[0.0000,1.0000] v=[0.0000,1.0000]
  make_eye_cup R: boundary ring M=89 (of 1 rings), ring relaxed x12, jump avg=0.47mm max=0.87mm
  recalc_face_normals: SKIPPED (v38, geometric only)
  geometric orientation: reversed 247 bowl faces to face -Y, still wrong=0
  UV分配: 9844 loops, avg=(0.5786,0.1021), u=[0.0000,1.0000] v=[0.0000,1.0000]
  Saved: E:\WangZhen_Project\AI\ShuZiRen\Hermes\SZRYanJiu\v3_QuadRemesher_交付\01A眼窝与眼球\models\01_1_eye_socket.blend
  00:03.000  render           | Saved: 'E:\WangZhen_Project\AI\ShuZiRen\Hermes\SZRYanJiu\v3_QuadRemesher_交付\01A眼窝与眼球\screenshots\v39_norm_front.png'
  00:03.390  render           | Saved: 'E:\WangZhen_Project\AI\ShuZiRen\Hermes\SZRYanJiu\v3_QuadRemesher_交付\01A眼窝与眼球\screenshots\v39_norm_sideL.png'
  00:04.250  render           | Saved: 'E:\WangZhen_Project\AI\ShuZiRen\Hermes\SZRYanJiu\v3_QuadRemesher_交付\01A眼窝与眼球\screenshots\v39_tex_front.png'
  00:04.656  render           | Saved: 'E:\WangZhen_Project\AI\ShuZiRen\Hermes\SZRYanJiu\v3_QuadRemesher_交付\01A眼窝与眼球\screenshots\v39_tex_sideL.png'
迭代41完成

--- 迭代 42 ---
  01:27.656  render           | Saved: 'E:\WangZhen_Project\AI\ShuZiRen\Hermes\SZRYanJiu\v3_QuadRemesher_交付\01A眼窝与眼球\screenshots\01_1_eye_socket_front.png'
  01:27.781  render           | Saved: 'E:\WangZhen_Project\AI\ShuZiRen\Hermes\SZRYanJiu\v3_QuadRemesher_交付\01A眼窝与眼球\screenshots\01_1_eye_socket_side.png'
  make_eye_cup L: boundary ring M=90 (of 1 rings), ring relaxed x12, jump avg=0.46mm max=0.79mm
  recalc_face_normals: SKIPPED (v38, geometric only)
  geometric orientation: reversed 1920 bowl faces to face -Y, still wrong=0
  UV分配: 10710 loops, avg=(0.0793,0.0632), u=[0.0000,1.0000] v=[0.0000,1.0000]
  make_eye_cup R: boundary ring M=89 (of 1 rings), ring relaxed x12, jump avg=0.47mm max=0.87mm
  recalc_face_normals: SKIPPED (v38, geometric only)
  geometric orientation: reversed 247 bowl faces to face -Y, still wrong=0
  UV分配: 9844 loops, avg=(0.5786,0.1021), u=[0.0000,1.0000] v=[0.0000,1.0000]
  Saved: E:\WangZhen_Project\AI\ShuZiRen\Hermes\SZRYanJiu\v3_QuadRemesher_交付\01A眼窝与眼球\models\01_1_eye_socket.blend
  00:03.000  render           | Saved: 'E:\WangZhen_Project\AI\ShuZiRen\Hermes\SZRYanJiu\v3_QuadRemesher_交付\01A眼窝与眼球\screenshots\v39_norm_front.png'
  00:03.406  render           | Saved: 'E:\WangZhen_Project\AI\ShuZiRen\Hermes\SZRYanJiu\v3_QuadRemesher_交付\01A眼窝与眼球\screenshots\v39_norm_sideL.png'
  00:04.265  render           | Saved: 'E:\WangZhen_Project\AI\ShuZiRen\Hermes\SZRYanJiu\v3_QuadRemesher_交付\01A眼窝与眼球\screenshots\v39_tex_front.png'
  00:04.687  render           | Saved: 'E:\WangZhen_Project\AI\ShuZiRen\Hermes\SZRYanJiu\v3_QuadRemesher_交付\01A眼窝与眼球\screenshots\v39_tex_sideL.png'
迭代42完成

--- 迭代 43 ---
  01:28.062  render           | Saved: 'E:\WangZhen_Project\AI\ShuZiRen\Hermes\SZRYanJiu\v3_QuadRemesher_交付\01A眼窝与眼球\screenshots\01_1_eye_socket_front.png'
  01:28.187  render           | Saved: 'E:\WangZhen_Project\AI\ShuZiRen\Hermes\SZRYanJiu\v3_QuadRemesher_交付\01A眼窝与眼球\screenshots\01_1_eye_socket_side.png'
  make_eye_cup L: boundary ring M=90 (of 1 rings), ring relaxed x12, jump avg=0.46mm max=0.79mm
  recalc_face_normals: SKIPPED (v38, geometric only)
  geometric orientation: reversed 1920 bowl faces to face -Y, still wrong=0
  UV分配: 10710 loops, avg=(0.0793,0.0632), u=[0.0000,1.0000] v=[0.0000,1.0000]
  make_eye_cup R: boundary ring M=89 (of 1 rings), ring relaxed x12, jump avg=0.47mm max=0.87mm
  recalc_face_normals: SKIPPED (v38, geometric only)
  geometric orientation: reversed 247 bowl faces to face -Y, still wrong=0
  UV分配: 9844 loops, avg=(0.5786,0.1021), u=[0.0000,1.0000] v=[0.0000,1.0000]
  Saved: E:\WangZhen_Project\AI\ShuZiRen\Hermes\SZRYanJiu\v3_QuadRemesher_交付\01A眼窝与眼球\models\01_1_eye_socket.blend
  00:03.015  render           | Saved: 'E:\WangZhen_Project\AI\ShuZiRen\Hermes\SZRYanJiu\v3_QuadRemesher_交付\01A眼窝与眼球\screenshots\v39_norm_front.png'
  00:03.421  render           | Saved: 'E:\WangZhen_Project\AI\ShuZiRen\Hermes\SZRYanJiu\v3_QuadRemesher_交付\01A眼窝与眼球\screenshots\v39_norm_sideL.png'
  00:04.281  render           | Saved: 'E:\WangZhen_Project\AI\ShuZiRen\Hermes\SZRYanJiu\v3_QuadRemesher_交付\01A眼窝与眼球\screenshots\v39_tex_front.png'
  00:04.703  render           | Saved: 'E:\WangZhen_Project\AI\ShuZiRen\Hermes\SZRYanJiu\v3_QuadRemesher_交付\01A眼窝与眼球\screenshots\v39_tex_sideL.png'
迭代43完成

--- 迭代 44 ---
  01:27.953  render           | Saved: 'E:\WangZhen_Project\AI\ShuZiRen\Hermes\SZRYanJiu\v3_QuadRemesher_交付\01A眼窝与眼球\screenshots\01_1_eye_socket_front.png'
  01:28.078  render           | Saved: 'E:\WangZhen_Project\AI\ShuZiRen\Hermes\SZRYanJiu\v3_QuadRemesher_交付\01A眼窝与眼球\screenshots\01_1_eye_socket_side.png'
  make_eye_cup L: boundary ring M=90 (of 1 rings), ring relaxed x12, jump avg=0.46mm max=0.79mm
  recalc_face_normals: SKIPPED (v38, geometric only)
  geometric orientation: reversed 1920 bowl faces to face -Y, still wrong=0
  UV分配: 10710 loops, avg=(0.0793,0.0632), u=[0.0000,1.0000] v=[0.0000,1.0000]
  make_eye_cup R: boundary ring M=89 (of 1 rings), ring relaxed x12, jump avg=0.47mm max=0.87mm
  recalc_face_normals: SKIPPED (v38, geometric only)
  geometric orientation: reversed 247 bowl faces to face -Y, still wrong=0
  UV分配: 9844 loops, avg=(0.5786,0.1021), u=[0.0000,1.0000] v=[0.0000,1.0000]
  Saved: E:\WangZhen_Project\AI\ShuZiRen\Hermes\SZRYanJiu\v3_QuadRemesher_交付\01A眼窝与眼球\models\01_1_eye_socket.blend
  00:02.984  render           | Saved: 'E:\WangZhen_Project\AI\ShuZiRen\Hermes\SZRYanJiu\v3_QuadRemesher_交付\01A眼窝与眼球\screenshots\v39_norm_front.png'
  00:03.390  render           | Saved: 'E:\WangZhen_Project\AI\ShuZiRen\Hermes\SZRYanJiu\v3_QuadRemesher_交付\01A眼窝与眼球\screenshots\v39_norm_sideL.png'
  00:04.250  render           | Saved: 'E:\WangZhen_Project\AI\ShuZiRen\Hermes\SZRYanJiu\v3_QuadRemesher_交付\01A眼窝与眼球\screenshots\v39_tex_front.png'
  00:04.671  render           | Saved: 'E:\WangZhen_Project\AI\ShuZiRen\Hermes\SZRYanJiu\v3_QuadRemesher_交付\01A眼窝与眼球\screenshots\v39_tex_sideL.png'
迭代44完成

--- 迭代 45 ---
  01:28.297  render           | Saved: 'E:\WangZhen_Project\AI\ShuZiRen\Hermes\SZRYanJiu\v3_QuadRemesher_交付\01A眼窝与眼球\screenshots\01_1_eye_socket_front.png'
  01:28.438  render           | Saved: 'E:\WangZhen_Project\AI\ShuZiRen\Hermes\SZRYanJiu\v3_QuadRemesher_交付\01A眼窝与眼球\screenshots\01_1_eye_socket_side.png'
  make_eye_cup L: boundary ring M=90 (of 1 rings), ring relaxed x12, jump avg=0.46mm max=0.79mm
  recalc_face_normals: SKIPPED (v38, geometric only)
  geometric orientation: reversed 1920 bowl faces to face -Y, still wrong=0
  UV分配: 10710 loops, avg=(0.0793,0.0632), u=[0.0000,1.0000] v=[0.0000,1.0000]
  make_eye_cup R: boundary ring M=89 (of 1 rings), ring relaxed x12, jump avg=0.47mm max=0.87mm
  recalc_face_normals: SKIPPED (v38, geometric only)
  geometric orientation: reversed 247 bowl faces to face -Y, still wrong=0
  UV分配: 9844 loops, avg=(0.5786,0.1021), u=[0.0000,1.0000] v=[0.0000,1.0000]
  Saved: E:\WangZhen_Project\AI\ShuZiRen\Hermes\SZRYanJiu\v3_QuadRemesher_交付\01A眼窝与眼球\models\01_1_eye_socket.blend
  00:03.016  render           | Saved: 'E:\WangZhen_Project\AI\ShuZiRen\Hermes\SZRYanJiu\v3_QuadRemesher_交付\01A眼窝与眼球\screenshots\v39_norm_front.png'
  00:03.407  render           | Saved: 'E:\WangZhen_Project\AI\ShuZiRen\Hermes\SZRYanJiu\v3_QuadRemesher_交付\01A眼窝与眼球\screenshots\v39_norm_sideL.png'
  00:04.266  render           | Saved: 'E:\WangZhen_Project\AI\ShuZiRen\Hermes\SZRYanJiu\v3_QuadRemesher_交付\01A眼窝与眼球\screenshots\v39_tex_front.png'
  00:04.688  render           | Saved: 'E:\WangZhen_Project\AI\ShuZiRen\Hermes\SZRYanJiu\v3_QuadRemesher_交付\01A眼窝与眼球\screenshots\v39_tex_sideL.png'
迭代45完成

--- 迭代 46 ---
  01:28.141  render           | Saved: 'E:\WangZhen_Project\AI\ShuZiRen\Hermes\SZRYanJiu\v3_QuadRemesher_交付\01A眼窝与眼球\screenshots\01_1_eye_socket_front.png'
  01:28.266  render           | Saved: 'E:\WangZhen_Project\AI\ShuZiRen\Hermes\SZRYanJiu\v3_QuadRemesher_交付\01A眼窝与眼球\screenshots\01_1_eye_socket_side.png'
  make_eye_cup L: boundary ring M=90 (of 1 rings), ring relaxed x12, jump avg=0.46mm max=0.79mm
  recalc_face_normals: SKIPPED (v38, geometric only)
  geometric orientation: reversed 1920 bowl faces to face -Y, still wrong=0
  UV分配: 10710 loops, avg=(0.0793,0.0632), u=[0.0000,1.0000] v=[0.0000,1.0000]
  make_eye_cup R: boundary ring M=89 (of 1 rings), ring relaxed x12, jump avg=0.47mm max=0.87mm
  recalc_face_normals: SKIPPED (v38, geometric only)
  geometric orientation: reversed 247 bowl faces to face -Y, still wrong=0
  UV分配: 9844 loops, avg=(0.5786,0.1021), u=[0.0000,1.0000] v=[0.0000,1.0000]
  Saved: E:\WangZhen_Project\AI\ShuZiRen\Hermes\SZRYanJiu\v3_QuadRemesher_交付\01A眼窝与眼球\models\01_1_eye_socket.blend
  00:02.984  render           | Saved: 'E:\WangZhen_Project\AI\ShuZiRen\Hermes\SZRYanJiu\v3_QuadRemesher_交付\01A眼窝与眼球\screenshots\v39_norm_front.png'
  00:03.375  render           | Saved: 'E:\WangZhen_Project\AI\ShuZiRen\Hermes\SZRYanJiu\v3_QuadRemesher_交付\01A眼窝与眼球\screenshots\v39_norm_sideL.png'
  00:04.218  render           | Saved: 'E:\WangZhen_Project\AI\ShuZiRen\Hermes\SZRYanJiu\v3_QuadRemesher_交付\01A眼窝与眼球\screenshots\v39_tex_front.png'
  00:04.656  render           | Saved: 'E:\WangZhen_Project\AI\ShuZiRen\Hermes\SZRYanJiu\v3_QuadRemesher_交付\01A眼窝与眼球\screenshots\v39_tex_sideL.png'
迭代46完成

--- 迭代 47 ---
  01:29.563  render           | Saved: 'E:\WangZhen_Project\AI\ShuZiRen\Hermes\SZRYanJiu\v3_QuadRemesher_交付\01A眼窝与眼球\screenshots\01_1_eye_socket_front.png'
  01:29.688  render           | Saved: 'E:\WangZhen_Project\AI\ShuZiRen\Hermes\SZRYanJiu\v3_QuadRemesher_交付\01A眼窝与眼球\screenshots\01_1_eye_socket_side.png'
  make_eye_cup L: boundary ring M=90 (of 1 rings), ring relaxed x12, jump avg=0.46mm max=0.79mm
  recalc_face_normals: SKIPPED (v38, geometric only)
  geometric orientation: reversed 1920 bowl faces to face -Y, still wrong=0
  UV分配: 10710 loops, avg=(0.0793,0.0632), u=[0.0000,1.0000] v=[0.0000,1.0000]
  make_eye_cup R: boundary ring M=89 (of 1 rings), ring relaxed x12, jump avg=0.47mm max=0.87mm
  recalc_face_normals: SKIPPED (v38, geometric only)
  geometric orientation: reversed 247 bowl faces to face -Y, still wrong=0
  UV分配: 9844 loops, avg=(0.5786,0.1021), u=[0.0000,1.0000] v=[0.0000,1.0000]
  Saved: E:\WangZhen_Project\AI\ShuZiRen\Hermes\SZRYanJiu\v3_QuadRemesher_交付\01A眼窝与眼球\models\01_1_eye_socket.blend
  00:03.000  render           | Saved: 'E:\WangZhen_Project\AI\ShuZiRen\Hermes\SZRYanJiu\v3_QuadRemesher_交付\01A眼窝与眼球\screenshots\v39_norm_front.png'
  00:03.422  render           | Saved: 'E:\WangZhen_Project\AI\ShuZiRen\Hermes\SZRYanJiu\v3_QuadRemesher_交付\01A眼窝与眼球\screenshots\v39_norm_sideL.png'
  00:04.282  render           | Saved: 'E:\WangZhen_Project\AI\ShuZiRen\Hermes\SZRYanJiu\v3_QuadRemesher_交付\01A眼窝与眼球\screenshots\v39_tex_front.png'
  00:04.704  render           | Saved: 'E:\WangZhen_Project\AI\ShuZiRen\Hermes\SZRYanJiu\v3_QuadRemesher_交付\01A眼窝与眼球\screenshots\v39_tex_sideL.png'
迭代47完成

--- 迭代 48 ---
  01:28.250  render           | Saved: 'E:\WangZhen_Project\AI\ShuZiRen\Hermes\SZRYanJiu\v3_QuadRemesher_交付\01A眼窝与眼球\screenshots\01_1_eye_socket_front.png'
  01:28.390  render           | Saved: 'E:\WangZhen_Project\AI\ShuZiRen\Hermes\SZRYanJiu\v3_QuadRemesher_交付\01A眼窝与眼球\screenshots\01_1_eye_socket_side.png'
  make_eye_cup L: boundary ring M=90 (of 1 rings), ring relaxed x12, jump avg=0.46mm max=0.79mm
  recalc_face_normals: SKIPPED (v38, geometric only)
  geometric orientation: reversed 1920 bowl faces to face -Y, still wrong=0
  UV分配: 10710 loops, avg=(0.0793,0.0632), u=[0.0000,1.0000] v=[0.0000,1.0000]
  make_eye_cup R: boundary ring M=89 (of 1 rings), ring relaxed x12, jump avg=0.47mm max=0.87mm
  recalc_face_normals: SKIPPED (v38, geometric only)
  geometric orientation: reversed 247 bowl faces to face -Y, still wrong=0
  UV分配: 9844 loops, avg=(0.5786,0.1021), u=[0.0000,1.0000] v=[0.0000,1.0000]
  Saved: E:\WangZhen_Project\AI\ShuZiRen\Hermes\SZRYanJiu\v3_QuadRemesher_交付\01A眼窝与眼球\models\01_1_eye_socket.blend
  00:03.078  render           | Saved: 'E:\WangZhen_Project\AI\ShuZiRen\Hermes\SZRYanJiu\v3_QuadRemesher_交付\01A眼窝与眼球\screenshots\v39_norm_front.png'
  00:03.485  render           | Saved: 'E:\WangZhen_Project\AI\ShuZiRen\Hermes\SZRYanJiu\v3_QuadRemesher_交付\01A眼窝与眼球\screenshots\v39_norm_sideL.png'
  00:04.344  render           | Saved: 'E:\WangZhen_Project\AI\ShuZiRen\Hermes\SZRYanJiu\v3_QuadRemesher_交付\01A眼窝与眼球\screenshots\v39_tex_front.png'
  00:04.766  render           | Saved: 'E:\WangZhen_Project\AI\ShuZiRen\Hermes\SZRYanJiu\v3_QuadRemesher_交付\01A眼窝与眼球\screenshots\v39_tex_sideL.png'
迭代48完成

--- 迭代 49 ---
  01:27.688  render           | Saved: 'E:\WangZhen_Project\AI\ShuZiRen\Hermes\SZRYanJiu\v3_QuadRemesher_交付\01A眼窝与眼球\screenshots\01_1_eye_socket_front.png'
  01:27.813  render           | Saved: 'E:\WangZhen_Project\AI\ShuZiRen\Hermes\SZRYanJiu\v3_QuadRemesher_交付\01A眼窝与眼球\screenshots\01_1_eye_socket_side.png'
  make_eye_cup L: boundary ring M=90 (of 1 rings), ring relaxed x12, jump avg=0.46mm max=0.79mm
  recalc_face_normals: SKIPPED (v38, geometric only)
  geometric orientation: reversed 1920 bowl faces to face -Y, still wrong=0
  UV分配: 10710 loops, avg=(0.0793,0.0632), u=[0.0000,1.0000] v=[0.0000,1.0000]
  make_eye_cup R: boundary ring M=89 (of 1 rings), ring relaxed x12, jump avg=0.47mm max=0.87mm
  recalc_face_normals: SKIPPED (v38, geometric only)
  geometric orientation: reversed 247 bowl faces to face -Y, still wrong=0
  UV分配: 9844 loops, avg=(0.5786,0.1021), u=[0.0000,1.0000] v=[0.0000,1.0000]
  Saved: E:\WangZhen_Project\AI\ShuZiRen\Hermes\SZRYanJiu\v3_QuadRemesher_交付\01A眼窝与眼球\models\01_1_eye_socket.blend
  00:03.031  render           | Saved: 'E:\WangZhen_Project\AI\ShuZiRen\Hermes\SZRYanJiu\v3_QuadRemesher_交付\01A眼窝与眼球\screenshots\v39_norm_front.png'
  00:03.422  render           | Saved: 'E:\WangZhen_Project\AI\ShuZiRen\Hermes\SZRYanJiu\v3_QuadRemesher_交付\01A眼窝与眼球\screenshots\v39_norm_sideL.png'
  00:04.344  render           | Saved: 'E:\WangZhen_Project\AI\ShuZiRen\Hermes\SZRYanJiu\v3_QuadRemesher_交付\01A眼窝与眼球\screenshots\v39_tex_front.png'
  00:04.781  render           | Saved: 'E:\WangZhen_Project\AI\ShuZiRen\Hermes\SZRYanJiu\v3_QuadRemesher_交付\01A眼窝与眼球\screenshots\v39_tex_sideL.png'
迭代49完成

--- 迭代 50 ---
  01:27.969  render           | Saved: 'E:\WangZhen_Project\AI\ShuZiRen\Hermes\SZRYanJiu\v3_QuadRemesher_交付\01A眼窝与眼球\screenshots\01_1_eye_socket_front.png'
  01:28.094  render           | Saved: 'E:\WangZhen_Project\AI\ShuZiRen\Hermes\SZRYanJiu\v3_QuadRemesher_交付\01A眼窝与眼球\screenshots\01_1_eye_socket_side.png'
  make_eye_cup L: boundary ring M=90 (of 1 rings), ring relaxed x12, jump avg=0.46mm max=0.79mm
  recalc_face_normals: SKIPPED (v38, geometric only)
  geometric orientation: reversed 1920 bowl faces to face -Y, still wrong=0
  UV分配: 10710 loops, avg=(0.0793,0.0632), u=[0.0000,1.0000] v=[0.0000,1.0000]
  make_eye_cup R: boundary ring M=89 (of 1 rings), ring relaxed x12, jump avg=0.47mm max=0.87mm
  recalc_face_normals: SKIPPED (v38, geometric only)
  geometric orientation: reversed 247 bowl faces to face -Y, still wrong=0
  UV分配: 9844 loops, avg=(0.5786,0.1021), u=[0.0000,1.0000] v=[0.0000,1.0000]
  Saved: E:\WangZhen_Project\AI\ShuZiRen\Hermes\SZRYanJiu\v3_QuadRemesher_交付\01A眼窝与眼球\models\01_1_eye_socket.blend
  00:03.016  render           | Saved: 'E:\WangZhen_Project\AI\ShuZiRen\Hermes\SZRYanJiu\v3_QuadRemesher_交付\01A眼窝与眼球\screenshots\v39_norm_front.png'
  00:03.422  render           | Saved: 'E:\WangZhen_Project\AI\ShuZiRen\Hermes\SZRYanJiu\v3_QuadRemesher_交付\01A眼窝与眼球\screenshots\v39_norm_sideL.png'
  00:04.281  render           | Saved: 'E:\WangZhen_Project\AI\ShuZiRen\Hermes\SZRYanJiu\v3_QuadRemesher_交付\01A眼窝与眼球\screenshots\v39_tex_front.png'
  00:04.703  render           | Saved: 'E:\WangZhen_Project\AI\ShuZiRen\Hermes\SZRYanJiu\v3_QuadRemesher_交付\01A眼窝与眼球\screenshots\v39_tex_sideL.png'
迭代50完成

--- 迭代 51 ---
  01:28.110  render           | Saved: 'E:\WangZhen_Project\AI\ShuZiRen\Hermes\SZRYanJiu\v3_QuadRemesher_交付\01A眼窝与眼球\screenshots\01_1_eye_socket_front.png'
  01:28.235  render           | Saved: 'E:\WangZhen_Project\AI\ShuZiRen\Hermes\SZRYanJiu\v3_QuadRemesher_交付\01A眼窝与眼球\screenshots\01_1_eye_socket_side.png'
  make_eye_cup L: boundary ring M=90 (of 1 rings), ring relaxed x12, jump avg=0.46mm max=0.79mm
  recalc_face_normals: SKIPPED (v38, geometric only)
  geometric orientation: reversed 1920 bowl faces to face -Y, still wrong=0
  UV分配: 10710 loops, avg=(0.0793,0.0632), u=[0.0000,1.0000] v=[0.0000,1.0000]
  make_eye_cup R: boundary ring M=89 (of 1 rings), ring relaxed x12, jump avg=0.47mm max=0.87mm
  recalc_face_normals: SKIPPED (v38, geometric only)
  geometric orientation: reversed 247 bowl faces to face -Y, still wrong=0
  UV分配: 9844 loops, avg=(0.5786,0.1021), u=[0.0000,1.0000] v=[0.0000,1.0000]
  Saved: E:\WangZhen_Project\AI\ShuZiRen\Hermes\SZRYanJiu\v3_QuadRemesher_交付\01A眼窝与眼球\models\01_1_eye_socket.blend
  00:03.000  render           | Saved: 'E:\WangZhen_Project\AI\ShuZiRen\Hermes\SZRYanJiu\v3_QuadRemesher_交付\01A眼窝与眼球\screenshots\v39_norm_front.png'
  00:03.391  render           | Saved: 'E:\WangZhen_Project\AI\ShuZiRen\Hermes\SZRYanJiu\v3_QuadRemesher_交付\01A眼窝与眼球\screenshots\v39_norm_sideL.png'
  00:04.250  render           | Saved: 'E:\WangZhen_Project\AI\ShuZiRen\Hermes\SZRYanJiu\v3_QuadRemesher_交付\01A眼窝与眼球\screenshots\v39_tex_front.png'
  00:04.672  render           | Saved: 'E:\WangZhen_Project\AI\ShuZiRen\Hermes\SZRYanJiu\v3_QuadRemesher_交付\01A眼窝与眼球\screenshots\v39_tex_sideL.png'
迭代51完成

--- 迭代 52 ---
  01:28.266  render           | Saved: 'E:\WangZhen_Project\AI\ShuZiRen\Hermes\SZRYanJiu\v3_QuadRemesher_交付\01A眼窝与眼球\screenshots\01_1_eye_socket_front.png'
  01:28.391  render           | Saved: 'E:\WangZhen_Project\AI\ShuZiRen\Hermes\SZRYanJiu\v3_QuadRemesher_交付\01A眼窝与眼球\screenshots\01_1_eye_socket_side.png'
  make_eye_cup L: boundary ring M=90 (of 1 rings), ring relaxed x12, jump avg=0.46mm max=0.79mm
  recalc_face_normals: SKIPPED (v38, geometric only)
  geometric orientation: reversed 1920 bowl faces to face -Y, still wrong=0
  UV分配: 10710 loops, avg=(0.0793,0.0632), u=[0.0000,1.0000] v=[0.0000,1.0000]
  make_eye_cup R: boundary ring M=89 (of 1 rings), ring relaxed x12, jump avg=0.47mm max=0.87mm
  recalc_face_normals: SKIPPED (v38, geometric only)
  geometric orientation: reversed 247 bowl faces to face -Y, still wrong=0
  UV分配: 9844 loops, avg=(0.5786,0.1021), u=[0.0000,1.0000] v=[0.0000,1.0000]
  Saved: E:\WangZhen_Project\AI\ShuZiRen\Hermes\SZRYanJiu\v3_QuadRemesher_交付\01A眼窝与眼球\models\01_1_eye_socket.blend
  00:03.015  render           | Saved: 'E:\WangZhen_Project\AI\ShuZiRen\Hermes\SZRYanJiu\v3_QuadRemesher_交付\01A眼窝与眼球\screenshots\v39_norm_front.png'
  00:03.406  render           | Saved: 'E:\WangZhen_Project\AI\ShuZiRen\Hermes\SZRYanJiu\v3_QuadRemesher_交付\01A眼窝与眼球\screenshots\v39_norm_sideL.png'
  00:04.265  render           | Saved: 'E:\WangZhen_Project\AI\ShuZiRen\Hermes\SZRYanJiu\v3_QuadRemesher_交付\01A眼窝与眼球\screenshots\v39_tex_front.png'
  00:04.687  render           | Saved: 'E:\WangZhen_Project\AI\ShuZiRen\Hermes\SZRYanJiu\v3_QuadRemesher_交付\01A眼窝与眼球\screenshots\v39_tex_sideL.png'
迭代52完成

--- 迭代 53 ---
  01:28.500  render           | Saved: 'E:\WangZhen_Project\AI\ShuZiRen\Hermes\SZRYanJiu\v3_QuadRemesher_交付\01A眼窝与眼球\screenshots\01_1_eye_socket_front.png'
  01:28.625  render           | Saved: 'E:\WangZhen_Project\AI\ShuZiRen\Hermes\SZRYanJiu\v3_QuadRemesher_交付\01A眼窝与眼球\screenshots\01_1_eye_socket_side.png'
  make_eye_cup L: boundary ring M=90 (of 1 rings), ring relaxed x12, jump avg=0.46mm max=0.79mm
  recalc_face_normals: SKIPPED (v38, geometric only)
  geometric orientation: reversed 1920 bowl faces to face -Y, still wrong=0
  UV分配: 10710 loops, avg=(0.0793,0.0632), u=[0.0000,1.0000] v=[0.0000,1.0000]
  make_eye_cup R: boundary ring M=89 (of 1 rings), ring relaxed x12, jump avg=0.47mm max=0.87mm
  recalc_face_normals: SKIPPED (v38, geometric only)
  geometric orientation: reversed 247 bowl faces to face -Y, still wrong=0
  UV分配: 9844 loops, avg=(0.5786,0.1021), u=[0.0000,1.0000] v=[0.0000,1.0000]
  Saved: E:\WangZhen_Project\AI\ShuZiRen\Hermes\SZRYanJiu\v3_QuadRemesher_交付\01A眼窝与眼球\models\01_1_eye_socket.blend
  00:02.984  render           | Saved: 'E:\WangZhen_Project\AI\ShuZiRen\Hermes\SZRYanJiu\v3_QuadRemesher_交付\01A眼窝与眼球\screenshots\v39_norm_front.png'
  00:03.406  render           | Saved: 'E:\WangZhen_Project\AI\ShuZiRen\Hermes\SZRYanJiu\v3_QuadRemesher_交付\01A眼窝与眼球\screenshots\v39_norm_sideL.png'
  00:04.250  render           | Saved: 'E:\WangZhen_Project\AI\ShuZiRen\Hermes\SZRYanJiu\v3_QuadRemesher_交付\01A眼窝与眼球\screenshots\v39_tex_front.png'
  00:04.687  render           | Saved: 'E:\WangZhen_Project\AI\ShuZiRen\Hermes\SZRYanJiu\v3_QuadRemesher_交付\01A眼窝与眼球\screenshots\v39_tex_sideL.png'
迭代53完成

--- 迭代 54 ---
  01:27.922  render           | Saved: 'E:\WangZhen_Project\AI\ShuZiRen\Hermes\SZRYanJiu\v3_QuadRemesher_交付\01A眼窝与眼球\screenshots\01_1_eye_socket_front.png'
  01:28.047  render           | Saved: 'E:\WangZhen_Project\AI\ShuZiRen\Hermes\SZRYanJiu\v3_QuadRemesher_交付\01A眼窝与眼球\screenshots\01_1_eye_socket_side.png'
  make_eye_cup L: boundary ring M=90 (of 1 rings), ring relaxed x12, jump avg=0.46mm max=0.79mm
  recalc_face_normals: SKIPPED (v38, geometric only)
  geometric orientation: reversed 1920 bowl faces to face -Y, still wrong=0
  UV分配: 10710 loops, avg=(0.0793,0.0632), u=[0.0000,1.0000] v=[0.0000,1.0000]
  make_eye_cup R: boundary ring M=89 (of 1 rings), ring relaxed x12, jump avg=0.47mm max=0.87mm
  recalc_face_normals: SKIPPED (v38, geometric only)
  geometric orientation: reversed 247 bowl faces to face -Y, still wrong=0
  UV分配: 9844 loops, avg=(0.5786,0.1021), u=[0.0000,1.0000] v=[0.0000,1.0000]
  Saved: E:\WangZhen_Project\AI\ShuZiRen\Hermes\SZRYanJiu\v3_QuadRemesher_交付\01A眼窝与眼球\models\01_1_eye_socket.blend
  00:03.000  render           | Saved: 'E:\WangZhen_Project\AI\ShuZiRen\Hermes\SZRYanJiu\v3_QuadRemesher_交付\01A眼窝与眼球\screenshots\v39_norm_front.png'
  00:03.390  render           | Saved: 'E:\WangZhen_Project\AI\ShuZiRen\Hermes\SZRYanJiu\v3_QuadRemesher_交付\01A眼窝与眼球\screenshots\v39_norm_sideL.png'
  00:04.265  render           | Saved: 'E:\WangZhen_Project\AI\ShuZiRen\Hermes\SZRYanJiu\v3_QuadRemesher_交付\01A眼窝与眼球\screenshots\v39_tex_front.png'
  00:04.687  render           | Saved: 'E:\WangZhen_Project\AI\ShuZiRen\Hermes\SZRYanJiu\v3_QuadRemesher_交付\01A眼窝与眼球\screenshots\v39_tex_sideL.png'
迭代54完成

--- 迭代 55 ---
  01:28.156  render           | Saved: 'E:\WangZhen_Project\AI\ShuZiRen\Hermes\SZRYanJiu\v3_QuadRemesher_交付\01A眼窝与眼球\screenshots\01_1_eye_socket_front.png'
  01:28.296  render           | Saved: 'E:\WangZhen_Project\AI\ShuZiRen\Hermes\SZRYanJiu\v3_QuadRemesher_交付\01A眼窝与眼球\screenshots\01_1_eye_socket_side.png'
  make_eye_cup L: boundary ring M=90 (of 1 rings), ring relaxed x12, jump avg=0.46mm max=0.79mm
  recalc_face_normals: SKIPPED (v38, geometric only)
  geometric orientation: reversed 1920 bowl faces to face -Y, still wrong=0
  UV分配: 10710 loops, avg=(0.0793,0.0632), u=[0.0000,1.0000] v=[0.0000,1.0000]
  make_eye_cup R: boundary ring M=89 (of 1 rings), ring relaxed x12, jump avg=0.47mm max=0.87mm
  recalc_face_normals: SKIPPED (v38, geometric only)
  geometric orientation: reversed 247 bowl faces to face -Y, still wrong=0
  UV分配: 9844 loops, avg=(0.5786,0.1021), u=[0.0000,1.0000] v=[0.0000,1.0000]
  Saved: E:\WangZhen_Project\AI\ShuZiRen\Hermes\SZRYanJiu\v3_QuadRemesher_交付\01A眼窝与眼球\models\01_1_eye_socket.blend
  00:02.984  render           | Saved: 'E:\WangZhen_Project\AI\ShuZiRen\Hermes\SZRYanJiu\v3_QuadRemesher_交付\01A眼窝与眼球\screenshots\v39_norm_front.png'
  00:03.375  render           | Saved: 'E:\WangZhen_Project\AI\ShuZiRen\Hermes\SZRYanJiu\v3_QuadRemesher_交付\01A眼窝与眼球\screenshots\v39_norm_sideL.png'
  00:04.219  render           | Saved: 'E:\WangZhen_Project\AI\ShuZiRen\Hermes\SZRYanJiu\v3_QuadRemesher_交付\01A眼窝与眼球\screenshots\v39_tex_front.png'
  00:04.641  render           | Saved: 'E:\WangZhen_Project\AI\ShuZiRen\Hermes\SZRYanJiu\v3_QuadRemesher_交付\01A眼窝与眼球\screenshots\v39_tex_sideL.png'
迭代55完成

--- 迭代 56 ---
  01:28.172  render           | Saved: 'E:\WangZhen_Project\AI\ShuZiRen\Hermes\SZRYanJiu\v3_QuadRemesher_交付\01A眼窝与眼球\screenshots\01_1_eye_socket_front.png'
  01:28.297  render           | Saved: 'E:\WangZhen_Project\AI\ShuZiRen\Hermes\SZRYanJiu\v3_QuadRemesher_交付\01A眼窝与眼球\screenshots\01_1_eye_socket_side.png'
  make_eye_cup L: boundary ring M=90 (of 1 rings), ring relaxed x12, jump avg=0.46mm max=0.79mm
  recalc_face_normals: SKIPPED (v38, geometric only)
  geometric orientation: reversed 1920 bowl faces to face -Y, still wrong=0
  UV分配: 10710 loops, avg=(0.0793,0.0632), u=[0.0000,1.0000] v=[0.0000,1.0000]
  make_eye_cup R: boundary ring M=89 (of 1 rings), ring relaxed x12, jump avg=0.47mm max=0.87mm
  recalc_face_normals: SKIPPED (v38, geometric only)
  geometric orientation: reversed 247 bowl faces to face -Y, still wrong=0
  UV分配: 9844 loops, avg=(0.5786,0.1021), u=[0.0000,1.0000] v=[0.0000,1.0000]
  Saved: E:\WangZhen_Project\AI\ShuZiRen\Hermes\SZRYanJiu\v3_QuadRemesher_交付\01A眼窝与眼球\models\01_1_eye_socket.blend
  00:03.032  render           | Saved: 'E:\WangZhen_Project\AI\ShuZiRen\Hermes\SZRYanJiu\v3_QuadRemesher_交付\01A眼窝与眼球\screenshots\v39_norm_front.png'
  00:03.453  render           | Saved: 'E:\WangZhen_Project\AI\ShuZiRen\Hermes\SZRYanJiu\v3_QuadRemesher_交付\01A眼窝与眼球\screenshots\v39_norm_sideL.png'
  00:04.313  render           | Saved: 'E:\WangZhen_Project\AI\ShuZiRen\Hermes\SZRYanJiu\v3_QuadRemesher_交付\01A眼窝与眼球\screenshots\v39_tex_front.png'
  00:04.735  render           | Saved: 'E:\WangZhen_Project\AI\ShuZiRen\Hermes\SZRYanJiu\v3_QuadRemesher_交付\01A眼窝与眼球\screenshots\v39_tex_sideL.png'
迭代56完成

--- 迭代 57 ---
  01:27.766  render           | Saved: 'E:\WangZhen_Project\AI\ShuZiRen\Hermes\SZRYanJiu\v3_QuadRemesher_交付\01A眼窝与眼球\screenshots\01_1_eye_socket_front.png'
  01:27.907  render           | Saved: 'E:\WangZhen_Project\AI\ShuZiRen\Hermes\SZRYanJiu\v3_QuadRemesher_交付\01A眼窝与眼球\screenshots\01_1_eye_socket_side.png'
  make_eye_cup L: boundary ring M=90 (of 1 rings), ring relaxed x12, jump avg=0.46mm max=0.79mm
  recalc_face_normals: SKIPPED (v38, geometric only)
  geometric orientation: reversed 1920 bowl faces to face -Y, still wrong=0
  UV分配: 10710 loops, avg=(0.0793,0.0632), u=[0.0000,1.0000] v=[0.0000,1.0000]
  make_eye_cup R: boundary ring M=89 (of 1 rings), ring relaxed x12, jump avg=0.47mm max=0.87mm
  recalc_face_normals: SKIPPED (v38, geometric only)
  geometric orientation: reversed 247 bowl faces to face -Y, still wrong=0
  UV分配: 9844 loops, avg=(0.5786,0.1021), u=[0.0000,1.0000] v=[0.0000,1.0000]
  Saved: E:\WangZhen_Project\AI\ShuZiRen\Hermes\SZRYanJiu\v3_QuadRemesher_交付\01A眼窝与眼球\models\01_1_eye_socket.blend
  00:03.109  render           | Saved: 'E:\WangZhen_Project\AI\ShuZiRen\Hermes\SZRYanJiu\v3_QuadRemesher_交付\01A眼窝与眼球\screenshots\v39_norm_front.png'
  00:03.531  render           | Saved: 'E:\WangZhen_Project\AI\ShuZiRen\Hermes\SZRYanJiu\v3_QuadRemesher_交付\01A眼窝与眼球\screenshots\v39_norm_sideL.png'
  00:04.406  render           | Saved: 'E:\WangZhen_Project\AI\ShuZiRen\Hermes\SZRYanJiu\v3_QuadRemesher_交付\01A眼窝与眼球\screenshots\v39_tex_front.png'
  00:04.828  render           | Saved: 'E:\WangZhen_Project\AI\ShuZiRen\Hermes\SZRYanJiu\v3_QuadRemesher_交付\01A眼窝与眼球\screenshots\v39_tex_sideL.png'
迭代57完成

--- 迭代 58 ---
  01:27.735  render           | Saved: 'E:\WangZhen_Project\AI\ShuZiRen\Hermes\SZRYanJiu\v3_QuadRemesher_交付\01A眼窝与眼球\screenshots\01_1_eye_socket_front.png'
  01:27.860  render           | Saved: 'E:\WangZhen_Project\AI\ShuZiRen\Hermes\SZRYanJiu\v3_QuadRemesher_交付\01A眼窝与眼球\screenshots\01_1_eye_socket_side.png'
  make_eye_cup L: boundary ring M=90 (of 1 rings), ring relaxed x12, jump avg=0.46mm max=0.79mm
  recalc_face_normals: SKIPPED (v38, geometric only)
  geometric orientation: reversed 1920 bowl faces to face -Y, still wrong=0
  UV分配: 10710 loops, avg=(0.0793,0.0632), u=[0.0000,1.0000] v=[0.0000,1.0000]
  make_eye_cup R: boundary ring M=89 (of 1 rings), ring relaxed x12, jump avg=0.47mm max=0.87mm
  recalc_face_normals: SKIPPED (v38, geometric only)
  geometric orientation: reversed 247 bowl faces to face -Y, still wrong=0
  UV分配: 9844 loops, avg=(0.5786,0.1021), u=[0.0000,1.0000] v=[0.0000,1.0000]
  Saved: E:\WangZhen_Project\AI\ShuZiRen\Hermes\SZRYanJiu\v3_QuadRemesher_交付\01A眼窝与眼球\models\01_1_eye_socket.blend
  00:03.000  render           | Saved: 'E:\WangZhen_Project\AI\ShuZiRen\Hermes\SZRYanJiu\v3_QuadRemesher_交付\01A眼窝与眼球\screenshots\v39_norm_front.png'
  00:03.391  render           | Saved: 'E:\WangZhen_Project\AI\ShuZiRen\Hermes\SZRYanJiu\v3_QuadRemesher_交付\01A眼窝与眼球\screenshots\v39_norm_sideL.png'
  00:04.250  render           | Saved: 'E:\WangZhen_Project\AI\ShuZiRen\Hermes\SZRYanJiu\v3_QuadRemesher_交付\01A眼窝与眼球\screenshots\v39_tex_front.png'
  00:04.672  render           | Saved: 'E:\WangZhen_Project\AI\ShuZiRen\Hermes\SZRYanJiu\v3_QuadRemesher_交付\01A眼窝与眼球\screenshots\v39_tex_sideL.png'
迭代58完成

--- 迭代 59 ---
  01:28.265  render           | Saved: 'E:\WangZhen_Project\AI\ShuZiRen\Hermes\SZRYanJiu\v3_QuadRemesher_交付\01A眼窝与眼球\screenshots\01_1_eye_socket_front.png'
  01:28.390  render           | Saved: 'E:\WangZhen_Project\AI\ShuZiRen\Hermes\SZRYanJiu\v3_QuadRemesher_交付\01A眼窝与眼球\screenshots\01_1_eye_socket_side.png'
  make_eye_cup L: boundary ring M=90 (of 1 rings), ring relaxed x12, jump avg=0.46mm max=0.79mm
  recalc_face_normals: SKIPPED (v38, geometric only)
  geometric orientation: reversed 1920 bowl faces to face -Y, still wrong=0
  UV分配: 10710 loops, avg=(0.0793,0.0632), u=[0.0000,1.0000] v=[0.0000,1.0000]
  make_eye_cup R: boundary ring M=89 (of 1 rings), ring relaxed x12, jump avg=0.47mm max=0.87mm
  recalc_face_normals: SKIPPED (v38, geometric only)
  geometric orientation: reversed 247 bowl faces to face -Y, still wrong=0
  UV分配: 9844 loops, avg=(0.5786,0.1021), u=[0.0000,1.0000] v=[0.0000,1.0000]
  Saved: E:\WangZhen_Project\AI\ShuZiRen\Hermes\SZRYanJiu\v3_QuadRemesher_交付\01A眼窝与眼球\models\01_1_eye_socket.blend
  00:03.000  render           | Saved: 'E:\WangZhen_Project\AI\ShuZiRen\Hermes\SZRYanJiu\v3_QuadRemesher_交付\01A眼窝与眼球\screenshots\v39_norm_front.png'
  00:03.390  render           | Saved: 'E:\WangZhen_Project\AI\ShuZiRen\Hermes\SZRYanJiu\v3_QuadRemesher_交付\01A眼窝与眼球\screenshots\v39_norm_sideL.png'
  00:04.250  render           | Saved: 'E:\WangZhen_Project\AI\ShuZiRen\Hermes\SZRYanJiu\v3_QuadRemesher_交付\01A眼窝与眼球\screenshots\v39_tex_front.png'
  00:04.672  render           | Saved: 'E:\WangZhen_Project\AI\ShuZiRen\Hermes\SZRYanJiu\v3_QuadRemesher_交付\01A眼窝与眼球\screenshots\v39_tex_sideL.png'
迭代59完成

--- 迭代 60 ---
  01:28.016  render           | Saved: 'E:\WangZhen_Project\AI\ShuZiRen\Hermes\SZRYanJiu\v3_QuadRemesher_交付\01A眼窝与眼球\screenshots\01_1_eye_socket_front.png'
  01:28.156  render           | Saved: 'E:\WangZhen_Project\AI\ShuZiRen\Hermes\SZRYanJiu\v3_QuadRemesher_交付\01A眼窝与眼球\screenshots\01_1_eye_socket_side.png'
  make_eye_cup L: boundary ring M=90 (of 1 rings), ring relaxed x12, jump avg=0.46mm max=0.79mm
  recalc_face_normals: SKIPPED (v38, geometric only)
  geometric orientation: reversed 1920 bowl faces to face -Y, still wrong=0
  UV分配: 10710 loops, avg=(0.0793,0.0632), u=[0.0000,1.0000] v=[0.0000,1.0000]
  make_eye_cup R: boundary ring M=89 (of 1 rings), ring relaxed x12, jump avg=0.47mm max=0.87mm
  recalc_face_normals: SKIPPED (v38, geometric only)
  geometric orientation: reversed 247 bowl faces to face -Y, still wrong=0
  UV分配: 9844 loops, avg=(0.5786,0.1021), u=[0.0000,1.0000] v=[0.0000,1.0000]
  Saved: E:\WangZhen_Project\AI\ShuZiRen\Hermes\SZRYanJiu\v3_QuadRemesher_交付\01A眼窝与眼球\models\01_1_eye_socket.blend
  00:03.016  render           | Saved: 'E:\WangZhen_Project\AI\ShuZiRen\Hermes\SZRYanJiu\v3_QuadRemesher_交付\01A眼窝与眼球\screenshots\v39_norm_front.png'
  00:03.422  render           | Saved: 'E:\WangZhen_Project\AI\ShuZiRen\Hermes\SZRYanJiu\v3_QuadRemesher_交付\01A眼窝与眼球\screenshots\v39_norm_sideL.png'
  00:04.282  render           | Saved: 'E:\WangZhen_Project\AI\ShuZiRen\Hermes\SZRYanJiu\v3_QuadRemesher_交付\01A眼窝与眼球\screenshots\v39_tex_front.png'
  00:04.704  render           | Saved: 'E:\WangZhen_Project\AI\ShuZiRen\Hermes\SZRYanJiu\v3_QuadRemesher_交付\01A眼窝与眼球\screenshots\v39_tex_sideL.png'
迭代60完成

--- 迭代 61 ---
  01:28.281  render           | Saved: 'E:\WangZhen_Project\AI\ShuZiRen\Hermes\SZRYanJiu\v3_QuadRemesher_交付\01A眼窝与眼球\screenshots\01_1_eye_socket_front.png'
  01:28.406  render           | Saved: 'E:\WangZhen_Project\AI\ShuZiRen\Hermes\SZRYanJiu\v3_QuadRemesher_交付\01A眼窝与眼球\screenshots\01_1_eye_socket_side.png'
  make_eye_cup L: boundary ring M=90 (of 1 rings), ring relaxed x12, jump avg=0.46mm max=0.79mm
  recalc_face_normals: SKIPPED (v38, geometric only)
  geometric orientation: reversed 1920 bowl faces to face -Y, still wrong=0
  UV分配: 10710 loops, avg=(0.0793,0.0632), u=[0.0000,1.0000] v=[0.0000,1.0000]
  make_eye_cup R: boundary ring M=89 (of 1 rings), ring relaxed x12, jump avg=0.47mm max=0.87mm
  recalc_face_normals: SKIPPED (v38, geometric only)
  geometric orientation: reversed 247 bowl faces to face -Y, still wrong=0
  UV分配: 9844 loops, avg=(0.5786,0.1021), u=[0.0000,1.0000] v=[0.0000,1.0000]
  Saved: E:\WangZhen_Project\AI\ShuZiRen\Hermes\SZRYanJiu\v3_QuadRemesher_交付\01A眼窝与眼球\models\01_1_eye_socket.blend
  00:02.984  render           | Saved: 'E:\WangZhen_Project\AI\ShuZiRen\Hermes\SZRYanJiu\v3_QuadRemesher_交付\01A眼窝与眼球\screenshots\v39_norm_front.png'
  00:03.375  render           | Saved: 'E:\WangZhen_Project\AI\ShuZiRen\Hermes\SZRYanJiu\v3_QuadRemesher_交付\01A眼窝与眼球\screenshots\v39_norm_sideL.png'
  00:04.219  render           | Saved: 'E:\WangZhen_Project\AI\ShuZiRen\Hermes\SZRYanJiu\v3_QuadRemesher_交付\01A眼窝与眼球\screenshots\v39_tex_front.png'
  00:04.641  render           | Saved: 'E:\WangZhen_Project\AI\ShuZiRen\Hermes\SZRYanJiu\v3_QuadRemesher_交付\01A眼窝与眼球\screenshots\v39_tex_sideL.png'
迭代61完成

--- 迭代 62 ---
  01:28.032  render           | Saved: 'E:\WangZhen_Project\AI\ShuZiRen\Hermes\SZRYanJiu\v3_QuadRemesher_交付\01A眼窝与眼球\screenshots\01_1_eye_socket_front.png'
  01:28.172  render           | Saved: 'E:\WangZhen_Project\AI\ShuZiRen\Hermes\SZRYanJiu\v3_QuadRemesher_交付\01A眼窝与眼球\screenshots\01_1_eye_socket_side.png'
  make_eye_cup L: boundary ring M=90 (of 1 rings), ring relaxed x12, jump avg=0.46mm max=0.79mm
  recalc_face_normals: SKIPPED (v38, geometric only)
  geometric orientation: reversed 1920 bowl faces to face -Y, still wrong=0
  UV分配: 10710 loops, avg=(0.0793,0.0632), u=[0.0000,1.0000] v=[0.0000,1.0000]
  make_eye_cup R: boundary ring M=89 (of 1 rings), ring relaxed x12, jump avg=0.47mm max=0.87mm
  recalc_face_normals: SKIPPED (v38, geometric only)
  geometric orientation: reversed 247 bowl faces to face -Y, still wrong=0
  UV分配: 9844 loops, avg=(0.5786,0.1021), u=[0.0000,1.0000] v=[0.0000,1.0000]
  Saved: E:\WangZhen_Project\AI\ShuZiRen\Hermes\SZRYanJiu\v3_QuadRemesher_交付\01A眼窝与眼球\models\01_1_eye_socket.blend
  00:03.109  render           | Saved: 'E:\WangZhen_Project\AI\ShuZiRen\Hermes\SZRYanJiu\v3_QuadRemesher_交付\01A眼窝与眼球\screenshots\v39_norm_front.png'
  00:03.516  render           | Saved: 'E:\WangZhen_Project\AI\ShuZiRen\Hermes\SZRYanJiu\v3_QuadRemesher_交付\01A眼窝与眼球\screenshots\v39_norm_sideL.png'
  00:04.359  render           | Saved: 'E:\WangZhen_Project\AI\ShuZiRen\Hermes\SZRYanJiu\v3_QuadRemesher_交付\01A眼窝与眼球\screenshots\v39_tex_front.png'
  00:04.766  render           | Saved: 'E:\WangZhen_Project\AI\ShuZiRen\Hermes\SZRYanJiu\v3_QuadRemesher_交付\01A眼窝与眼球\screenshots\v39_tex_sideL.png'
迭代62完成

--- 迭代 63 ---
  01:27.672  render           | Saved: 'E:\WangZhen_Project\AI\ShuZiRen\Hermes\SZRYanJiu\v3_QuadRemesher_交付\01A眼窝与眼球\screenshots\01_1_eye_socket_front.png'
  01:27.797  render           | Saved: 'E:\WangZhen_Project\AI\ShuZiRen\Hermes\SZRYanJiu\v3_QuadRemesher_交付\01A眼窝与眼球\screenshots\01_1_eye_socket_side.png'
  make_eye_cup L: boundary ring M=90 (of 1 rings), ring relaxed x12, jump avg=0.46mm max=0.79mm
  recalc_face_normals: SKIPPED (v38, geometric only)
  geometric orientation: reversed 1920 bowl faces to face -Y, still wrong=0
  UV分配: 10710 loops, avg=(0.0793,0.0632), u=[0.0000,1.0000] v=[0.0000,1.0000]
  make_eye_cup R: boundary ring M=89 (of 1 rings), ring relaxed x12, jump avg=0.47mm max=0.87mm
  recalc_face_normals: SKIPPED (v38, geometric only)
  geometric orientation: reversed 247 bowl faces to face -Y, still wrong=0
  UV分配: 9844 loops, avg=(0.5786,0.1021), u=[0.0000,1.0000] v=[0.0000,1.0000]
  Saved: E:\WangZhen_Project\AI\ShuZiRen\Hermes\SZRYanJiu\v3_QuadRemesher_交付\01A眼窝与眼球\models\01_1_eye_socket.blend
  00:03.000  render           | Saved: 'E:\WangZhen_Project\AI\ShuZiRen\Hermes\SZRYanJiu\v3_QuadRemesher_交付\01A眼窝与眼球\screenshots\v39_norm_front.png'
  00:03.406  render           | Saved: 'E:\WangZhen_Project\AI\ShuZiRen\Hermes\SZRYanJiu\v3_QuadRemesher_交付\01A眼窝与眼球\screenshots\v39_norm_sideL.png'
  00:04.266  render           | Saved: 'E:\WangZhen_Project\AI\ShuZiRen\Hermes\SZRYanJiu\v3_QuadRemesher_交付\01A眼窝与眼球\screenshots\v39_tex_front.png'
  00:04.719  render           | Saved: 'E:\WangZhen_Project\AI\ShuZiRen\Hermes\SZRYanJiu\v3_QuadRemesher_交付\01A眼窝与眼球\screenshots\v39_tex_sideL.png'
迭代63完成

--- 迭代 64 ---
  01:27.969  render           | Saved: 'E:\WangZhen_Project\AI\ShuZiRen\Hermes\SZRYanJiu\v3_QuadRemesher_交付\01A眼窝与眼球\screenshots\01_1_eye_socket_front.png'
  01:28.078  render           | Saved: 'E:\WangZhen_Project\AI\ShuZiRen\Hermes\SZRYanJiu\v3_QuadRemesher_交付\01A眼窝与眼球\screenshots\01_1_eye_socket_side.png'
  make_eye_cup L: boundary ring M=90 (of 1 rings), ring relaxed x12, jump avg=0.46mm max=0.79mm
  recalc_face_normals: SKIPPED (v38, geometric only)
  geometric orientation: reversed 1920 bowl faces to face -Y, still wrong=0
  UV分配: 10710 loops, avg=(0.0793,0.0632), u=[0.0000,1.0000] v=[0.0000,1.0000]
  make_eye_cup R: boundary ring M=89 (of 1 rings), ring relaxed x12, jump avg=0.47mm max=0.87mm
  recalc_face_normals: SKIPPED (v38, geometric only)
  geometric orientation: reversed 247 bowl faces to face -Y, still wrong=0
  UV分配: 9844 loops, avg=(0.5786,0.1021), u=[0.0000,1.0000] v=[0.0000,1.0000]
  Saved: E:\WangZhen_Project\AI\ShuZiRen\Hermes\SZRYanJiu\v3_QuadRemesher_交付\01A眼窝与眼球\models\01_1_eye_socket.blend
  00:02.984  render           | Saved: 'E:\WangZhen_Project\AI\ShuZiRen\Hermes\SZRYanJiu\v3_QuadRemesher_交付\01A眼窝与眼球\screenshots\v39_norm_front.png'
  00:03.390  render           | Saved: 'E:\WangZhen_Project\AI\ShuZiRen\Hermes\SZRYanJiu\v3_QuadRemesher_交付\01A眼窝与眼球\screenshots\v39_norm_sideL.png'
  00:04.250  render           | Saved: 'E:\WangZhen_Project\AI\ShuZiRen\Hermes\SZRYanJiu\v3_QuadRemesher_交付\01A眼窝与眼球\screenshots\v39_tex_front.png'
  00:04.687  render           | Saved: 'E:\WangZhen_Project\AI\ShuZiRen\Hermes\SZRYanJiu\v3_QuadRemesher_交付\01A眼窝与眼球\screenshots\v39_tex_sideL.png'
迭代64完成

--- 迭代 65 ---
  01:28.484  render           | Saved: 'E:\WangZhen_Project\AI\ShuZiRen\Hermes\SZRYanJiu\v3_QuadRemesher_交付\01A眼窝与眼球\screenshots\01_1_eye_socket_front.png'
  01:28.609  render           | Saved: 'E:\WangZhen_Project\AI\ShuZiRen\Hermes\SZRYanJiu\v3_QuadRemesher_交付\01A眼窝与眼球\screenshots\01_1_eye_socket_side.png'
  make_eye_cup L: boundary ring M=90 (of 1 rings), ring relaxed x12, jump avg=0.46mm max=0.79mm
  recalc_face_normals: SKIPPED (v38, geometric only)
  geometric orientation: reversed 1920 bowl faces to face -Y, still wrong=0
  UV分配: 10710 loops, avg=(0.0793,0.0632), u=[0.0000,1.0000] v=[0.0000,1.0000]
  make_eye_cup R: boundary ring M=89 (of 1 rings), ring relaxed x12, jump avg=0.47mm max=0.87mm
  recalc_face_normals: SKIPPED (v38, geometric only)
  geometric orientation: reversed 247 bowl faces to face -Y, still wrong=0
  UV分配: 9844 loops, avg=(0.5786,0.1021), u=[0.0000,1.0000] v=[0.0000,1.0000]
  Saved: E:\WangZhen_Project\AI\ShuZiRen\Hermes\SZRYanJiu\v3_QuadRemesher_交付\01A眼窝与眼球\models\01_1_eye_socket.blend
  00:03.000  render           | Saved: 'E:\WangZhen_Project\AI\ShuZiRen\Hermes\SZRYanJiu\v3_QuadRemesher_交付\01A眼窝与眼球\screenshots\v39_norm_front.png'
  00:03.406  render           | Saved: 'E:\WangZhen_Project\AI\ShuZiRen\Hermes\SZRYanJiu\v3_QuadRemesher_交付\01A眼窝与眼球\screenshots\v39_norm_sideL.png'
  00:04.281  render           | Saved: 'E:\WangZhen_Project\AI\ShuZiRen\Hermes\SZRYanJiu\v3_QuadRemesher_交付\01A眼窝与眼球\screenshots\v39_tex_front.png'
  00:04.703  render           | Saved: 'E:\WangZhen_Project\AI\ShuZiRen\Hermes\SZRYanJiu\v3_QuadRemesher_交付\01A眼窝与眼球\screenshots\v39_tex_sideL.png'
迭代65完成

--- 迭代 66 ---
  01:28.188  render           | Saved: 'E:\WangZhen_Project\AI\ShuZiRen\Hermes\SZRYanJiu\v3_QuadRemesher_交付\01A眼窝与眼球\screenshots\01_1_eye_socket_front.png'
  01:28.313  render           | Saved: 'E:\WangZhen_Project\AI\ShuZiRen\Hermes\SZRYanJiu\v3_QuadRemesher_交付\01A眼窝与眼球\screenshots\01_1_eye_socket_side.png'
  make_eye_cup L: boundary ring M=90 (of 1 rings), ring relaxed x12, jump avg=0.46mm max=0.79mm
  recalc_face_normals: SKIPPED (v38, geometric only)
  geometric orientation: reversed 1920 bowl faces to face -Y, still wrong=0
  UV分配: 10710 loops, avg=(0.0793,0.0632), u=[0.0000,1.0000] v=[0.0000,1.0000]
  make_eye_cup R: boundary ring M=89 (of 1 rings), ring relaxed x12, jump avg=0.47mm max=0.87mm
  recalc_face_normals: SKIPPED (v38, geometric only)
  geometric orientation: reversed 247 bowl faces to face -Y, still wrong=0
  UV分配: 9844 loops, avg=(0.5786,0.1021), u=[0.0000,1.0000] v=[0.0000,1.0000]
  Saved: E:\WangZhen_Project\AI\ShuZiRen\Hermes\SZRYanJiu\v3_QuadRemesher_交付\01A眼窝与眼球\models\01_1_eye_socket.blend
  00:03.016  render           | Saved: 'E:\WangZhen_Project\AI\ShuZiRen\Hermes\SZRYanJiu\v3_QuadRemesher_交付\01A眼窝与眼球\screenshots\v39_norm_front.png'
  00:03.422  render           | Saved: 'E:\WangZhen_Project\AI\ShuZiRen\Hermes\SZRYanJiu\v3_QuadRemesher_交付\01A眼窝与眼球\screenshots\v39_norm_sideL.png'
  00:04.266  render           | Saved: 'E:\WangZhen_Project\AI\ShuZiRen\Hermes\SZRYanJiu\v3_QuadRemesher_交付\01A眼窝与眼球\screenshots\v39_tex_front.png'
  00:04.687  render           | Saved: 'E:\WangZhen_Project\AI\ShuZiRen\Hermes\SZRYanJiu\v3_QuadRemesher_交付\01A眼窝与眼球\screenshots\v39_tex_sideL.png'
迭代66完成

--- 迭代 67 ---
  01:27.922  render           | Saved: 'E:\WangZhen_Project\AI\ShuZiRen\Hermes\SZRYanJiu\v3_QuadRemesher_交付\01A眼窝与眼球\screenshots\01_1_eye_socket_front.png'
  01:28.047  render           | Saved: 'E:\WangZhen_Project\AI\ShuZiRen\Hermes\SZRYanJiu\v3_QuadRemesher_交付\01A眼窝与眼球\screenshots\01_1_eye_socket_side.png'
  make_eye_cup L: boundary ring M=90 (of 1 rings), ring relaxed x12, jump avg=0.46mm max=0.79mm
  recalc_face_normals: SKIPPED (v38, geometric only)
  geometric orientation: reversed 1920 bowl faces to face -Y, still wrong=0
  UV分配: 10710 loops, avg=(0.0793,0.0632), u=[0.0000,1.0000] v=[0.0000,1.0000]
  make_eye_cup R: boundary ring M=89 (of 1 rings), ring relaxed x12, jump avg=0.47mm max=0.87mm
  recalc_face_normals: SKIPPED (v38, geometric only)
  geometric orientation: reversed 247 bowl faces to face -Y, still wrong=0
  UV分配: 9844 loops, avg=(0.5786,0.1021), u=[0.0000,1.0000] v=[0.0000,1.0000]
  Saved: E:\WangZhen_Project\AI\ShuZiRen\Hermes\SZRYanJiu\v3_QuadRemesher_交付\01A眼窝与眼球\models\01_1_eye_socket.blend
  00:03.016  render           | Saved: 'E:\WangZhen_Project\AI\ShuZiRen\Hermes\SZRYanJiu\v3_QuadRemesher_交付\01A眼窝与眼球\screenshots\v39_norm_front.png'
  00:03.422  render           | Saved: 'E:\WangZhen_Project\AI\ShuZiRen\Hermes\SZRYanJiu\v3_QuadRemesher_交付\01A眼窝与眼球\screenshots\v39_norm_sideL.png'
  00:04.266  render           | Saved: 'E:\WangZhen_Project\AI\ShuZiRen\Hermes\SZRYanJiu\v3_QuadRemesher_交付\01A眼窝与眼球\screenshots\v39_tex_front.png'
  00:04.688  render           | Saved: 'E:\WangZhen_Project\AI\ShuZiRen\Hermes\SZRYanJiu\v3_QuadRemesher_交付\01A眼窝与眼球\screenshots\v39_tex_sideL.png'
迭代67完成

--- 迭代 68 ---
  01:28.172  render           | Saved: 'E:\WangZhen_Project\AI\ShuZiRen\Hermes\SZRYanJiu\v3_QuadRemesher_交付\01A眼窝与眼球\screenshots\01_1_eye_socket_front.png'
  01:28.297  render           | Saved: 'E:\WangZhen_Project\AI\ShuZiRen\Hermes\SZRYanJiu\v3_QuadRemesher_交付\01A眼窝与眼球\screenshots\01_1_eye_socket_side.png'
  make_eye_cup L: boundary ring M=90 (of 1 rings), ring relaxed x12, jump avg=0.46mm max=0.79mm
  recalc_face_normals: SKIPPED (v38, geometric only)
  geometric orientation: reversed 1920 bowl faces to face -Y, still wrong=0
  UV分配: 10710 loops, avg=(0.0793,0.0632), u=[0.0000,1.0000] v=[0.0000,1.0000]
  make_eye_cup R: boundary ring M=89 (of 1 rings), ring relaxed x12, jump avg=0.47mm max=0.87mm
  recalc_face_normals: SKIPPED (v38, geometric only)
  geometric orientation: reversed 247 bowl faces to face -Y, still wrong=0
  UV分配: 9844 loops, avg=(0.5786,0.1021), u=[0.0000,1.0000] v=[0.0000,1.0000]
  Saved: E:\WangZhen_Project\AI\ShuZiRen\Hermes\SZRYanJiu\v3_QuadRemesher_交付\01A眼窝与眼球\models\01_1_eye_socket.blend
  00:03.016  render           | Saved: 'E:\WangZhen_Project\AI\ShuZiRen\Hermes\SZRYanJiu\v3_QuadRemesher_交付\01A眼窝与眼球\screenshots\v39_norm_front.png'
  00:03.422  render           | Saved: 'E:\WangZhen_Project\AI\ShuZiRen\Hermes\SZRYanJiu\v3_QuadRemesher_交付\01A眼窝与眼球\screenshots\v39_norm_sideL.png'
  00:04.266  render           | Saved: 'E:\WangZhen_Project\AI\ShuZiRen\Hermes\SZRYanJiu\v3_QuadRemesher_交付\01A眼窝与眼球\screenshots\v39_tex_front.png'
  00:04.688  render           | Saved: 'E:\WangZhen_Project\AI\ShuZiRen\Hermes\SZRYanJiu\v3_QuadRemesher_交付\01A眼窝与眼球\screenshots\v39_tex_sideL.png'
迭代68完成

--- 迭代 69 ---
  01:28.609  render           | Saved: 'E:\WangZhen_Project\AI\ShuZiRen\Hermes\SZRYanJiu\v3_QuadRemesher_交付\01A眼窝与眼球\screenshots\01_1_eye_socket_front.png'
  01:28.734  render           | Saved: 'E:\WangZhen_Project\AI\ShuZiRen\Hermes\SZRYanJiu\v3_QuadRemesher_交付\01A眼窝与眼球\screenshots\01_1_eye_socket_side.png'
  make_eye_cup L: boundary ring M=90 (of 1 rings), ring relaxed x12, jump avg=0.46mm max=0.79mm
  recalc_face_normals: SKIPPED (v38, geometric only)
  geometric orientation: reversed 1920 bowl faces to face -Y, still wrong=0
  UV分配: 10710 loops, avg=(0.0793,0.0632), u=[0.0000,1.0000] v=[0.0000,1.0000]
  make_eye_cup R: boundary ring M=89 (of 1 rings), ring relaxed x12, jump avg=0.47mm max=0.87mm
  recalc_face_normals: SKIPPED (v38, geometric only)
  geometric orientation: reversed 247 bowl faces to face -Y, still wrong=0
  UV分配: 9844 loops, avg=(0.5786,0.1021), u=[0.0000,1.0000] v=[0.0000,1.0000]
  Saved: E:\WangZhen_Project\AI\ShuZiRen\Hermes\SZRYanJiu\v3_QuadRemesher_交付\01A眼窝与眼球\models\01_1_eye_socket.blend
  00:02.984  render           | Saved: 'E:\WangZhen_Project\AI\ShuZiRen\Hermes\SZRYanJiu\v3_QuadRemesher_交付\01A眼窝与眼球\screenshots\v39_norm_front.png'
  00:03.390  render           | Saved: 'E:\WangZhen_Project\AI\ShuZiRen\Hermes\SZRYanJiu\v3_QuadRemesher_交付\01A眼窝与眼球\screenshots\v39_norm_sideL.png'
  00:04.250  render           | Saved: 'E:\WangZhen_Project\AI\ShuZiRen\Hermes\SZRYanJiu\v3_QuadRemesher_交付\01A眼窝与眼球\screenshots\v39_tex_front.png'
  00:04.671  render           | Saved: 'E:\WangZhen_Project\AI\ShuZiRen\Hermes\SZRYanJiu\v3_QuadRemesher_交付\01A眼窝与眼球\screenshots\v39_tex_sideL.png'
迭代69完成

--- 迭代 70 ---
  01:27.875  render           | Saved: 'E:\WangZhen_Project\AI\ShuZiRen\Hermes\SZRYanJiu\v3_QuadRemesher_交付\01A眼窝与眼球\screenshots\01_1_eye_socket_front.png'
  01:28.000  render           | Saved: 'E:\WangZhen_Project\AI\ShuZiRen\Hermes\SZRYanJiu\v3_QuadRemesher_交付\01A眼窝与眼球\screenshots\01_1_eye_socket_side.png'
  make_eye_cup L: boundary ring M=90 (of 1 rings), ring relaxed x12, jump avg=0.46mm max=0.79mm
  recalc_face_normals: SKIPPED (v38, geometric only)
  geometric orientation: reversed 1920 bowl faces to face -Y, still wrong=0
  UV分配: 10710 loops, avg=(0.0793,0.0632), u=[0.0000,1.0000] v=[0.0000,1.0000]
  make_eye_cup R: boundary ring M=89 (of 1 rings), ring relaxed x12, jump avg=0.47mm max=0.87mm
  recalc_face_normals: SKIPPED (v38, geometric only)
  geometric orientation: reversed 247 bowl faces to face -Y, still wrong=0
  UV分配: 9844 loops, avg=(0.5786,0.1021), u=[0.0000,1.0000] v=[0.0000,1.0000]
  Saved: E:\WangZhen_Project\AI\ShuZiRen\Hermes\SZRYanJiu\v3_QuadRemesher_交付\01A眼窝与眼球\models\01_1_eye_socket.blend
  00:03.016  render           | Saved: 'E:\WangZhen_Project\AI\ShuZiRen\Hermes\SZRYanJiu\v3_QuadRemesher_交付\01A眼窝与眼球\screenshots\v39_norm_front.png'
  00:03.406  render           | Saved: 'E:\WangZhen_Project\AI\ShuZiRen\Hermes\SZRYanJiu\v3_QuadRemesher_交付\01A眼窝与眼球\screenshots\v39_norm_sideL.png'
  00:04.266  render           | Saved: 'E:\WangZhen_Project\AI\ShuZiRen\Hermes\SZRYanJiu\v3_QuadRemesher_交付\01A眼窝与眼球\screenshots\v39_tex_front.png'
  00:04.688  render           | Saved: 'E:\WangZhen_Project\AI\ShuZiRen\Hermes\SZRYanJiu\v3_QuadRemesher_交付\01A眼窝与眼球\screenshots\v39_tex_sideL.png'
迭代70完成

--- 迭代 71 ---
  01:28.422  render           | Saved: 'E:\WangZhen_Project\AI\ShuZiRen\Hermes\SZRYanJiu\v3_QuadRemesher_交付\01A眼窝与眼球\screenshots\01_1_eye_socket_front.png'
  01:28.547  render           | Saved: 'E:\WangZhen_Project\AI\ShuZiRen\Hermes\SZRYanJiu\v3_QuadRemesher_交付\01A眼窝与眼球\screenshots\01_1_eye_socket_side.png'
  make_eye_cup L: boundary ring M=90 (of 1 rings), ring relaxed x12, jump avg=0.46mm max=0.79mm
  recalc_face_normals: SKIPPED (v38, geometric only)
  geometric orientation: reversed 1920 bowl faces to face -Y, still wrong=0
  UV分配: 10710 loops, avg=(0.0793,0.0632), u=[0.0000,1.0000] v=[0.0000,1.0000]
  make_eye_cup R: boundary ring M=89 (of 1 rings), ring relaxed x12, jump avg=0.47mm max=0.87mm
  recalc_face_normals: SKIPPED (v38, geometric only)
  geometric orientation: reversed 247 bowl faces to face -Y, still wrong=0
  UV分配: 9844 loops, avg=(0.5786,0.1021), u=[0.0000,1.0000] v=[0.0000,1.0000]
  Saved: E:\WangZhen_Project\AI\ShuZiRen\Hermes\SZRYanJiu\v3_QuadRemesher_交付\01A眼窝与眼球\models\01_1_eye_socket.blend
  00:03.078  render           | Saved: 'E:\WangZhen_Project\AI\ShuZiRen\Hermes\SZRYanJiu\v3_QuadRemesher_交付\01A眼窝与眼球\screenshots\v39_norm_front.png'
  00:03.485  render           | Saved: 'E:\WangZhen_Project\AI\ShuZiRen\Hermes\SZRYanJiu\v3_QuadRemesher_交付\01A眼窝与眼球\screenshots\v39_norm_sideL.png'
  00:04.344  render           | Saved: 'E:\WangZhen_Project\AI\ShuZiRen\Hermes\SZRYanJiu\v3_QuadRemesher_交付\01A眼窝与眼球\screenshots\v39_tex_front.png'
  00:04.782  render           | Saved: 'E:\WangZhen_Project\AI\ShuZiRen\Hermes\SZRYanJiu\v3_QuadRemesher_交付\01A眼窝与眼球\screenshots\v39_tex_sideL.png'
迭代71完成

--- 迭代 72 ---
  01:28.125  render           | Saved: 'E:\WangZhen_Project\AI\ShuZiRen\Hermes\SZRYanJiu\v3_QuadRemesher_交付\01A眼窝与眼球\screenshots\01_1_eye_socket_front.png'
  01:28.266  render           | Saved: 'E:\WangZhen_Project\AI\ShuZiRen\Hermes\SZRYanJiu\v3_QuadRemesher_交付\01A眼窝与眼球\screenshots\01_1_eye_socket_side.png'
  make_eye_cup L: boundary ring M=90 (of 1 rings), ring relaxed x12, jump avg=0.46mm max=0.79mm
  recalc_face_normals: SKIPPED (v38, geometric only)
  geometric orientation: reversed 1920 bowl faces to face -Y, still wrong=0
  UV分配: 10710 loops, avg=(0.0793,0.0632), u=[0.0000,1.0000] v=[0.0000,1.0000]
  make_eye_cup R: boundary ring M=89 (of 1 rings), ring relaxed x12, jump avg=0.47mm max=0.87mm
  recalc_face_normals: SKIPPED (v38, geometric only)
  geometric orientation: reversed 247 bowl faces to face -Y, still wrong=0
  UV分配: 9844 loops, avg=(0.5786,0.1021), u=[0.0000,1.0000] v=[0.0000,1.0000]
  Saved: E:\WangZhen_Project\AI\ShuZiRen\Hermes\SZRYanJiu\v3_QuadRemesher_交付\01A眼窝与眼球\models\01_1_eye_socket.blend
  00:03.000  render           | Saved: 'E:\WangZhen_Project\AI\ShuZiRen\Hermes\SZRYanJiu\v3_QuadRemesher_交付\01A眼窝与眼球\screenshots\v39_norm_front.png'
  00:03.407  render           | Saved: 'E:\WangZhen_Project\AI\ShuZiRen\Hermes\SZRYanJiu\v3_QuadRemesher_交付\01A眼窝与眼球\screenshots\v39_norm_sideL.png'
  00:04.266  render           | Saved: 'E:\WangZhen_Project\AI\ShuZiRen\Hermes\SZRYanJiu\v3_QuadRemesher_交付\01A眼窝与眼球\screenshots\v39_tex_front.png'
  00:04.688  render           | Saved: 'E:\WangZhen_Project\AI\ShuZiRen\Hermes\SZRYanJiu\v3_QuadRemesher_交付\01A眼窝与眼球\screenshots\v39_tex_sideL.png'
迭代72完成

--- 迭代 73 ---
  01:28.406  render           | Saved: 'E:\WangZhen_Project\AI\ShuZiRen\Hermes\SZRYanJiu\v3_QuadRemesher_交付\01A眼窝与眼球\screenshots\01_1_eye_socket_front.png'
  01:28.547  render           | Saved: 'E:\WangZhen_Project\AI\ShuZiRen\Hermes\SZRYanJiu\v3_QuadRemesher_交付\01A眼窝与眼球\screenshots\01_1_eye_socket_side.png'
  make_eye_cup L: boundary ring M=90 (of 1 rings), ring relaxed x12, jump avg=0.46mm max=0.79mm
  recalc_face_normals: SKIPPED (v38, geometric only)
  geometric orientation: reversed 1920 bowl faces to face -Y, still wrong=0
  UV分配: 10710 loops, avg=(0.0793,0.0632), u=[0.0000,1.0000] v=[0.0000,1.0000]
  make_eye_cup R: boundary ring M=89 (of 1 rings), ring relaxed x12, jump avg=0.47mm max=0.87mm
  recalc_face_normals: SKIPPED (v38, geometric only)
  geometric orientation: reversed 247 bowl faces to face -Y, still wrong=0
  UV分配: 9844 loops, avg=(0.5786,0.1021), u=[0.0000,1.0000] v=[0.0000,1.0000]
  Saved: E:\WangZhen_Project\AI\ShuZiRen\Hermes\SZRYanJiu\v3_QuadRemesher_交付\01A眼窝与眼球\models\01_1_eye_socket.blend
  00:03.016  render           | Saved: 'E:\WangZhen_Project\AI\ShuZiRen\Hermes\SZRYanJiu\v3_QuadRemesher_交付\01A眼窝与眼球\screenshots\v39_norm_front.png'
  00:03.422  render           | Saved: 'E:\WangZhen_Project\AI\ShuZiRen\Hermes\SZRYanJiu\v3_QuadRemesher_交付\01A眼窝与眼球\screenshots\v39_norm_sideL.png'
  00:04.266  render           | Saved: 'E:\WangZhen_Project\AI\ShuZiRen\Hermes\SZRYanJiu\v3_QuadRemesher_交付\01A眼窝与眼球\screenshots\v39_tex_front.png'
  00:04.703  render           | Saved: 'E:\WangZhen_Project\AI\ShuZiRen\Hermes\SZRYanJiu\v3_QuadRemesher_交付\01A眼窝与眼球\screenshots\v39_tex_sideL.png'
迭代73完成

--- 迭代 74 ---
  01:28.250  render           | Saved: 'E:\WangZhen_Project\AI\ShuZiRen\Hermes\SZRYanJiu\v3_QuadRemesher_交付\01A眼窝与眼球\screenshots\01_1_eye_socket_front.png'
  01:28.391  render           | Saved: 'E:\WangZhen_Project\AI\ShuZiRen\Hermes\SZRYanJiu\v3_QuadRemesher_交付\01A眼窝与眼球\screenshots\01_1_eye_socket_side.png'
  make_eye_cup L: boundary ring M=90 (of 1 rings), ring relaxed x12, jump avg=0.46mm max=0.79mm
  recalc_face_normals: SKIPPED (v38, geometric only)
  geometric orientation: reversed 1920 bowl faces to face -Y, still wrong=0
  UV分配: 10710 loops, avg=(0.0793,0.0632), u=[0.0000,1.0000] v=[0.0000,1.0000]
  make_eye_cup R: boundary ring M=89 (of 1 rings), ring relaxed x12, jump avg=0.47mm max=0.87mm
  recalc_face_normals: SKIPPED (v38, geometric only)
  geometric orientation: reversed 247 bowl faces to face -Y, still wrong=0
  UV分配: 9844 loops, avg=(0.5786,0.1021), u=[0.0000,1.0000] v=[0.0000,1.0000]
  Saved: E:\WangZhen_Project\AI\ShuZiRen\Hermes\SZRYanJiu\v3_QuadRemesher_交付\01A眼窝与眼球\models\01_1_eye_socket.blend
  00:02.969  render           | Saved: 'E:\WangZhen_Project\AI\ShuZiRen\Hermes\SZRYanJiu\v3_QuadRemesher_交付\01A眼窝与眼球\screenshots\v39_norm_front.png'
  00:03.390  render           | Saved: 'E:\WangZhen_Project\AI\ShuZiRen\Hermes\SZRYanJiu\v3_QuadRemesher_交付\01A眼窝与眼球\screenshots\v39_norm_sideL.png'
  00:04.265  render           | Saved: 'E:\WangZhen_Project\AI\ShuZiRen\Hermes\SZRYanJiu\v3_QuadRemesher_交付\01A眼窝与眼球\screenshots\v39_tex_front.png'
  00:04.687  render           | Saved: 'E:\WangZhen_Project\AI\ShuZiRen\Hermes\SZRYanJiu\v3_QuadRemesher_交付\01A眼窝与眼球\screenshots\v39_tex_sideL.png'
迭代74完成

--- 迭代 75 ---
  01:28.250  render           | Saved: 'E:\WangZhen_Project\AI\ShuZiRen\Hermes\SZRYanJiu\v3_QuadRemesher_交付\01A眼窝与眼球\screenshots\01_1_eye_socket_front.png'
  01:28.375  render           | Saved: 'E:\WangZhen_Project\AI\ShuZiRen\Hermes\SZRYanJiu\v3_QuadRemesher_交付\01A眼窝与眼球\screenshots\01_1_eye_socket_side.png'
  make_eye_cup L: boundary ring M=90 (of 1 rings), ring relaxed x12, jump avg=0.46mm max=0.79mm
  recalc_face_normals: SKIPPED (v38, geometric only)
  geometric orientation: reversed 1920 bowl faces to face -Y, still wrong=0
  UV分配: 10710 loops, avg=(0.0793,0.0632), u=[0.0000,1.0000] v=[0.0000,1.0000]
  make_eye_cup R: boundary ring M=89 (of 1 rings), ring relaxed x12, jump avg=0.47mm max=0.87mm
  recalc_face_normals: SKIPPED (v38, geometric only)
  geometric orientation: reversed 247 bowl faces to face -Y, still wrong=0
  UV分配: 9844 loops, avg=(0.5786,0.1021), u=[0.0000,1.0000] v=[0.0000,1.0000]
  Saved: E:\WangZhen_Project\AI\ShuZiRen\Hermes\SZRYanJiu\v3_QuadRemesher_交付\01A眼窝与眼球\models\01_1_eye_socket.blend
  00:03.000  render           | Saved: 'E:\WangZhen_Project\AI\ShuZiRen\Hermes\SZRYanJiu\v3_QuadRemesher_交付\01A眼窝与眼球\screenshots\v39_norm_front.png'
  00:03.406  render           | Saved: 'E:\WangZhen_Project\AI\ShuZiRen\Hermes\SZRYanJiu\v3_QuadRemesher_交付\01A眼窝与眼球\screenshots\v39_norm_sideL.png'
  00:04.266  render           | Saved: 'E:\WangZhen_Project\AI\ShuZiRen\Hermes\SZRYanJiu\v3_QuadRemesher_交付\01A眼窝与眼球\screenshots\v39_tex_front.png'
  00:04.688  render           | Saved: 'E:\WangZhen_Project\AI\ShuZiRen\Hermes\SZRYanJiu\v3_QuadRemesher_交付\01A眼窝与眼球\screenshots\v39_tex_sideL.png'
迭代75完成

--- 迭代 76 ---
  01:28.032  render           | Saved: 'E:\WangZhen_Project\AI\ShuZiRen\Hermes\SZRYanJiu\v3_QuadRemesher_交付\01A眼窝与眼球\screenshots\01_1_eye_socket_front.png'
  01:28.172  render           | Saved: 'E:\WangZhen_Project\AI\ShuZiRen\Hermes\SZRYanJiu\v3_QuadRemesher_交付\01A眼窝与眼球\screenshots\01_1_eye_socket_side.png'
  make_eye_cup L: boundary ring M=90 (of 1 rings), ring relaxed x12, jump avg=0.46mm max=0.79mm
  recalc_face_normals: SKIPPED (v38, geometric only)
  geometric orientation: reversed 1920 bowl faces to face -Y, still wrong=0
  UV分配: 10710 loops, avg=(0.0793,0.0632), u=[0.0000,1.0000] v=[0.0000,1.0000]
  make_eye_cup R: boundary ring M=89 (of 1 rings), ring relaxed x12, jump avg=0.47mm max=0.87mm
  recalc_face_normals: SKIPPED (v38, geometric only)
  geometric orientation: reversed 247 bowl faces to face -Y, still wrong=0
  UV分配: 9844 loops, avg=(0.5786,0.1021), u=[0.0000,1.0000] v=[0.0000,1.0000]
  Saved: E:\WangZhen_Project\AI\ShuZiRen\Hermes\SZRYanJiu\v3_QuadRemesher_交付\01A眼窝与眼球\models\01_1_eye_socket.blend
  00:03.047  render           | Saved: 'E:\WangZhen_Project\AI\ShuZiRen\Hermes\SZRYanJiu\v3_QuadRemesher_交付\01A眼窝与眼球\screenshots\v39_norm_front.png'
  00:03.438  render           | Saved: 'E:\WangZhen_Project\AI\ShuZiRen\Hermes\SZRYanJiu\v3_QuadRemesher_交付\01A眼窝与眼球\screenshots\v39_norm_sideL.png'
  00:04.281  render           | Saved: 'E:\WangZhen_Project\AI\ShuZiRen\Hermes\SZRYanJiu\v3_QuadRemesher_交付\01A眼窝与眼球\screenshots\v39_tex_front.png'
  00:04.703  render           | Saved: 'E:\WangZhen_Project\AI\ShuZiRen\Hermes\SZRYanJiu\v3_QuadRemesher_交付\01A眼窝与眼球\screenshots\v39_tex_sideL.png'
迭代76完成

--- 迭代 77 ---
  01:28.110  render           | Saved: 'E:\WangZhen_Project\AI\ShuZiRen\Hermes\SZRYanJiu\v3_QuadRemesher_交付\01A眼窝与眼球\screenshots\01_1_eye_socket_front.png'
  01:28.235  render           | Saved: 'E:\WangZhen_Project\AI\ShuZiRen\Hermes\SZRYanJiu\v3_QuadRemesher_交付\01A眼窝与眼球\screenshots\01_1_eye_socket_side.png'
  make_eye_cup L: boundary ring M=90 (of 1 rings), ring relaxed x12, jump avg=0.46mm max=0.79mm
  recalc_face_normals: SKIPPED (v38, geometric only)
  geometric orientation: reversed 1920 bowl faces to face -Y, still wrong=0
  UV分配: 10710 loops, avg=(0.0793,0.0632), u=[0.0000,1.0000] v=[0.0000,1.0000]
  make_eye_cup R: boundary ring M=89 (of 1 rings), ring relaxed x12, jump avg=0.47mm max=0.87mm
  recalc_face_normals: SKIPPED (v38, geometric only)
  geometric orientation: reversed 247 bowl faces to face -Y, still wrong=0
  UV分配: 9844 loops, avg=(0.5786,0.1021), u=[0.0000,1.0000] v=[0.0000,1.0000]
  Saved: E:\WangZhen_Project\AI\ShuZiRen\Hermes\SZRYanJiu\v3_QuadRemesher_交付\01A眼窝与眼球\models\01_1_eye_socket.blend
  00:03.047  render           | Saved: 'E:\WangZhen_Project\AI\ShuZiRen\Hermes\SZRYanJiu\v3_QuadRemesher_交付\01A眼窝与眼球\screenshots\v39_norm_front.png'
  00:03.437  render           | Saved: 'E:\WangZhen_Project\AI\ShuZiRen\Hermes\SZRYanJiu\v3_QuadRemesher_交付\01A眼窝与眼球\screenshots\v39_norm_sideL.png'
  00:04.297  render           | Saved: 'E:\WangZhen_Project\AI\ShuZiRen\Hermes\SZRYanJiu\v3_QuadRemesher_交付\01A眼窝与眼球\screenshots\v39_tex_front.png'
  00:04.719  render           | Saved: 'E:\WangZhen_Project\AI\ShuZiRen\Hermes\SZRYanJiu\v3_QuadRemesher_交付\01A眼窝与眼球\screenshots\v39_tex_sideL.png'
迭代77完成

--- 迭代 78 ---
  01:28.313  render           | Saved: 'E:\WangZhen_Project\AI\ShuZiRen\Hermes\SZRYanJiu\v3_QuadRemesher_交付\01A眼窝与眼球\screenshots\01_1_eye_socket_front.png'
  01:28.438  render           | Saved: 'E:\WangZhen_Project\AI\ShuZiRen\Hermes\SZRYanJiu\v3_QuadRemesher_交付\01A眼窝与眼球\screenshots\01_1_eye_socket_side.png'
  make_eye_cup L: boundary ring M=90 (of 1 rings), ring relaxed x12, jump avg=0.46mm max=0.79mm
  recalc_face_normals: SKIPPED (v38, geometric only)
  geometric orientation: reversed 1920 bowl faces to face -Y, still wrong=0
  UV分配: 10710 loops, avg=(0.0793,0.0632), u=[0.0000,1.0000] v=[0.0000,1.0000]
  make_eye_cup R: boundary ring M=89 (of 1 rings), ring relaxed x12, jump avg=0.47mm max=0.87mm
  recalc_face_normals: SKIPPED (v38, geometric only)
  geometric orientation: reversed 247 bowl faces to face -Y, still wrong=0
  UV分配: 9844 loops, avg=(0.5786,0.1021), u=[0.0000,1.0000] v=[0.0000,1.0000]
  Saved: E:\WangZhen_Project\AI\ShuZiRen\Hermes\SZRYanJiu\v3_QuadRemesher_交付\01A眼窝与眼球\models\01_1_eye_socket.blend
  00:03.062  render           | Saved: 'E:\WangZhen_Project\AI\ShuZiRen\Hermes\SZRYanJiu\v3_QuadRemesher_交付\01A眼窝与眼球\screenshots\v39_norm_front.png'
  00:03.468  render           | Saved: 'E:\WangZhen_Project\AI\ShuZiRen\Hermes\SZRYanJiu\v3_QuadRemesher_交付\01A眼窝与眼球\screenshots\v39_norm_sideL.png'
  00:04.328  render           | Saved: 'E:\WangZhen_Project\AI\ShuZiRen\Hermes\SZRYanJiu\v3_QuadRemesher_交付\01A眼窝与眼球\screenshots\v39_tex_front.png'
  00:04.734  render           | Saved: 'E:\WangZhen_Project\AI\ShuZiRen\Hermes\SZRYanJiu\v3_QuadRemesher_交付\01A眼窝与眼球\screenshots\v39_tex_sideL.png'
迭代78完成

--- 迭代 79 ---
  01:28.375  render           | Saved: 'E:\WangZhen_Project\AI\ShuZiRen\Hermes\SZRYanJiu\v3_QuadRemesher_交付\01A眼窝与眼球\screenshots\01_1_eye_socket_front.png'
  01:28.515  render           | Saved: 'E:\WangZhen_Project\AI\ShuZiRen\Hermes\SZRYanJiu\v3_QuadRemesher_交付\01A眼窝与眼球\screenshots\01_1_eye_socket_side.png'
  make_eye_cup L: boundary ring M=90 (of 1 rings), ring relaxed x12, jump avg=0.46mm max=0.79mm
  recalc_face_normals: SKIPPED (v38, geometric only)
  geometric orientation: reversed 1920 bowl faces to face -Y, still wrong=0
  UV分配: 10710 loops, avg=(0.0793,0.0632), u=[0.0000,1.0000] v=[0.0000,1.0000]
  make_eye_cup R: boundary ring M=89 (of 1 rings), ring relaxed x12, jump avg=0.47mm max=0.87mm
  recalc_face_normals: SKIPPED (v38, geometric only)
  geometric orientation: reversed 247 bowl faces to face -Y, still wrong=0
  UV分配: 9844 loops, avg=(0.5786,0.1021), u=[0.0000,1.0000] v=[0.0000,1.0000]
  Saved: E:\WangZhen_Project\AI\ShuZiRen\Hermes\SZRYanJiu\v3_QuadRemesher_交付\01A眼窝与眼球\models\01_1_eye_socket.blend
  00:02.985  render           | Saved: 'E:\WangZhen_Project\AI\ShuZiRen\Hermes\SZRYanJiu\v3_QuadRemesher_交付\01A眼窝与眼球\screenshots\v39_norm_front.png'
  00:03.391  render           | Saved: 'E:\WangZhen_Project\AI\ShuZiRen\Hermes\SZRYanJiu\v3_QuadRemesher_交付\01A眼窝与眼球\screenshots\v39_norm_sideL.png'
  00:04.235  render           | Saved: 'E:\WangZhen_Project\AI\ShuZiRen\Hermes\SZRYanJiu\v3_QuadRemesher_交付\01A眼窝与眼球\screenshots\v39_tex_front.png'
  00:04.672  render           | Saved: 'E:\WangZhen_Project\AI\ShuZiRen\Hermes\SZRYanJiu\v3_QuadRemesher_交付\01A眼窝与眼球\screenshots\v39_tex_sideL.png'
迭代79完成

--- 迭代 80 ---
  01:28.281  render           | Saved: 'E:\WangZhen_Project\AI\ShuZiRen\Hermes\SZRYanJiu\v3_QuadRemesher_交付\01A眼窝与眼球\screenshots\01_1_eye_socket_front.png'
  01:28.406  render           | Saved: 'E:\WangZhen_Project\AI\ShuZiRen\Hermes\SZRYanJiu\v3_QuadRemesher_交付\01A眼窝与眼球\screenshots\01_1_eye_socket_side.png'
  make_eye_cup L: boundary ring M=90 (of 1 rings), ring relaxed x12, jump avg=0.46mm max=0.79mm
  recalc_face_normals: SKIPPED (v38, geometric only)
  geometric orientation: reversed 1920 bowl faces to face -Y, still wrong=0
  UV分配: 10710 loops, avg=(0.0793,0.0632), u=[0.0000,1.0000] v=[0.0000,1.0000]
  make_eye_cup R: boundary ring M=89 (of 1 rings), ring relaxed x12, jump avg=0.47mm max=0.87mm
  recalc_face_normals: SKIPPED (v38, geometric only)
  geometric orientation: reversed 247 bowl faces to face -Y, still wrong=0
  UV分配: 9844 loops, avg=(0.5786,0.1021), u=[0.0000,1.0000] v=[0.0000,1.0000]
  Saved: E:\WangZhen_Project\AI\ShuZiRen\Hermes\SZRYanJiu\v3_QuadRemesher_交付\01A眼窝与眼球\models\01_1_eye_socket.blend
  00:03.000  render           | Saved: 'E:\WangZhen_Project\AI\ShuZiRen\Hermes\SZRYanJiu\v3_QuadRemesher_交付\01A眼窝与眼球\screenshots\v39_norm_front.png'
  00:03.437  render           | Saved: 'E:\WangZhen_Project\AI\ShuZiRen\Hermes\SZRYanJiu\v3_QuadRemesher_交付\01A眼窝与眼球\screenshots\v39_norm_sideL.png'
  00:04.297  render           | Saved: 'E:\WangZhen_Project\AI\ShuZiRen\Hermes\SZRYanJiu\v3_QuadRemesher_交付\01A眼窝与眼球\screenshots\v39_tex_front.png'
  00:04.719  render           | Saved: 'E:\WangZhen_Project\AI\ShuZiRen\Hermes\SZRYanJiu\v3_QuadRemesher_交付\01A眼窝与眼球\screenshots\v39_tex_sideL.png'
迭代80完成

--- 迭代 81 ---
  01:28.188  render           | Saved: 'E:\WangZhen_Project\AI\ShuZiRen\Hermes\SZRYanJiu\v3_QuadRemesher_交付\01A眼窝与眼球\screenshots\01_1_eye_socket_front.png'
  01:28.313  render           | Saved: 'E:\WangZhen_Project\AI\ShuZiRen\Hermes\SZRYanJiu\v3_QuadRemesher_交付\01A眼窝与眼球\screenshots\01_1_eye_socket_side.png'
  make_eye_cup L: boundary ring M=90 (of 1 rings), ring relaxed x12, jump avg=0.46mm max=0.79mm
  recalc_face_normals: SKIPPED (v38, geometric only)
  geometric orientation: reversed 1920 bowl faces to face -Y, still wrong=0
  UV分配: 10710 loops, avg=(0.0793,0.0632), u=[0.0000,1.0000] v=[0.0000,1.0000]
  make_eye_cup R: boundary ring M=89 (of 1 rings), ring relaxed x12, jump avg=0.47mm max=0.87mm
  recalc_face_normals: SKIPPED (v38, geometric only)
  geometric orientation: reversed 247 bowl faces to face -Y, still wrong=0
  UV分配: 9844 loops, avg=(0.5786,0.1021), u=[0.0000,1.0000] v=[0.0000,1.0000]
  Saved: E:\WangZhen_Project\AI\ShuZiRen\Hermes\SZRYanJiu\v3_QuadRemesher_交付\01A眼窝与眼球\models\01_1_eye_socket.blend
  00:03.031  render           | Saved: 'E:\WangZhen_Project\AI\ShuZiRen\Hermes\SZRYanJiu\v3_QuadRemesher_交付\01A眼窝与眼球\screenshots\v39_norm_front.png'
  00:03.422  render           | Saved: 'E:\WangZhen_Project\AI\ShuZiRen\Hermes\SZRYanJiu\v3_QuadRemesher_交付\01A眼窝与眼球\screenshots\v39_norm_sideL.png'
  00:04.265  render           | Saved: 'E:\WangZhen_Project\AI\ShuZiRen\Hermes\SZRYanJiu\v3_QuadRemesher_交付\01A眼窝与眼球\screenshots\v39_tex_front.png'
  00:04.687  render           | Saved: 'E:\WangZhen_Project\AI\ShuZiRen\Hermes\SZRYanJiu\v3_QuadRemesher_交付\01A眼窝与眼球\screenshots\v39_tex_sideL.png'
迭代81完成

--- 迭代 82 ---
  01:27.578  render           | Saved: 'E:\WangZhen_Project\AI\ShuZiRen\Hermes\SZRYanJiu\v3_QuadRemesher_交付\01A眼窝与眼球\screenshots\01_1_eye_socket_front.png'
  01:27.719  render           | Saved: 'E:\WangZhen_Project\AI\ShuZiRen\Hermes\SZRYanJiu\v3_QuadRemesher_交付\01A眼窝与眼球\screenshots\01_1_eye_socket_side.png'
  make_eye_cup L: boundary ring M=90 (of 1 rings), ring relaxed x12, jump avg=0.46mm max=0.79mm
  recalc_face_normals: SKIPPED (v38, geometric only)
  geometric orientation: reversed 1920 bowl faces to face -Y, still wrong=0
  UV分配: 10710 loops, avg=(0.0793,0.0632), u=[0.0000,1.0000] v=[0.0000,1.0000]
  make_eye_cup R: boundary ring M=89 (of 1 rings), ring relaxed x12, jump avg=0.47mm max=0.87mm
  recalc_face_normals: SKIPPED (v38, geometric only)
  geometric orientation: reversed 247 bowl faces to face -Y, still wrong=0
  UV分配: 9844 loops, avg=(0.5786,0.1021), u=[0.0000,1.0000] v=[0.0000,1.0000]
  Saved: E:\WangZhen_Project\AI\ShuZiRen\Hermes\SZRYanJiu\v3_QuadRemesher_交付\01A眼窝与眼球\models\01_1_eye_socket.blend
  00:03.000  render           | Saved: 'E:\WangZhen_Project\AI\ShuZiRen\Hermes\SZRYanJiu\v3_QuadRemesher_交付\01A眼窝与眼球\screenshots\v39_norm_front.png'
  00:03.375  render           | Saved: 'E:\WangZhen_Project\AI\ShuZiRen\Hermes\SZRYanJiu\v3_QuadRemesher_交付\01A眼窝与眼球\screenshots\v39_norm_sideL.png'
  00:04.219  render           | Saved: 'E:\WangZhen_Project\AI\ShuZiRen\Hermes\SZRYanJiu\v3_QuadRemesher_交付\01A眼窝与眼球\screenshots\v39_tex_front.png'
  00:04.656  render           | Saved: 'E:\WangZhen_Project\AI\ShuZiRen\Hermes\SZRYanJiu\v3_QuadRemesher_交付\01A眼窝与眼球\screenshots\v39_tex_sideL.png'
迭代82完成

--- 迭代 83 ---
  01:28.062  render           | Saved: 'E:\WangZhen_Project\AI\ShuZiRen\Hermes\SZRYanJiu\v3_QuadRemesher_交付\01A眼窝与眼球\screenshots\01_1_eye_socket_front.png'
  01:28.187  render           | Saved: 'E:\WangZhen_Project\AI\ShuZiRen\Hermes\SZRYanJiu\v3_QuadRemesher_交付\01A眼窝与眼球\screenshots\01_1_eye_socket_side.png'
  make_eye_cup L: boundary ring M=90 (of 1 rings), ring relaxed x12, jump avg=0.46mm max=0.79mm
  recalc_face_normals: SKIPPED (v38, geometric only)
  geometric orientation: reversed 1920 bowl faces to face -Y, still wrong=0
  UV分配: 10710 loops, avg=(0.0793,0.0632), u=[0.0000,1.0000] v=[0.0000,1.0000]
  make_eye_cup R: boundary ring M=89 (of 1 rings), ring relaxed x12, jump avg=0.47mm max=0.87mm
  recalc_face_normals: SKIPPED (v38, geometric only)
  geometric orientation: reversed 247 bowl faces to face -Y, still wrong=0
  UV分配: 9844 loops, avg=(0.5786,0.1021), u=[0.0000,1.0000] v=[0.0000,1.0000]
  Saved: E:\WangZhen_Project\AI\ShuZiRen\Hermes\SZRYanJiu\v3_QuadRemesher_交付\01A眼窝与眼球\models\01_1_eye_socket.blend
  00:03.000  render           | Saved: 'E:\WangZhen_Project\AI\ShuZiRen\Hermes\SZRYanJiu\v3_QuadRemesher_交付\01A眼窝与眼球\screenshots\v39_norm_front.png'
  00:03.390  render           | Saved: 'E:\WangZhen_Project\AI\ShuZiRen\Hermes\SZRYanJiu\v3_QuadRemesher_交付\01A眼窝与眼球\screenshots\v39_norm_sideL.png'
  00:04.234  render           | Saved: 'E:\WangZhen_Project\AI\ShuZiRen\Hermes\SZRYanJiu\v3_QuadRemesher_交付\01A眼窝与眼球\screenshots\v39_tex_front.png'
  00:04.656  render           | Saved: 'E:\WangZhen_Project\AI\ShuZiRen\Hermes\SZRYanJiu\v3_QuadRemesher_交付\01A眼窝与眼球\screenshots\v39_tex_sideL.png'
迭代83完成

--- 迭代 84 ---
  01:29.125  render           | Saved: 'E:\WangZhen_Project\AI\ShuZiRen\Hermes\SZRYanJiu\v3_QuadRemesher_交付\01A眼窝与眼球\screenshots\01_1_eye_socket_front.png'
  01:29.266  render           | Saved: 'E:\WangZhen_Project\AI\ShuZiRen\Hermes\SZRYanJiu\v3_QuadRemesher_交付\01A眼窝与眼球\screenshots\01_1_eye_socket_side.png'
  make_eye_cup L: boundary ring M=90 (of 1 rings), ring relaxed x12, jump avg=0.46mm max=0.79mm
  recalc_face_normals: SKIPPED (v38, geometric only)
  geometric orientation: reversed 1920 bowl faces to face -Y, still wrong=0
  UV分配: 10710 loops, avg=(0.0793,0.0632), u=[0.0000,1.0000] v=[0.0000,1.0000]
  make_eye_cup R: boundary ring M=89 (of 1 rings), ring relaxed x12, jump avg=0.47mm max=0.87mm
  recalc_face_normals: SKIPPED (v38, geometric only)
  geometric orientation: reversed 247 bowl faces to face -Y, still wrong=0
  UV分配: 9844 loops, avg=(0.5786,0.1021), u=[0.0000,1.0000] v=[0.0000,1.0000]
  Saved: E:\WangZhen_Project\AI\ShuZiRen\Hermes\SZRYanJiu\v3_QuadRemesher_交付\01A眼窝与眼球\models\01_1_eye_socket.blend
  00:02.985  render           | Saved: 'E:\WangZhen_Project\AI\ShuZiRen\Hermes\SZRYanJiu\v3_QuadRemesher_交付\01A眼窝与眼球\screenshots\v39_norm_front.png'
  00:03.375  render           | Saved: 'E:\WangZhen_Project\AI\ShuZiRen\Hermes\SZRYanJiu\v3_QuadRemesher_交付\01A眼窝与眼球\screenshots\v39_norm_sideL.png'
  00:04.235  render           | Saved: 'E:\WangZhen_Project\AI\ShuZiRen\Hermes\SZRYanJiu\v3_QuadRemesher_交付\01A眼窝与眼球\screenshots\v39_tex_front.png'
  00:04.657  render           | Saved: 'E:\WangZhen_Project\AI\ShuZiRen\Hermes\SZRYanJiu\v3_QuadRemesher_交付\01A眼窝与眼球\screenshots\v39_tex_sideL.png'
迭代84完成

--- 迭代 85 ---
  01:27.828  render           | Saved: 'E:\WangZhen_Project\AI\ShuZiRen\Hermes\SZRYanJiu\v3_QuadRemesher_交付\01A眼窝与眼球\screenshots\01_1_eye_socket_front.png'
  01:27.953  render           | Saved: 'E:\WangZhen_Project\AI\ShuZiRen\Hermes\SZRYanJiu\v3_QuadRemesher_交付\01A眼窝与眼球\screenshots\01_1_eye_socket_side.png'
  make_eye_cup L: boundary ring M=90 (of 1 rings), ring relaxed x12, jump avg=0.46mm max=0.79mm
  recalc_face_normals: SKIPPED (v38, geometric only)
  geometric orientation: reversed 1920 bowl faces to face -Y, still wrong=0
  UV分配: 10710 loops, avg=(0.0793,0.0632), u=[0.0000,1.0000] v=[0.0000,1.0000]
  make_eye_cup R: boundary ring M=89 (of 1 rings), ring relaxed x12, jump avg=0.47mm max=0.87mm
  recalc_face_normals: SKIPPED (v38, geometric only)
  geometric orientation: reversed 247 bowl faces to face -Y, still wrong=0
  UV分配: 9844 loops, avg=(0.5786,0.1021), u=[0.0000,1.0000] v=[0.0000,1.0000]
  Saved: E:\WangZhen_Project\AI\ShuZiRen\Hermes\SZRYanJiu\v3_QuadRemesher_交付\01A眼窝与眼球\models\01_1_eye_socket.blend
  00:02.985  render           | Saved: 'E:\WangZhen_Project\AI\ShuZiRen\Hermes\SZRYanJiu\v3_QuadRemesher_交付\01A眼窝与眼球\screenshots\v39_norm_front.png'
  00:03.391  render           | Saved: 'E:\WangZhen_Project\AI\ShuZiRen\Hermes\SZRYanJiu\v3_QuadRemesher_交付\01A眼窝与眼球\screenshots\v39_norm_sideL.png'
  00:04.250  render           | Saved: 'E:\WangZhen_Project\AI\ShuZiRen\Hermes\SZRYanJiu\v3_QuadRemesher_交付\01A眼窝与眼球\screenshots\v39_tex_front.png'
  00:04.656  render           | Saved: 'E:\WangZhen_Project\AI\ShuZiRen\Hermes\SZRYanJiu\v3_QuadRemesher_交付\01A眼窝与眼球\screenshots\v39_tex_sideL.png'
迭代85完成

--- 迭代 86 ---
  01:28.031  render           | Saved: 'E:\WangZhen_Project\AI\ShuZiRen\Hermes\SZRYanJiu\v3_QuadRemesher_交付\01A眼窝与眼球\screenshots\01_1_eye_socket_front.png'
  01:28.156  render           | Saved: 'E:\WangZhen_Project\AI\ShuZiRen\Hermes\SZRYanJiu\v3_QuadRemesher_交付\01A眼窝与眼球\screenshots\01_1_eye_socket_side.png'
  make_eye_cup L: boundary ring M=90 (of 1 rings), ring relaxed x12, jump avg=0.46mm max=0.79mm
  recalc_face_normals: SKIPPED (v38, geometric only)
  geometric orientation: reversed 1920 bowl faces to face -Y, still wrong=0
  UV分配: 10710 loops, avg=(0.0793,0.0632), u=[0.0000,1.0000] v=[0.0000,1.0000]
  make_eye_cup R: boundary ring M=89 (of 1 rings), ring relaxed x12, jump avg=0.47mm max=0.87mm
  recalc_face_normals: SKIPPED (v38, geometric only)
  geometric orientation: reversed 247 bowl faces to face -Y, still wrong=0
  UV分配: 9844 loops, avg=(0.5786,0.1021), u=[0.0000,1.0000] v=[0.0000,1.0000]
  Saved: E:\WangZhen_Project\AI\ShuZiRen\Hermes\SZRYanJiu\v3_QuadRemesher_交付\01A眼窝与眼球\models\01_1_eye_socket.blend
  00:03.078  render           | Saved: 'E:\WangZhen_Project\AI\ShuZiRen\Hermes\SZRYanJiu\v3_QuadRemesher_交付\01A眼窝与眼球\screenshots\v39_norm_front.png'
  00:03.484  render           | Saved: 'E:\WangZhen_Project\AI\ShuZiRen\Hermes\SZRYanJiu\v3_QuadRemesher_交付\01A眼窝与眼球\screenshots\v39_norm_sideL.png'
  00:04.328  render           | Saved: 'E:\WangZhen_Project\AI\ShuZiRen\Hermes\SZRYanJiu\v3_QuadRemesher_交付\01A眼窝与眼球\screenshots\v39_tex_front.png'
  00:04.750  render           | Saved: 'E:\WangZhen_Project\AI\ShuZiRen\Hermes\SZRYanJiu\v3_QuadRemesher_交付\01A眼窝与眼球\screenshots\v39_tex_sideL.png'
迭代86完成

--- 迭代 87 ---
  01:28.281  render           | Saved: 'E:\WangZhen_Project\AI\ShuZiRen\Hermes\SZRYanJiu\v3_QuadRemesher_交付\01A眼窝与眼球\screenshots\01_1_eye_socket_front.png'
  01:28.406  render           | Saved: 'E:\WangZhen_Project\AI\ShuZiRen\Hermes\SZRYanJiu\v3_QuadRemesher_交付\01A眼窝与眼球\screenshots\01_1_eye_socket_side.png'
  make_eye_cup L: boundary ring M=90 (of 1 rings), ring relaxed x12, jump avg=0.46mm max=0.79mm
  recalc_face_normals: SKIPPED (v38, geometric only)
  geometric orientation: reversed 1920 bowl faces to face -Y, still wrong=0
  UV分配: 10710 loops, avg=(0.0793,0.0632), u=[0.0000,1.0000] v=[0.0000,1.0000]
  make_eye_cup R: boundary ring M=89 (of 1 rings), ring relaxed x12, jump avg=0.47mm max=0.87mm
  recalc_face_normals: SKIPPED (v38, geometric only)
  geometric orientation: reversed 247 bowl faces to face -Y, still wrong=0
  UV分配: 9844 loops, avg=(0.5786,0.1021), u=[0.0000,1.0000] v=[0.0000,1.0000]
  Saved: E:\WangZhen_Project\AI\ShuZiRen\Hermes\SZRYanJiu\v3_QuadRemesher_交付\01A眼窝与眼球\models\01_1_eye_socket.blend
  00:03.015  render           | Saved: 'E:\WangZhen_Project\AI\ShuZiRen\Hermes\SZRYanJiu\v3_QuadRemesher_交付\01A眼窝与眼球\screenshots\v39_norm_front.png'
  00:03.421  render           | Saved: 'E:\WangZhen_Project\AI\ShuZiRen\Hermes\SZRYanJiu\v3_QuadRemesher_交付\01A眼窝与眼球\screenshots\v39_norm_sideL.png'
  00:04.296  render           | Saved: 'E:\WangZhen_Project\AI\ShuZiRen\Hermes\SZRYanJiu\v3_QuadRemesher_交付\01A眼窝与眼球\screenshots\v39_tex_front.png'
  00:04.718  render           | Saved: 'E:\WangZhen_Project\AI\ShuZiRen\Hermes\SZRYanJiu\v3_QuadRemesher_交付\01A眼窝与眼球\screenshots\v39_tex_sideL.png'
迭代87完成

--- 迭代 88 ---
  01:28.047  render           | Saved: 'E:\WangZhen_Project\AI\ShuZiRen\Hermes\SZRYanJiu\v3_QuadRemesher_交付\01A眼窝与眼球\screenshots\01_1_eye_socket_front.png'
  01:28.172  render           | Saved: 'E:\WangZhen_Project\AI\ShuZiRen\Hermes\SZRYanJiu\v3_QuadRemesher_交付\01A眼窝与眼球\screenshots\01_1_eye_socket_side.png'
  make_eye_cup L: boundary ring M=90 (of 1 rings), ring relaxed x12, jump avg=0.46mm max=0.79mm
  recalc_face_normals: SKIPPED (v38, geometric only)
  geometric orientation: reversed 1920 bowl faces to face -Y, still wrong=0
  UV分配: 10710 loops, avg=(0.0793,0.0632), u=[0.0000,1.0000] v=[0.0000,1.0000]
  make_eye_cup R: boundary ring M=89 (of 1 rings), ring relaxed x12, jump avg=0.47mm max=0.87mm
  recalc_face_normals: SKIPPED (v38, geometric only)
  geometric orientation: reversed 247 bowl faces to face -Y, still wrong=0
  UV分配: 9844 loops, avg=(0.5786,0.1021), u=[0.0000,1.0000] v=[0.0000,1.0000]
  Saved: E:\WangZhen_Project\AI\ShuZiRen\Hermes\SZRYanJiu\v3_QuadRemesher_交付\01A眼窝与眼球\models\01_1_eye_socket.blend
  00:02.985  render           | Saved: 'E:\WangZhen_Project\AI\ShuZiRen\Hermes\SZRYanJiu\v3_QuadRemesher_交付\01A眼窝与眼球\screenshots\v39_norm_front.png'
  00:03.391  render           | Saved: 'E:\WangZhen_Project\AI\ShuZiRen\Hermes\SZRYanJiu\v3_QuadRemesher_交付\01A眼窝与眼球\screenshots\v39_norm_sideL.png'
  00:04.250  render           | Saved: 'E:\WangZhen_Project\AI\ShuZiRen\Hermes\SZRYanJiu\v3_QuadRemesher_交付\01A眼窝与眼球\screenshots\v39_tex_front.png'
  00:04.688  render           | Saved: 'E:\WangZhen_Project\AI\ShuZiRen\Hermes\SZRYanJiu\v3_QuadRemesher_交付\01A眼窝与眼球\screenshots\v39_tex_sideL.png'
迭代88完成

--- 迭代 89 ---
  01:27.719  render           | Saved: 'E:\WangZhen_Project\AI\ShuZiRen\Hermes\SZRYanJiu\v3_QuadRemesher_交付\01A眼窝与眼球\screenshots\01_1_eye_socket_front.png'
  01:27.844  render           | Saved: 'E:\WangZhen_Project\AI\ShuZiRen\Hermes\SZRYanJiu\v3_QuadRemesher_交付\01A眼窝与眼球\screenshots\01_1_eye_socket_side.png'
  make_eye_cup L: boundary ring M=90 (of 1 rings), ring relaxed x12, jump avg=0.46mm max=0.79mm
  recalc_face_normals: SKIPPED (v38, geometric only)
  geometric orientation: reversed 1920 bowl faces to face -Y, still wrong=0
  UV分配: 10710 loops, avg=(0.0793,0.0632), u=[0.0000,1.0000] v=[0.0000,1.0000]
  make_eye_cup R: boundary ring M=89 (of 1 rings), ring relaxed x12, jump avg=0.47mm max=0.87mm
  recalc_face_normals: SKIPPED (v38, geometric only)
  geometric orientation: reversed 247 bowl faces to face -Y, still wrong=0
  UV分配: 9844 loops, avg=(0.5786,0.1021), u=[0.0000,1.0000] v=[0.0000,1.0000]
  Saved: E:\WangZhen_Project\AI\ShuZiRen\Hermes\SZRYanJiu\v3_QuadRemesher_交付\01A眼窝与眼球\models\01_1_eye_socket.blend
  00:02.984  render           | Saved: 'E:\WangZhen_Project\AI\ShuZiRen\Hermes\SZRYanJiu\v3_QuadRemesher_交付\01A眼窝与眼球\screenshots\v39_norm_front.png'
  00:03.375  render           | Saved: 'E:\WangZhen_Project\AI\ShuZiRen\Hermes\SZRYanJiu\v3_QuadRemesher_交付\01A眼窝与眼球\screenshots\v39_norm_sideL.png'
  00:04.234  render           | Saved: 'E:\WangZhen_Project\AI\ShuZiRen\Hermes\SZRYanJiu\v3_QuadRemesher_交付\01A眼窝与眼球\screenshots\v39_tex_front.png'
  00:04.656  render           | Saved: 'E:\WangZhen_Project\AI\ShuZiRen\Hermes\SZRYanJiu\v3_QuadRemesher_交付\01A眼窝与眼球\screenshots\v39_tex_sideL.png'
迭代89完成

--- 迭代 90 ---
  01:27.547  render           | Saved: 'E:\WangZhen_Project\AI\ShuZiRen\Hermes\SZRYanJiu\v3_QuadRemesher_交付\01A眼窝与眼球\screenshots\01_1_eye_socket_front.png'
  01:27.688  render           | Saved: 'E:\WangZhen_Project\AI\ShuZiRen\Hermes\SZRYanJiu\v3_QuadRemesher_交付\01A眼窝与眼球\screenshots\01_1_eye_socket_side.png'
  make_eye_cup L: boundary ring M=90 (of 1 rings), ring relaxed x12, jump avg=0.46mm max=0.79mm
  recalc_face_normals: SKIPPED (v38, geometric only)
  geometric orientation: reversed 1920 bowl faces to face -Y, still wrong=0
  UV分配: 10710 loops, avg=(0.0793,0.0632), u=[0.0000,1.0000] v=[0.0000,1.0000]
  make_eye_cup R: boundary ring M=89 (of 1 rings), ring relaxed x12, jump avg=0.47mm max=0.87mm
  recalc_face_normals: SKIPPED (v38, geometric only)
  geometric orientation: reversed 247 bowl faces to face -Y, still wrong=0
  UV分配: 9844 loops, avg=(0.5786,0.1021), u=[0.0000,1.0000] v=[0.0000,1.0000]
  Saved: E:\WangZhen_Project\AI\ShuZiRen\Hermes\SZRYanJiu\v3_QuadRemesher_交付\01A眼窝与眼球\models\01_1_eye_socket.blend
  00:03.016  render           | Saved: 'E:\WangZhen_Project\AI\ShuZiRen\Hermes\SZRYanJiu\v3_QuadRemesher_交付\01A眼窝与眼球\screenshots\v39_norm_front.png'
  00:03.422  render           | Saved: 'E:\WangZhen_Project\AI\ShuZiRen\Hermes\SZRYanJiu\v3_QuadRemesher_交付\01A眼窝与眼球\screenshots\v39_norm_sideL.png'
  00:04.282  render           | Saved: 'E:\WangZhen_Project\AI\ShuZiRen\Hermes\SZRYanJiu\v3_QuadRemesher_交付\01A眼窝与眼球\screenshots\v39_tex_front.png'
  00:04.704  render           | Saved: 'E:\WangZhen_Project\AI\ShuZiRen\Hermes\SZRYanJiu\v3_QuadRemesher_交付\01A眼窝与眼球\screenshots\v39_tex_sideL.png'
迭代90完成

--- 迭代 91 ---
  01:27.703  render           | Saved: 'E:\WangZhen_Project\AI\ShuZiRen\Hermes\SZRYanJiu\v3_QuadRemesher_交付\01A眼窝与眼球\screenshots\01_1_eye_socket_front.png'
  01:27.859  render           | Saved: 'E:\WangZhen_Project\AI\ShuZiRen\Hermes\SZRYanJiu\v3_QuadRemesher_交付\01A眼窝与眼球\screenshots\01_1_eye_socket_side.png'
  make_eye_cup L: boundary ring M=90 (of 1 rings), ring relaxed x12, jump avg=0.46mm max=0.79mm
  recalc_face_normals: SKIPPED (v38, geometric only)
  geometric orientation: reversed 1920 bowl faces to face -Y, still wrong=0
  UV分配: 10710 loops, avg=(0.0793,0.0632), u=[0.0000,1.0000] v=[0.0000,1.0000]
  make_eye_cup R: boundary ring M=89 (of 1 rings), ring relaxed x12, jump avg=0.47mm max=0.87mm
  recalc_face_normals: SKIPPED (v38, geometric only)
  geometric orientation: reversed 247 bowl faces to face -Y, still wrong=0
  UV分配: 9844 loops, avg=(0.5786,0.1021), u=[0.0000,1.0000] v=[0.0000,1.0000]
  Saved: E:\WangZhen_Project\AI\ShuZiRen\Hermes\SZRYanJiu\v3_QuadRemesher_交付\01A眼窝与眼球\models\01_1_eye_socket.blend
  00:03.016  render           | Saved: 'E:\WangZhen_Project\AI\ShuZiRen\Hermes\SZRYanJiu\v3_QuadRemesher_交付\01A眼窝与眼球\screenshots\v39_norm_front.png'
  00:03.422  render           | Saved: 'E:\WangZhen_Project\AI\ShuZiRen\Hermes\SZRYanJiu\v3_QuadRemesher_交付\01A眼窝与眼球\screenshots\v39_norm_sideL.png'
  00:04.266  render           | Saved: 'E:\WangZhen_Project\AI\ShuZiRen\Hermes\SZRYanJiu\v3_QuadRemesher_交付\01A眼窝与眼球\screenshots\v39_tex_front.png'
  00:04.688  render           | Saved: 'E:\WangZhen_Project\AI\ShuZiRen\Hermes\SZRYanJiu\v3_QuadRemesher_交付\01A眼窝与眼球\screenshots\v39_tex_sideL.png'
迭代91完成

--- 迭代 92 ---
  01:28.063  render           | Saved: 'E:\WangZhen_Project\AI\ShuZiRen\Hermes\SZRYanJiu\v3_QuadRemesher_交付\01A眼窝与眼球\screenshots\01_1_eye_socket_front.png'
  01:28.203  render           | Saved: 'E:\WangZhen_Project\AI\ShuZiRen\Hermes\SZRYanJiu\v3_QuadRemesher_交付\01A眼窝与眼球\screenshots\01_1_eye_socket_side.png'
  make_eye_cup L: boundary ring M=90 (of 1 rings), ring relaxed x12, jump avg=0.46mm max=0.79mm
  recalc_face_normals: SKIPPED (v38, geometric only)
  geometric orientation: reversed 1920 bowl faces to face -Y, still wrong=0
  UV分配: 10710 loops, avg=(0.0793,0.0632), u=[0.0000,1.0000] v=[0.0000,1.0000]
  make_eye_cup R: boundary ring M=89 (of 1 rings), ring relaxed x12, jump avg=0.47mm max=0.87mm
  recalc_face_normals: SKIPPED (v38, geometric only)
  geometric orientation: reversed 247 bowl faces to face -Y, still wrong=0
  UV分配: 9844 loops, avg=(0.5786,0.1021), u=[0.0000,1.0000] v=[0.0000,1.0000]
  Saved: E:\WangZhen_Project\AI\ShuZiRen\Hermes\SZRYanJiu\v3_QuadRemesher_交付\01A眼窝与眼球\models\01_1_eye_socket.blend
  00:03.016  render           | Saved: 'E:\WangZhen_Project\AI\ShuZiRen\Hermes\SZRYanJiu\v3_QuadRemesher_交付\01A眼窝与眼球\screenshots\v39_norm_front.png'
  00:03.406  render           | Saved: 'E:\WangZhen_Project\AI\ShuZiRen\Hermes\SZRYanJiu\v3_QuadRemesher_交付\01A眼窝与眼球\screenshots\v39_norm_sideL.png'
  00:04.266  render           | Saved: 'E:\WangZhen_Project\AI\ShuZiRen\Hermes\SZRYanJiu\v3_QuadRemesher_交付\01A眼窝与眼球\screenshots\v39_tex_front.png'
  00:04.688  render           | Saved: 'E:\WangZhen_Project\AI\ShuZiRen\Hermes\SZRYanJiu\v3_QuadRemesher_交付\01A眼窝与眼球\screenshots\v39_tex_sideL.png'
迭代92完成

--- 迭代 93 ---
  01:27.860  render           | Saved: 'E:\WangZhen_Project\AI\ShuZiRen\Hermes\SZRYanJiu\v3_QuadRemesher_交付\01A眼窝与眼球\screenshots\01_1_eye_socket_front.png'
  01:27.985  render           | Saved: 'E:\WangZhen_Project\AI\ShuZiRen\Hermes\SZRYanJiu\v3_QuadRemesher_交付\01A眼窝与眼球\screenshots\01_1_eye_socket_side.png'
  make_eye_cup L: boundary ring M=90 (of 1 rings), ring relaxed x12, jump avg=0.46mm max=0.79mm
  recalc_face_normals: SKIPPED (v38, geometric only)
  geometric orientation: reversed 1920 bowl faces to face -Y, still wrong=0
  UV分配: 10710 loops, avg=(0.0793,0.0632), u=[0.0000,1.0000] v=[0.0000,1.0000]
  make_eye_cup R: boundary ring M=89 (of 1 rings), ring relaxed x12, jump avg=0.47mm max=0.87mm
  recalc_face_normals: SKIPPED (v38, geometric only)
  geometric orientation: reversed 247 bowl faces to face -Y, still wrong=0
  UV分配: 9844 loops, avg=(0.5786,0.1021), u=[0.0000,1.0000] v=[0.0000,1.0000]
  Saved: E:\WangZhen_Project\AI\ShuZiRen\Hermes\SZRYanJiu\v3_QuadRemesher_交付\01A眼窝与眼球\models\01_1_eye_socket.blend
  00:03.000  render           | Saved: 'E:\WangZhen_Project\AI\ShuZiRen\Hermes\SZRYanJiu\v3_QuadRemesher_交付\01A眼窝与眼球\screenshots\v39_norm_front.png'
  00:03.390  render           | Saved: 'E:\WangZhen_Project\AI\ShuZiRen\Hermes\SZRYanJiu\v3_QuadRemesher_交付\01A眼窝与眼球\screenshots\v39_norm_sideL.png'
  00:04.234  render           | Saved: 'E:\WangZhen_Project\AI\ShuZiRen\Hermes\SZRYanJiu\v3_QuadRemesher_交付\01A眼窝与眼球\screenshots\v39_tex_front.png'
  00:04.656  render           | Saved: 'E:\WangZhen_Project\AI\ShuZiRen\Hermes\SZRYanJiu\v3_QuadRemesher_交付\01A眼窝与眼球\screenshots\v39_tex_sideL.png'
迭代93完成

--- 迭代 94 ---
  01:27.875  render           | Saved: 'E:\WangZhen_Project\AI\ShuZiRen\Hermes\SZRYanJiu\v3_QuadRemesher_交付\01A眼窝与眼球\screenshots\01_1_eye_socket_front.png'
  01:28.016  render           | Saved: 'E:\WangZhen_Project\AI\ShuZiRen\Hermes\SZRYanJiu\v3_QuadRemesher_交付\01A眼窝与眼球\screenshots\01_1_eye_socket_side.png'
  make_eye_cup L: boundary ring M=90 (of 1 rings), ring relaxed x12, jump avg=0.46mm max=0.79mm
  recalc_face_normals: SKIPPED (v38, geometric only)
  geometric orientation: reversed 1920 bowl faces to face -Y, still wrong=0
  UV分配: 10710 loops, avg=(0.0793,0.0632), u=[0.0000,1.0000] v=[0.0000,1.0000]
  make_eye_cup R: boundary ring M=89 (of 1 rings), ring relaxed x12, jump avg=0.47mm max=0.87mm
  recalc_face_normals: SKIPPED (v38, geometric only)
  geometric orientation: reversed 247 bowl faces to face -Y, still wrong=0
  UV分配: 9844 loops, avg=(0.5786,0.1021), u=[0.0000,1.0000] v=[0.0000,1.0000]
  Saved: E:\WangZhen_Project\AI\ShuZiRen\Hermes\SZRYanJiu\v3_QuadRemesher_交付\01A眼窝与眼球\models\01_1_eye_socket.blend
  00:02.984  render           | Saved: 'E:\WangZhen_Project\AI\ShuZiRen\Hermes\SZRYanJiu\v3_QuadRemesher_交付\01A眼窝与眼球\screenshots\v39_norm_front.png'
  00:03.422  render           | Saved: 'E:\WangZhen_Project\AI\ShuZiRen\Hermes\SZRYanJiu\v3_QuadRemesher_交付\01A眼窝与眼球\screenshots\v39_norm_sideL.png'
  00:04.266  render           | Saved: 'E:\WangZhen_Project\AI\ShuZiRen\Hermes\SZRYanJiu\v3_QuadRemesher_交付\01A眼窝与眼球\screenshots\v39_tex_front.png'
  00:04.719  render           | Saved: 'E:\WangZhen_Project\AI\ShuZiRen\Hermes\SZRYanJiu\v3_QuadRemesher_交付\01A眼窝与眼球\screenshots\v39_tex_sideL.png'
迭代94完成

--- 迭代 95 ---
  01:27.641  render           | Saved: 'E:\WangZhen_Project\AI\ShuZiRen\Hermes\SZRYanJiu\v3_QuadRemesher_交付\01A眼窝与眼球\screenshots\01_1_eye_socket_front.png'
  01:27.766  render           | Saved: 'E:\WangZhen_Project\AI\ShuZiRen\Hermes\SZRYanJiu\v3_QuadRemesher_交付\01A眼窝与眼球\screenshots\01_1_eye_socket_side.png'
  make_eye_cup L: boundary ring M=90 (of 1 rings), ring relaxed x12, jump avg=0.46mm max=0.79mm
  recalc_face_normals: SKIPPED (v38, geometric only)
  geometric orientation: reversed 1920 bowl faces to face -Y, still wrong=0
  UV分配: 10710 loops, avg=(0.0793,0.0632), u=[0.0000,1.0000] v=[0.0000,1.0000]
  make_eye_cup R: boundary ring M=89 (of 1 rings), ring relaxed x12, jump avg=0.47mm max=0.87mm
  recalc_face_normals: SKIPPED (v38, geometric only)
  geometric orientation: reversed 247 bowl faces to face -Y, still wrong=0
  UV分配: 9844 loops, avg=(0.5786,0.1021), u=[0.0000,1.0000] v=[0.0000,1.0000]
  Saved: E:\WangZhen_Project\AI\ShuZiRen\Hermes\SZRYanJiu\v3_QuadRemesher_交付\01A眼窝与眼球\models\01_1_eye_socket.blend
  00:03.078  render           | Saved: 'E:\WangZhen_Project\AI\ShuZiRen\Hermes\SZRYanJiu\v3_QuadRemesher_交付\01A眼窝与眼球\screenshots\v39_norm_front.png'
  00:03.484  render           | Saved: 'E:\WangZhen_Project\AI\ShuZiRen\Hermes\SZRYanJiu\v3_QuadRemesher_交付\01A眼窝与眼球\screenshots\v39_norm_sideL.png'
  00:04.328  render           | Saved: 'E:\WangZhen_Project\AI\ShuZiRen\Hermes\SZRYanJiu\v3_QuadRemesher_交付\01A眼窝与眼球\screenshots\v39_tex_front.png'
  00:04.750  render           | Saved: 'E:\WangZhen_Project\AI\ShuZiRen\Hermes\SZRYanJiu\v3_QuadRemesher_交付\01A眼窝与眼球\screenshots\v39_tex_sideL.png'
迭代95完成

--- 迭代 96 ---
  01:27.922  render           | Saved: 'E:\WangZhen_Project\AI\ShuZiRen\Hermes\SZRYanJiu\v3_QuadRemesher_交付\01A眼窝与眼球\screenshots\01_1_eye_socket_front.png'
  01:28.047  render           | Saved: 'E:\WangZhen_Project\AI\ShuZiRen\Hermes\SZRYanJiu\v3_QuadRemesher_交付\01A眼窝与眼球\screenshots\01_1_eye_socket_side.png'
  make_eye_cup L: boundary ring M=90 (of 1 rings), ring relaxed x12, jump avg=0.46mm max=0.79mm
  recalc_face_normals: SKIPPED (v38, geometric only)
  geometric orientation: reversed 1920 bowl faces to face -Y, still wrong=0
  UV分配: 10710 loops, avg=(0.0793,0.0632), u=[0.0000,1.0000] v=[0.0000,1.0000]
  make_eye_cup R: boundary ring M=89 (of 1 rings), ring relaxed x12, jump avg=0.47mm max=0.87mm
  recalc_face_normals: SKIPPED (v38, geometric only)
  geometric orientation: reversed 247 bowl faces to face -Y, still wrong=0
  UV分配: 9844 loops, avg=(0.5786,0.1021), u=[0.0000,1.0000] v=[0.0000,1.0000]
  Saved: E:\WangZhen_Project\AI\ShuZiRen\Hermes\SZRYanJiu\v3_QuadRemesher_交付\01A眼窝与眼球\models\01_1_eye_socket.blend
  00:03.031  render           | Saved: 'E:\WangZhen_Project\AI\ShuZiRen\Hermes\SZRYanJiu\v3_QuadRemesher_交付\01A眼窝与眼球\screenshots\v39_norm_front.png'
  00:03.438  render           | Saved: 'E:\WangZhen_Project\AI\ShuZiRen\Hermes\SZRYanJiu\v3_QuadRemesher_交付\01A眼窝与眼球\screenshots\v39_norm_sideL.png'
  00:04.297  render           | Saved: 'E:\WangZhen_Project\AI\ShuZiRen\Hermes\SZRYanJiu\v3_QuadRemesher_交付\01A眼窝与眼球\screenshots\v39_tex_front.png'
  00:04.719  render           | Saved: 'E:\WangZhen_Project\AI\ShuZiRen\Hermes\SZRYanJiu\v3_QuadRemesher_交付\01A眼窝与眼球\screenshots\v39_tex_sideL.png'
迭代96完成

--- 迭代 97 ---
  01:27.922  render           | Saved: 'E:\WangZhen_Project\AI\ShuZiRen\Hermes\SZRYanJiu\v3_QuadRemesher_交付\01A眼窝与眼球\screenshots\01_1_eye_socket_front.png'
  01:28.047  render           | Saved: 'E:\WangZhen_Project\AI\ShuZiRen\Hermes\SZRYanJiu\v3_QuadRemesher_交付\01A眼窝与眼球\screenshots\01_1_eye_socket_side.png'
  make_eye_cup L: boundary ring M=90 (of 1 rings), ring relaxed x12, jump avg=0.46mm max=0.79mm
  recalc_face_normals: SKIPPED (v38, geometric only)
  geometric orientation: reversed 1920 bowl faces to face -Y, still wrong=0
  UV分配: 10710 loops, avg=(0.0793,0.0632), u=[0.0000,1.0000] v=[0.0000,1.0000]
  make_eye_cup R: boundary ring M=89 (of 1 rings), ring relaxed x12, jump avg=0.47mm max=0.87mm
  recalc_face_normals: SKIPPED (v38, geometric only)
  geometric orientation: reversed 247 bowl faces to face -Y, still wrong=0
  UV分配: 9844 loops, avg=(0.5786,0.1021), u=[0.0000,1.0000] v=[0.0000,1.0000]
  Saved: E:\WangZhen_Project\AI\ShuZiRen\Hermes\SZRYanJiu\v3_QuadRemesher_交付\01A眼窝与眼球\models\01_1_eye_socket.blend
  00:02.969  render           | Saved: 'E:\WangZhen_Project\AI\ShuZiRen\Hermes\SZRYanJiu\v3_QuadRemesher_交付\01A眼窝与眼球\screenshots\v39_norm_front.png'
  00:03.360  render           | Saved: 'E:\WangZhen_Project\AI\ShuZiRen\Hermes\SZRYanJiu\v3_QuadRemesher_交付\01A眼窝与眼球\screenshots\v39_norm_sideL.png'
  00:04.219  render           | Saved: 'E:\WangZhen_Project\AI\ShuZiRen\Hermes\SZRYanJiu\v3_QuadRemesher_交付\01A眼窝与眼球\screenshots\v39_tex_front.png'
  00:04.656  render           | Saved: 'E:\WangZhen_Project\AI\ShuZiRen\Hermes\SZRYanJiu\v3_QuadRemesher_交付\01A眼窝与眼球\screenshots\v39_tex_sideL.png'
迭代97完成

--- 迭代 98 ---
  01:27.907  render           | Saved: 'E:\WangZhen_Project\AI\ShuZiRen\Hermes\SZRYanJiu\v3_QuadRemesher_交付\01A眼窝与眼球\screenshots\01_1_eye_socket_front.png'
  01:28.032  render           | Saved: 'E:\WangZhen_Project\AI\ShuZiRen\Hermes\SZRYanJiu\v3_QuadRemesher_交付\01A眼窝与眼球\screenshots\01_1_eye_socket_side.png'
  make_eye_cup L: boundary ring M=90 (of 1 rings), ring relaxed x12, jump avg=0.46mm max=0.79mm
  recalc_face_normals: SKIPPED (v38, geometric only)
  geometric orientation: reversed 1920 bowl faces to face -Y, still wrong=0
  UV分配: 10710 loops, avg=(0.0793,0.0632), u=[0.0000,1.0000] v=[0.0000,1.0000]
  make_eye_cup R: boundary ring M=89 (of 1 rings), ring relaxed x12, jump avg=0.47mm max=0.87mm
  recalc_face_normals: SKIPPED (v38, geometric only)
  geometric orientation: reversed 247 bowl faces to face -Y, still wrong=0
  UV分配: 9844 loops, avg=(0.5786,0.1021), u=[0.0000,1.0000] v=[0.0000,1.0000]
  Saved: E:\WangZhen_Project\AI\ShuZiRen\Hermes\SZRYanJiu\v3_QuadRemesher_交付\01A眼窝与眼球\models\01_1_eye_socket.blend
  00:03.015  render           | Saved: 'E:\WangZhen_Project\AI\ShuZiRen\Hermes\SZRYanJiu\v3_QuadRemesher_交付\01A眼窝与眼球\screenshots\v39_norm_front.png'
  00:03.406  render           | Saved: 'E:\WangZhen_Project\AI\ShuZiRen\Hermes\SZRYanJiu\v3_QuadRemesher_交付\01A眼窝与眼球\screenshots\v39_norm_sideL.png'
  00:04.265  render           | Saved: 'E:\WangZhen_Project\AI\ShuZiRen\Hermes\SZRYanJiu\v3_QuadRemesher_交付\01A眼窝与眼球\screenshots\v39_tex_front.png'
  00:04.687  render           | Saved: 'E:\WangZhen_Project\AI\ShuZiRen\Hermes\SZRYanJiu\v3_QuadRemesher_交付\01A眼窝与眼球\screenshots\v39_tex_sideL.png'
迭代98完成

--- 迭代 99 ---
  01:28.219  render           | Saved: 'E:\WangZhen_Project\AI\ShuZiRen\Hermes\SZRYanJiu\v3_QuadRemesher_交付\01A眼窝与眼球\screenshots\01_1_eye_socket_front.png'
  01:28.344  render           | Saved: 'E:\WangZhen_Project\AI\ShuZiRen\Hermes\SZRYanJiu\v3_QuadRemesher_交付\01A眼窝与眼球\screenshots\01_1_eye_socket_side.png'
  make_eye_cup L: boundary ring M=90 (of 1 rings), ring relaxed x12, jump avg=0.46mm max=0.79mm
  recalc_face_normals: SKIPPED (v38, geometric only)
  geometric orientation: reversed 1920 bowl faces to face -Y, still wrong=0
  UV分配: 10710 loops, avg=(0.0793,0.0632), u=[0.0000,1.0000] v=[0.0000,1.0000]
  make_eye_cup R: boundary ring M=89 (of 1 rings), ring relaxed x12, jump avg=0.47mm max=0.87mm
  recalc_face_normals: SKIPPED (v38, geometric only)
  geometric orientation: reversed 247 bowl faces to face -Y, still wrong=0
  UV分配: 9844 loops, avg=(0.5786,0.1021), u=[0.0000,1.0000] v=[0.0000,1.0000]
  Saved: E:\WangZhen_Project\AI\ShuZiRen\Hermes\SZRYanJiu\v3_QuadRemesher_交付\01A眼窝与眼球\models\01_1_eye_socket.blend
  00:02.984  render           | Saved: 'E:\WangZhen_Project\AI\ShuZiRen\Hermes\SZRYanJiu\v3_QuadRemesher_交付\01A眼窝与眼球\screenshots\v39_norm_front.png'
  00:03.390  render           | Saved: 'E:\WangZhen_Project\AI\ShuZiRen\Hermes\SZRYanJiu\v3_QuadRemesher_交付\01A眼窝与眼球\screenshots\v39_norm_sideL.png'
  00:04.234  render           | Saved: 'E:\WangZhen_Project\AI\ShuZiRen\Hermes\SZRYanJiu\v3_QuadRemesher_交付\01A眼窝与眼球\screenshots\v39_tex_front.png'
  00:04.656  render           | Saved: 'E:\WangZhen_Project\AI\ShuZiRen\Hermes\SZRYanJiu\v3_QuadRemesher_交付\01A眼窝与眼球\screenshots\v39_tex_sideL.png'
迭代99完成

--- 迭代 100 ---
  01:27.953  render           | Saved: 'E:\WangZhen_Project\AI\ShuZiRen\Hermes\SZRYanJiu\v3_QuadRemesher_交付\01A眼窝与眼球\screenshots\01_1_eye_socket_front.png'
  01:28.078  render           | Saved: 'E:\WangZhen_Project\AI\ShuZiRen\Hermes\SZRYanJiu\v3_QuadRemesher_交付\01A眼窝与眼球\screenshots\01_1_eye_socket_side.png'
  make_eye_cup L: boundary ring M=90 (of 1 rings), ring relaxed x12, jump avg=0.46mm max=0.79mm
  recalc_face_normals: SKIPPED (v38, geometric only)
  geometric orientation: reversed 1920 bowl faces to face -Y, still wrong=0
  UV分配: 10710 loops, avg=(0.0793,0.0632), u=[0.0000,1.0000] v=[0.0000,1.0000]
  make_eye_cup R: boundary ring M=89 (of 1 rings), ring relaxed x12, jump avg=0.47mm max=0.87mm
  recalc_face_normals: SKIPPED (v38, geometric only)
  geometric orientation: reversed 247 bowl faces to face -Y, still wrong=0
  UV分配: 9844 loops, avg=(0.5786,0.1021), u=[0.0000,1.0000] v=[0.0000,1.0000]
  Saved: E:\WangZhen_Project\AI\ShuZiRen\Hermes\SZRYanJiu\v3_QuadRemesher_交付\01A眼窝与眼球\models\01_1_eye_socket.blend
  00:02.984  render           | Saved: 'E:\WangZhen_Project\AI\ShuZiRen\Hermes\SZRYanJiu\v3_QuadRemesher_交付\01A眼窝与眼球\screenshots\v39_norm_front.png'
  00:03.406  render           | Saved: 'E:\WangZhen_Project\AI\ShuZiRen\Hermes\SZRYanJiu\v3_QuadRemesher_交付\01A眼窝与眼球\screenshots\v39_norm_sideL.png'
  00:04.250  render           | Saved: 'E:\WangZhen_Project\AI\ShuZiRen\Hermes\SZRYanJiu\v3_QuadRemesher_交付\01A眼窝与眼球\screenshots\v39_tex_front.png'
  00:04.672  render           | Saved: 'E:\WangZhen_Project\AI\ShuZiRen\Hermes\SZRYanJiu\v3_QuadRemesher_交付\01A眼窝与眼球\screenshots\v39_tex_sideL.png'
迭代100完成

--- 迭代 101 ---
  01:27.875  render           | Saved: 'E:\WangZhen_Project\AI\ShuZiRen\Hermes\SZRYanJiu\v3_QuadRemesher_交付\01A眼窝与眼球\screenshots\01_1_eye_socket_front.png'
  01:28.016  render           | Saved: 'E:\WangZhen_Project\AI\ShuZiRen\Hermes\SZRYanJiu\v3_QuadRemesher_交付\01A眼窝与眼球\screenshots\01_1_eye_socket_side.png'
  make_eye_cup L: boundary ring M=90 (of 1 rings), ring relaxed x12, jump avg=0.46mm max=0.79mm
  recalc_face_normals: SKIPPED (v38, geometric only)
  geometric orientation: reversed 1920 bowl faces to face -Y, still wrong=0
  UV分配: 10710 loops, avg=(0.0793,0.0632), u=[0.0000,1.0000] v=[0.0000,1.0000]
  make_eye_cup R: boundary ring M=89 (of 1 rings), ring relaxed x12, jump avg=0.47mm max=0.87mm
  recalc_face_normals: SKIPPED (v38, geometric only)
  geometric orientation: reversed 247 bowl faces to face -Y, still wrong=0
  UV分配: 9844 loops, avg=(0.5786,0.1021), u=[0.0000,1.0000] v=[0.0000,1.0000]
  Saved: E:\WangZhen_Project\AI\ShuZiRen\Hermes\SZRYanJiu\v3_QuadRemesher_交付\01A眼窝与眼球\models\01_1_eye_socket.blend
  00:03.000  render           | Saved: 'E:\WangZhen_Project\AI\ShuZiRen\Hermes\SZRYanJiu\v3_QuadRemesher_交付\01A眼窝与眼球\screenshots\v39_norm_front.png'
  00:03.406  render           | Saved: 'E:\WangZhen_Project\AI\ShuZiRen\Hermes\SZRYanJiu\v3_QuadRemesher_交付\01A眼窝与眼球\screenshots\v39_norm_sideL.png'
  00:04.266  render           | Saved: 'E:\WangZhen_Project\AI\ShuZiRen\Hermes\SZRYanJiu\v3_QuadRemesher_交付\01A眼窝与眼球\screenshots\v39_tex_front.png'
  00:04.688  render           | Saved: 'E:\WangZhen_Project\AI\ShuZiRen\Hermes\SZRYanJiu\v3_QuadRemesher_交付\01A眼窝与眼球\screenshots\v39_tex_sideL.png'
迭代101完成

--- 迭代 102 ---
  01:27.813  render           | Saved: 'E:\WangZhen_Project\AI\ShuZiRen\Hermes\SZRYanJiu\v3_QuadRemesher_交付\01A眼窝与眼球\screenshots\01_1_eye_socket_front.png'
  01:27.938  render           | Saved: 'E:\WangZhen_Project\AI\ShuZiRen\Hermes\SZRYanJiu\v3_QuadRemesher_交付\01A眼窝与眼球\screenshots\01_1_eye_socket_side.png'
  make_eye_cup L: boundary ring M=90 (of 1 rings), ring relaxed x12, jump avg=0.46mm max=0.79mm
  recalc_face_normals: SKIPPED (v38, geometric only)
  geometric orientation: reversed 1920 bowl faces to face -Y, still wrong=0
  UV分配: 10710 loops, avg=(0.0793,0.0632), u=[0.0000,1.0000] v=[0.0000,1.0000]
  make_eye_cup R: boundary ring M=89 (of 1 rings), ring relaxed x12, jump avg=0.47mm max=0.87mm
  recalc_face_normals: SKIPPED (v38, geometric only)
  geometric orientation: reversed 247 bowl faces to face -Y, still wrong=0
  UV分配: 9844 loops, avg=(0.5786,0.1021), u=[0.0000,1.0000] v=[0.0000,1.0000]
  Saved: E:\WangZhen_Project\AI\ShuZiRen\Hermes\SZRYanJiu\v3_QuadRemesher_交付\01A眼窝与眼球\models\01_1_eye_socket.blend
  00:03.000  render           | Saved: 'E:\WangZhen_Project\AI\ShuZiRen\Hermes\SZRYanJiu\v3_QuadRemesher_交付\01A眼窝与眼球\screenshots\v39_norm_front.png'
  00:03.390  render           | Saved: 'E:\WangZhen_Project\AI\ShuZiRen\Hermes\SZRYanJiu\v3_QuadRemesher_交付\01A眼窝与眼球\screenshots\v39_norm_sideL.png'
  00:04.234  render           | Saved: 'E:\WangZhen_Project\AI\ShuZiRen\Hermes\SZRYanJiu\v3_QuadRemesher_交付\01A眼窝与眼球\screenshots\v39_tex_front.png'
  00:04.656  render           | Saved: 'E:\WangZhen_Project\AI\ShuZiRen\Hermes\SZRYanJiu\v3_QuadRemesher_交付\01A眼窝与眼球\screenshots\v39_tex_sideL.png'
迭代102完成

--- 迭代 103 ---
  01:27.828  render           | Saved: 'E:\WangZhen_Project\AI\ShuZiRen\Hermes\SZRYanJiu\v3_QuadRemesher_交付\01A眼窝与眼球\screenshots\01_1_eye_socket_front.png'
  01:27.953  render           | Saved: 'E:\WangZhen_Project\AI\ShuZiRen\Hermes\SZRYanJiu\v3_QuadRemesher_交付\01A眼窝与眼球\screenshots\01_1_eye_socket_side.png'
  make_eye_cup L: boundary ring M=90 (of 1 rings), ring relaxed x12, jump avg=0.46mm max=0.79mm
  recalc_face_normals: SKIPPED (v38, geometric only)
  geometric orientation: reversed 1920 bowl faces to face -Y, still wrong=0
  UV分配: 10710 loops, avg=(0.0793,0.0632), u=[0.0000,1.0000] v=[0.0000,1.0000]
  make_eye_cup R: boundary ring M=89 (of 1 rings), ring relaxed x12, jump avg=0.47mm max=0.87mm
  recalc_face_normals: SKIPPED (v38, geometric only)
  geometric orientation: reversed 247 bowl faces to face -Y, still wrong=0
  UV分配: 9844 loops, avg=(0.5786,0.1021), u=[0.0000,1.0000] v=[0.0000,1.0000]
  Saved: E:\WangZhen_Project\AI\ShuZiRen\Hermes\SZRYanJiu\v3_QuadRemesher_交付\01A眼窝与眼球\models\01_1_eye_socket.blend
  00:02.984  render           | Saved: 'E:\WangZhen_Project\AI\ShuZiRen\Hermes\SZRYanJiu\v3_QuadRemesher_交付\01A眼窝与眼球\screenshots\v39_norm_front.png'
  00:03.375  render           | Saved: 'E:\WangZhen_Project\AI\ShuZiRen\Hermes\SZRYanJiu\v3_QuadRemesher_交付\01A眼窝与眼球\screenshots\v39_norm_sideL.png'
  00:04.219  render           | Saved: 'E:\WangZhen_Project\AI\ShuZiRen\Hermes\SZRYanJiu\v3_QuadRemesher_交付\01A眼窝与眼球\screenshots\v39_tex_front.png'
  00:04.641  render           | Saved: 'E:\WangZhen_Project\AI\ShuZiRen\Hermes\SZRYanJiu\v3_QuadRemesher_交付\01A眼窝与眼球\screenshots\v39_tex_sideL.png'
迭代103完成

--- 迭代 104 ---
  01:27.532  render           | Saved: 'E:\WangZhen_Project\AI\ShuZiRen\Hermes\SZRYanJiu\v3_QuadRemesher_交付\01A眼窝与眼球\screenshots\01_1_eye_socket_front.png'
  01:27.657  render           | Saved: 'E:\WangZhen_Project\AI\ShuZiRen\Hermes\SZRYanJiu\v3_QuadRemesher_交付\01A眼窝与眼球\screenshots\01_1_eye_socket_side.png'
  make_eye_cup L: boundary ring M=90 (of 1 rings), ring relaxed x12, jump avg=0.46mm max=0.79mm
  recalc_face_normals: SKIPPED (v38, geometric only)
  geometric orientation: reversed 1920 bowl faces to face -Y, still wrong=0
  UV分配: 10710 loops, avg=(0.0793,0.0632), u=[0.0000,1.0000] v=[0.0000,1.0000]
  make_eye_cup R: boundary ring M=89 (of 1 rings), ring relaxed x12, jump avg=0.47mm max=0.87mm
  recalc_face_normals: SKIPPED (v38, geometric only)
  geometric orientation: reversed 247 bowl faces to face -Y, still wrong=0
  UV分配: 9844 loops, avg=(0.5786,0.1021), u=[0.0000,1.0000] v=[0.0000,1.0000]
  Saved: E:\WangZhen_Project\AI\ShuZiRen\Hermes\SZRYanJiu\v3_QuadRemesher_交付\01A眼窝与眼球\models\01_1_eye_socket.blend
  00:03.062  render           | Saved: 'E:\WangZhen_Project\AI\ShuZiRen\Hermes\SZRYanJiu\v3_QuadRemesher_交付\01A眼窝与眼球\screenshots\v39_norm_front.png'
  00:03.468  render           | Saved: 'E:\WangZhen_Project\AI\ShuZiRen\Hermes\SZRYanJiu\v3_QuadRemesher_交付\01A眼窝与眼球\screenshots\v39_norm_sideL.png'
  00:04.312  render           | Saved: 'E:\WangZhen_Project\AI\ShuZiRen\Hermes\SZRYanJiu\v3_QuadRemesher_交付\01A眼窝与眼球\screenshots\v39_tex_front.png'
  00:04.734  render           | Saved: 'E:\WangZhen_Project\AI\ShuZiRen\Hermes\SZRYanJiu\v3_QuadRemesher_交付\01A眼窝与眼球\screenshots\v39_tex_sideL.png'
迭代104完成

--- 迭代 105 ---
  01:27.609  render           | Saved: 'E:\WangZhen_Project\AI\ShuZiRen\Hermes\SZRYanJiu\v3_QuadRemesher_交付\01A眼窝与眼球\screenshots\01_1_eye_socket_front.png'
  01:27.734  render           | Saved: 'E:\WangZhen_Project\AI\ShuZiRen\Hermes\SZRYanJiu\v3_QuadRemesher_交付\01A眼窝与眼球\screenshots\01_1_eye_socket_side.png'
  make_eye_cup L: boundary ring M=90 (of 1 rings), ring relaxed x12, jump avg=0.46mm max=0.79mm
  recalc_face_normals: SKIPPED (v38, geometric only)
  geometric orientation: reversed 1920 bowl faces to face -Y, still wrong=0
  UV分配: 10710 loops, avg=(0.0793,0.0632), u=[0.0000,1.0000] v=[0.0000,1.0000]
  make_eye_cup R: boundary ring M=89 (of 1 rings), ring relaxed x12, jump avg=0.47mm max=0.87mm
  recalc_face_normals: SKIPPED (v38, geometric only)
  geometric orientation: reversed 247 bowl faces to face -Y, still wrong=0
  UV分配: 9844 loops, avg=(0.5786,0.1021), u=[0.0000,1.0000] v=[0.0000,1.0000]
  Saved: E:\WangZhen_Project\AI\ShuZiRen\Hermes\SZRYanJiu\v3_QuadRemesher_交付\01A眼窝与眼球\models\01_1_eye_socket.blend
  00:03.000  render           | Saved: 'E:\WangZhen_Project\AI\ShuZiRen\Hermes\SZRYanJiu\v3_QuadRemesher_交付\01A眼窝与眼球\screenshots\v39_norm_front.png'
  00:03.406  render           | Saved: 'E:\WangZhen_Project\AI\ShuZiRen\Hermes\SZRYanJiu\v3_QuadRemesher_交付\01A眼窝与眼球\screenshots\v39_norm_sideL.png'
  00:04.250  render           | Saved: 'E:\WangZhen_Project\AI\ShuZiRen\Hermes\SZRYanJiu\v3_QuadRemesher_交付\01A眼窝与眼球\screenshots\v39_tex_front.png'
  00:04.672  render           | Saved: 'E:\WangZhen_Project\AI\ShuZiRen\Hermes\SZRYanJiu\v3_QuadRemesher_交付\01A眼窝与眼球\screenshots\v39_tex_sideL.png'
迭代105完成

--- 迭代 106 ---
  01:27.406  render           | Saved: 'E:\WangZhen_Project\AI\ShuZiRen\Hermes\SZRYanJiu\v3_QuadRemesher_交付\01A眼窝与眼球\screenshots\01_1_eye_socket_front.png'
  01:27.531  render           | Saved: 'E:\WangZhen_Project\AI\ShuZiRen\Hermes\SZRYanJiu\v3_QuadRemesher_交付\01A眼窝与眼球\screenshots\01_1_eye_socket_side.png'
  make_eye_cup L: boundary ring M=90 (of 1 rings), ring relaxed x12, jump avg=0.46mm max=0.79mm
  recalc_face_normals: SKIPPED (v38, geometric only)
  geometric orientation: reversed 1920 bowl faces to face -Y, still wrong=0
  UV分配: 10710 loops, avg=(0.0793,0.0632), u=[0.0000,1.0000] v=[0.0000,1.0000]
  make_eye_cup R: boundary ring M=89 (of 1 rings), ring relaxed x12, jump avg=0.47mm max=0.87mm
  recalc_face_normals: SKIPPED (v38, geometric only)
  geometric orientation: reversed 247 bowl faces to face -Y, still wrong=0
  UV分配: 9844 loops, avg=(0.5786,0.1021), u=[0.0000,1.0000] v=[0.0000,1.0000]
  Saved: E:\WangZhen_Project\AI\ShuZiRen\Hermes\SZRYanJiu\v3_QuadRemesher_交付\01A眼窝与眼球\models\01_1_eye_socket.blend
  00:03.063  render           | Saved: 'E:\WangZhen_Project\AI\ShuZiRen\Hermes\SZRYanJiu\v3_QuadRemesher_交付\01A眼窝与眼球\screenshots\v39_norm_front.png'
  00:03.453  render           | Saved: 'E:\WangZhen_Project\AI\ShuZiRen\Hermes\SZRYanJiu\v3_QuadRemesher_交付\01A眼窝与眼球\screenshots\v39_norm_sideL.png'
  00:04.313  render           | Saved: 'E:\WangZhen_Project\AI\ShuZiRen\Hermes\SZRYanJiu\v3_QuadRemesher_交付\01A眼窝与眼球\screenshots\v39_tex_front.png'
  00:04.719  render           | Saved: 'E:\WangZhen_Project\AI\ShuZiRen\Hermes\SZRYanJiu\v3_QuadRemesher_交付\01A眼窝与眼球\screenshots\v39_tex_sideL.png'
迭代106完成

--- 迭代 107 ---
  01:27.406  render           | Saved: 'E:\WangZhen_Project\AI\ShuZiRen\Hermes\SZRYanJiu\v3_QuadRemesher_交付\01A眼窝与眼球\screenshots\01_1_eye_socket_front.png'
  01:27.547  render           | Saved: 'E:\WangZhen_Project\AI\ShuZiRen\Hermes\SZRYanJiu\v3_QuadRemesher_交付\01A眼窝与眼球\screenshots\01_1_eye_socket_side.png'
  make_eye_cup L: boundary ring M=90 (of 1 rings), ring relaxed x12, jump avg=0.46mm max=0.79mm
  recalc_face_normals: SKIPPED (v38, geometric only)
  geometric orientation: reversed 1920 bowl faces to face -Y, still wrong=0
  UV分配: 10710 loops, avg=(0.0793,0.0632), u=[0.0000,1.0000] v=[0.0000,1.0000]
  make_eye_cup R: boundary ring M=89 (of 1 rings), ring relaxed x12, jump avg=0.47mm max=0.87mm
  recalc_face_normals: SKIPPED (v38, geometric only)
  geometric orientation: reversed 247 bowl faces to face -Y, still wrong=0
  UV分配: 9844 loops, avg=(0.5786,0.1021), u=[0.0000,1.0000] v=[0.0000,1.0000]
  Saved: E:\WangZhen_Project\AI\ShuZiRen\Hermes\SZRYanJiu\v3_QuadRemesher_交付\01A眼窝与眼球\models\01_1_eye_socket.blend
  00:03.016  render           | Saved: 'E:\WangZhen_Project\AI\ShuZiRen\Hermes\SZRYanJiu\v3_QuadRemesher_交付\01A眼窝与眼球\screenshots\v39_norm_front.png'
  00:03.422  render           | Saved: 'E:\WangZhen_Project\AI\ShuZiRen\Hermes\SZRYanJiu\v3_QuadRemesher_交付\01A眼窝与眼球\screenshots\v39_norm_sideL.png'
  00:04.281  render           | Saved: 'E:\WangZhen_Project\AI\ShuZiRen\Hermes\SZRYanJiu\v3_QuadRemesher_交付\01A眼窝与眼球\screenshots\v39_tex_front.png'
  00:04.703  render           | Saved: 'E:\WangZhen_Project\AI\ShuZiRen\Hermes\SZRYanJiu\v3_QuadRemesher_交付\01A眼窝与眼球\screenshots\v39_tex_sideL.png'
迭代107完成

--- 迭代 108 ---
  01:27.453  render           | Saved: 'E:\WangZhen_Project\AI\ShuZiRen\Hermes\SZRYanJiu\v3_QuadRemesher_交付\01A眼窝与眼球\screenshots\01_1_eye_socket_front.png'
  01:27.578  render           | Saved: 'E:\WangZhen_Project\AI\ShuZiRen\Hermes\SZRYanJiu\v3_QuadRemesher_交付\01A眼窝与眼球\screenshots\01_1_eye_socket_side.png'
  make_eye_cup L: boundary ring M=90 (of 1 rings), ring relaxed x12, jump avg=0.46mm max=0.79mm
  recalc_face_normals: SKIPPED (v38, geometric only)
  geometric orientation: reversed 1920 bowl faces to face -Y, still wrong=0
  UV分配: 10710 loops, avg=(0.0793,0.0632), u=[0.0000,1.0000] v=[0.0000,1.0000]
  make_eye_cup R: boundary ring M=89 (of 1 rings), ring relaxed x12, jump avg=0.47mm max=0.87mm
  recalc_face_normals: SKIPPED (v38, geometric only)
  geometric orientation: reversed 247 bowl faces to face -Y, still wrong=0
  UV分配: 9844 loops, avg=(0.5786,0.1021), u=[0.0000,1.0000] v=[0.0000,1.0000]
  Saved: E:\WangZhen_Project\AI\ShuZiRen\Hermes\SZRYanJiu\v3_QuadRemesher_交付\01A眼窝与眼球\models\01_1_eye_socket.blend
  00:03.000  render           | Saved: 'E:\WangZhen_Project\AI\ShuZiRen\Hermes\SZRYanJiu\v3_QuadRemesher_交付\01A眼窝与眼球\screenshots\v39_norm_front.png'
  00:03.422  render           | Saved: 'E:\WangZhen_Project\AI\ShuZiRen\Hermes\SZRYanJiu\v3_QuadRemesher_交付\01A眼窝与眼球\screenshots\v39_norm_sideL.png'
  00:04.266  render           | Saved: 'E:\WangZhen_Project\AI\ShuZiRen\Hermes\SZRYanJiu\v3_QuadRemesher_交付\01A眼窝与眼球\screenshots\v39_tex_front.png'
  00:04.688  render           | Saved: 'E:\WangZhen_Project\AI\ShuZiRen\Hermes\SZRYanJiu\v3_QuadRemesher_交付\01A眼窝与眼球\screenshots\v39_tex_sideL.png'
迭代108完成

--- 迭代 109 ---
  01:27.937  render           | Saved: 'E:\WangZhen_Project\AI\ShuZiRen\Hermes\SZRYanJiu\v3_QuadRemesher_交付\01A眼窝与眼球\screenshots\01_1_eye_socket_front.png'
  01:28.062  render           | Saved: 'E:\WangZhen_Project\AI\ShuZiRen\Hermes\SZRYanJiu\v3_QuadRemesher_交付\01A眼窝与眼球\screenshots\01_1_eye_socket_side.png'
  make_eye_cup L: boundary ring M=90 (of 1 rings), ring relaxed x12, jump avg=0.46mm max=0.79mm
  recalc_face_normals: SKIPPED (v38, geometric only)
  geometric orientation: reversed 1920 bowl faces to face -Y, still wrong=0
  UV分配: 10710 loops, avg=(0.0793,0.0632), u=[0.0000,1.0000] v=[0.0000,1.0000]
  make_eye_cup R: boundary ring M=89 (of 1 rings), ring relaxed x12, jump avg=0.47mm max=0.87mm
  recalc_face_normals: SKIPPED (v38, geometric only)
  geometric orientation: reversed 247 bowl faces to face -Y, still wrong=0
  UV分配: 9844 loops, avg=(0.5786,0.1021), u=[0.0000,1.0000] v=[0.0000,1.0000]
  Saved: E:\WangZhen_Project\AI\ShuZiRen\Hermes\SZRYanJiu\v3_QuadRemesher_交付\01A眼窝与眼球\models\01_1_eye_socket.blend
  00:03.015  render           | Saved: 'E:\WangZhen_Project\AI\ShuZiRen\Hermes\SZRYanJiu\v3_QuadRemesher_交付\01A眼窝与眼球\screenshots\v39_norm_front.png'
  00:03.406  render           | Saved: 'E:\WangZhen_Project\AI\ShuZiRen\Hermes\SZRYanJiu\v3_QuadRemesher_交付\01A眼窝与眼球\screenshots\v39_norm_sideL.png'
  00:04.250  render           | Saved: 'E:\WangZhen_Project\AI\ShuZiRen\Hermes\SZRYanJiu\v3_QuadRemesher_交付\01A眼窝与眼球\screenshots\v39_tex_front.png'
  00:04.687  render           | Saved: 'E:\WangZhen_Project\AI\ShuZiRen\Hermes\SZRYanJiu\v3_QuadRemesher_交付\01A眼窝与眼球\screenshots\v39_tex_sideL.png'
迭代109完成

--- 迭代 110 ---
  01:27.719  render           | Saved: 'E:\WangZhen_Project\AI\ShuZiRen\Hermes\SZRYanJiu\v3_QuadRemesher_交付\01A眼窝与眼球\screenshots\01_1_eye_socket_front.png'
  01:27.860  render           | Saved: 'E:\WangZhen_Project\AI\ShuZiRen\Hermes\SZRYanJiu\v3_QuadRemesher_交付\01A眼窝与眼球\screenshots\01_1_eye_socket_side.png'
  make_eye_cup L: boundary ring M=90 (of 1 rings), ring relaxed x12, jump avg=0.46mm max=0.79mm
  recalc_face_normals: SKIPPED (v38, geometric only)
  geometric orientation: reversed 1920 bowl faces to face -Y, still wrong=0
  UV分配: 10710 loops, avg=(0.0793,0.0632), u=[0.0000,1.0000] v=[0.0000,1.0000]
  make_eye_cup R: boundary ring M=89 (of 1 rings), ring relaxed x12, jump avg=0.47mm max=0.87mm
  recalc_face_normals: SKIPPED (v38, geometric only)
  geometric orientation: reversed 247 bowl faces to face -Y, still wrong=0
  UV分配: 9844 loops, avg=(0.5786,0.1021), u=[0.0000,1.0000] v=[0.0000,1.0000]
  Saved: E:\WangZhen_Project\AI\ShuZiRen\Hermes\SZRYanJiu\v3_QuadRemesher_交付\01A眼窝与眼球\models\01_1_eye_socket.blend
  00:03.016  render           | Saved: 'E:\WangZhen_Project\AI\ShuZiRen\Hermes\SZRYanJiu\v3_QuadRemesher_交付\01A眼窝与眼球\screenshots\v39_norm_front.png'
  00:03.422  render           | Saved: 'E:\WangZhen_Project\AI\ShuZiRen\Hermes\SZRYanJiu\v3_QuadRemesher_交付\01A眼窝与眼球\screenshots\v39_norm_sideL.png'
  00:04.328  render           | Saved: 'E:\WangZhen_Project\AI\ShuZiRen\Hermes\SZRYanJiu\v3_QuadRemesher_交付\01A眼窝与眼球\screenshots\v39_tex_front.png'
  00:04.750  render           | Saved: 'E:\WangZhen_Project\AI\ShuZiRen\Hermes\SZRYanJiu\v3_QuadRemesher_交付\01A眼窝与眼球\screenshots\v39_tex_sideL.png'
迭代110完成

--- 迭代 111 ---
  01:28.453  render           | Saved: 'E:\WangZhen_Project\AI\ShuZiRen\Hermes\SZRYanJiu\v3_QuadRemesher_交付\01A眼窝与眼球\screenshots\01_1_eye_socket_front.png'
  01:28.578  render           | Saved: 'E:\WangZhen_Project\AI\ShuZiRen\Hermes\SZRYanJiu\v3_QuadRemesher_交付\01A眼窝与眼球\screenshots\01_1_eye_socket_side.png'
  make_eye_cup L: boundary ring M=90 (of 1 rings), ring relaxed x12, jump avg=0.46mm max=0.79mm
  recalc_face_normals: SKIPPED (v38, geometric only)
  geometric orientation: reversed 1920 bowl faces to face -Y, still wrong=0
  UV分配: 10710 loops, avg=(0.0793,0.0632), u=[0.0000,1.0000] v=[0.0000,1.0000]
  make_eye_cup R: boundary ring M=89 (of 1 rings), ring relaxed x12, jump avg=0.47mm max=0.87mm
  recalc_face_normals: SKIPPED (v38, geometric only)
  geometric orientation: reversed 247 bowl faces to face -Y, still wrong=0
  UV分配: 9844 loops, avg=(0.5786,0.1021), u=[0.0000,1.0000] v=[0.0000,1.0000]
  Saved: E:\WangZhen_Project\AI\ShuZiRen\Hermes\SZRYanJiu\v3_QuadRemesher_交付\01A眼窝与眼球\models\01_1_eye_socket.blend
  00:03.000  render           | Saved: 'E:\WangZhen_Project\AI\ShuZiRen\Hermes\SZRYanJiu\v3_QuadRemesher_交付\01A眼窝与眼球\screenshots\v39_norm_front.png'
  00:03.406  render           | Saved: 'E:\WangZhen_Project\AI\ShuZiRen\Hermes\SZRYanJiu\v3_QuadRemesher_交付\01A眼窝与眼球\screenshots\v39_norm_sideL.png'
  00:04.250  render           | Saved: 'E:\WangZhen_Project\AI\ShuZiRen\Hermes\SZRYanJiu\v3_QuadRemesher_交付\01A眼窝与眼球\screenshots\v39_tex_front.png'
  00:04.672  render           | Saved: 'E:\WangZhen_Project\AI\ShuZiRen\Hermes\SZRYanJiu\v3_QuadRemesher_交付\01A眼窝与眼球\screenshots\v39_tex_sideL.png'
迭代111完成

--- 迭代 112 ---
  01:27.562  render           | Saved: 'E:\WangZhen_Project\AI\ShuZiRen\Hermes\SZRYanJiu\v3_QuadRemesher_交付\01A眼窝与眼球\screenshots\01_1_eye_socket_front.png'
  01:27.687  render           | Saved: 'E:\WangZhen_Project\AI\ShuZiRen\Hermes\SZRYanJiu\v3_QuadRemesher_交付\01A眼窝与眼球\screenshots\01_1_eye_socket_side.png'
  make_eye_cup L: boundary ring M=90 (of 1 rings), ring relaxed x12, jump avg=0.46mm max=0.79mm
  recalc_face_normals: SKIPPED (v38, geometric only)
  geometric orientation: reversed 1920 bowl faces to face -Y, still wrong=0
  UV分配: 10710 loops, avg=(0.0793,0.0632), u=[0.0000,1.0000] v=[0.0000,1.0000]
  make_eye_cup R: boundary ring M=89 (of 1 rings), ring relaxed x12, jump avg=0.47mm max=0.87mm
  recalc_face_normals: SKIPPED (v38, geometric only)
  geometric orientation: reversed 247 bowl faces to face -Y, still wrong=0
  UV分配: 9844 loops, avg=(0.5786,0.1021), u=[0.0000,1.0000] v=[0.0000,1.0000]
  Saved: E:\WangZhen_Project\AI\ShuZiRen\Hermes\SZRYanJiu\v3_QuadRemesher_交付\01A眼窝与眼球\models\01_1_eye_socket.blend
  00:03.000  render           | Saved: 'E:\WangZhen_Project\AI\ShuZiRen\Hermes\SZRYanJiu\v3_QuadRemesher_交付\01A眼窝与眼球\screenshots\v39_norm_front.png'
  00:03.390  render           | Saved: 'E:\WangZhen_Project\AI\ShuZiRen\Hermes\SZRYanJiu\v3_QuadRemesher_交付\01A眼窝与眼球\screenshots\v39_norm_sideL.png'
  00:04.250  render           | Saved: 'E:\WangZhen_Project\AI\ShuZiRen\Hermes\SZRYanJiu\v3_QuadRemesher_交付\01A眼窝与眼球\screenshots\v39_tex_front.png'
  00:04.656  render           | Saved: 'E:\WangZhen_Project\AI\ShuZiRen\Hermes\SZRYanJiu\v3_QuadRemesher_交付\01A眼窝与眼球\screenshots\v39_tex_sideL.png'
迭代112完成

--- 迭代 113 ---
  01:27.421  render           | Saved: 'E:\WangZhen_Project\AI\ShuZiRen\Hermes\SZRYanJiu\v3_QuadRemesher_交付\01A眼窝与眼球\screenshots\01_1_eye_socket_front.png'
  01:27.562  render           | Saved: 'E:\WangZhen_Project\AI\ShuZiRen\Hermes\SZRYanJiu\v3_QuadRemesher_交付\01A眼窝与眼球\screenshots\01_1_eye_socket_side.png'
  make_eye_cup L: boundary ring M=90 (of 1 rings), ring relaxed x12, jump avg=0.46mm max=0.79mm
  recalc_face_normals: SKIPPED (v38, geometric only)
  geometric orientation: reversed 1920 bowl faces to face -Y, still wrong=0
  UV分配: 10710 loops, avg=(0.0793,0.0632), u=[0.0000,1.0000] v=[0.0000,1.0000]
  make_eye_cup R: boundary ring M=89 (of 1 rings), ring relaxed x12, jump avg=0.47mm max=0.87mm
  recalc_face_normals: SKIPPED (v38, geometric only)
  geometric orientation: reversed 247 bowl faces to face -Y, still wrong=0
  UV分配: 9844 loops, avg=(0.5786,0.1021), u=[0.0000,1.0000] v=[0.0000,1.0000]
  Saved: E:\WangZhen_Project\AI\ShuZiRen\Hermes\SZRYanJiu\v3_QuadRemesher_交付\01A眼窝与眼球\models\01_1_eye_socket.blend
  00:03.016  render           | Saved: 'E:\WangZhen_Project\AI\ShuZiRen\Hermes\SZRYanJiu\v3_QuadRemesher_交付\01A眼窝与眼球\screenshots\v39_norm_front.png'
  00:03.406  render           | Saved: 'E:\WangZhen_Project\AI\ShuZiRen\Hermes\SZRYanJiu\v3_QuadRemesher_交付\01A眼窝与眼球\screenshots\v39_norm_sideL.png'
  00:04.250  render           | Saved: 'E:\WangZhen_Project\AI\ShuZiRen\Hermes\SZRYanJiu\v3_QuadRemesher_交付\01A眼窝与眼球\screenshots\v39_tex_front.png'
  00:04.672  render           | Saved: 'E:\WangZhen_Project\AI\ShuZiRen\Hermes\SZRYanJiu\v3_QuadRemesher_交付\01A眼窝与眼球\screenshots\v39_tex_sideL.png'
迭代113完成

--- 迭代 114 ---
  01:27.469  render           | Saved: 'E:\WangZhen_Project\AI\ShuZiRen\Hermes\SZRYanJiu\v3_QuadRemesher_交付\01A眼窝与眼球\screenshots\01_1_eye_socket_front.png'
  01:27.594  render           | Saved: 'E:\WangZhen_Project\AI\ShuZiRen\Hermes\SZRYanJiu\v3_QuadRemesher_交付\01A眼窝与眼球\screenshots\01_1_eye_socket_side.png'
  make_eye_cup L: boundary ring M=90 (of 1 rings), ring relaxed x12, jump avg=0.46mm max=0.79mm
  recalc_face_normals: SKIPPED (v38, geometric only)
  geometric orientation: reversed 1920 bowl faces to face -Y, still wrong=0
  UV分配: 10710 loops, avg=(0.0793,0.0632), u=[0.0000,1.0000] v=[0.0000,1.0000]
  make_eye_cup R: boundary ring M=89 (of 1 rings), ring relaxed x12, jump avg=0.47mm max=0.87mm
  recalc_face_normals: SKIPPED (v38, geometric only)
  geometric orientation: reversed 247 bowl faces to face -Y, still wrong=0
  UV分配: 9844 loops, avg=(0.5786,0.1021), u=[0.0000,1.0000] v=[0.0000,1.0000]
  Saved: E:\WangZhen_Project\AI\ShuZiRen\Hermes\SZRYanJiu\v3_QuadRemesher_交付\01A眼窝与眼球\models\01_1_eye_socket.blend
  00:02.969  render           | Saved: 'E:\WangZhen_Project\AI\ShuZiRen\Hermes\SZRYanJiu\v3_QuadRemesher_交付\01A眼窝与眼球\screenshots\v39_norm_front.png'
  00:03.375  render           | Saved: 'E:\WangZhen_Project\AI\ShuZiRen\Hermes\SZRYanJiu\v3_QuadRemesher_交付\01A眼窝与眼球\screenshots\v39_norm_sideL.png'
  00:04.219  render           | Saved: 'E:\WangZhen_Project\AI\ShuZiRen\Hermes\SZRYanJiu\v3_QuadRemesher_交付\01A眼窝与眼球\screenshots\v39_tex_front.png'
  00:04.641  render           | Saved: 'E:\WangZhen_Project\AI\ShuZiRen\Hermes\SZRYanJiu\v3_QuadRemesher_交付\01A眼窝与眼球\screenshots\v39_tex_sideL.png'
迭代114完成

--- 迭代 115 ---
  01:27.281  render           | Saved: 'E:\WangZhen_Project\AI\ShuZiRen\Hermes\SZRYanJiu\v3_QuadRemesher_交付\01A眼窝与眼球\screenshots\01_1_eye_socket_front.png'
  01:27.421  render           | Saved: 'E:\WangZhen_Project\AI\ShuZiRen\Hermes\SZRYanJiu\v3_QuadRemesher_交付\01A眼窝与眼球\screenshots\01_1_eye_socket_side.png'
  make_eye_cup L: boundary ring M=90 (of 1 rings), ring relaxed x12, jump avg=0.46mm max=0.79mm
  recalc_face_normals: SKIPPED (v38, geometric only)
  geometric orientation: reversed 1920 bowl faces to face -Y, still wrong=0
  UV分配: 10710 loops, avg=(0.0793,0.0632), u=[0.0000,1.0000] v=[0.0000,1.0000]
  make_eye_cup R: boundary ring M=89 (of 1 rings), ring relaxed x12, jump avg=0.47mm max=0.87mm
  recalc_face_normals: SKIPPED (v38, geometric only)
  geometric orientation: reversed 247 bowl faces to face -Y, still wrong=0
  UV分配: 9844 loops, avg=(0.5786,0.1021), u=[0.0000,1.0000] v=[0.0000,1.0000]
  Saved: E:\WangZhen_Project\AI\ShuZiRen\Hermes\SZRYanJiu\v3_QuadRemesher_交付\01A眼窝与眼球\models\01_1_eye_socket.blend
  00:03.031  render           | Saved: 'E:\WangZhen_Project\AI\ShuZiRen\Hermes\SZRYanJiu\v3_QuadRemesher_交付\01A眼窝与眼球\screenshots\v39_norm_front.png'
  00:03.438  render           | Saved: 'E:\WangZhen_Project\AI\ShuZiRen\Hermes\SZRYanJiu\v3_QuadRemesher_交付\01A眼窝与眼球\screenshots\v39_norm_sideL.png'
  00:04.281  render           | Saved: 'E:\WangZhen_Project\AI\ShuZiRen\Hermes\SZRYanJiu\v3_QuadRemesher_交付\01A眼窝与眼球\screenshots\v39_tex_front.png'
  00:04.703  render           | Saved: 'E:\WangZhen_Project\AI\ShuZiRen\Hermes\SZRYanJiu\v3_QuadRemesher_交付\01A眼窝与眼球\screenshots\v39_tex_sideL.png'
迭代115完成

--- 迭代 116 ---
  01:27.203  render           | Saved: 'E:\WangZhen_Project\AI\ShuZiRen\Hermes\SZRYanJiu\v3_QuadRemesher_交付\01A眼窝与眼球\screenshots\01_1_eye_socket_front.png'
  01:27.328  render           | Saved: 'E:\WangZhen_Project\AI\ShuZiRen\Hermes\SZRYanJiu\v3_QuadRemesher_交付\01A眼窝与眼球\screenshots\01_1_eye_socket_side.png'
  make_eye_cup L: boundary ring M=90 (of 1 rings), ring relaxed x12, jump avg=0.46mm max=0.79mm
  recalc_face_normals: SKIPPED (v38, geometric only)
  geometric orientation: reversed 1920 bowl faces to face -Y, still wrong=0
  UV分配: 10710 loops, avg=(0.0793,0.0632), u=[0.0000,1.0000] v=[0.0000,1.0000]
  make_eye_cup R: boundary ring M=89 (of 1 rings), ring relaxed x12, jump avg=0.47mm max=0.87mm
  recalc_face_normals: SKIPPED (v38, geometric only)
  geometric orientation: reversed 247 bowl faces to face -Y, still wrong=0
  UV分配: 9844 loops, avg=(0.5786,0.1021), u=[0.0000,1.0000] v=[0.0000,1.0000]
  Saved: E:\WangZhen_Project\AI\ShuZiRen\Hermes\SZRYanJiu\v3_QuadRemesher_交付\01A眼窝与眼球\models\01_1_eye_socket.blend
  00:02.969  render           | Saved: 'E:\WangZhen_Project\AI\ShuZiRen\Hermes\SZRYanJiu\v3_QuadRemesher_交付\01A眼窝与眼球\screenshots\v39_norm_front.png'
  00:03.375  render           | Saved: 'E:\WangZhen_Project\AI\ShuZiRen\Hermes\SZRYanJiu\v3_QuadRemesher_交付\01A眼窝与眼球\screenshots\v39_norm_sideL.png'
  00:04.219  render           | Saved: 'E:\WangZhen_Project\AI\ShuZiRen\Hermes\SZRYanJiu\v3_QuadRemesher_交付\01A眼窝与眼球\screenshots\v39_tex_front.png'
  00:04.641  render           | Saved: 'E:\WangZhen_Project\AI\ShuZiRen\Hermes\SZRYanJiu\v3_QuadRemesher_交付\01A眼窝与眼球\screenshots\v39_tex_sideL.png'
迭代116完成

--- 迭代 117 ---
  01:27.125  render           | Saved: 'E:\WangZhen_Project\AI\ShuZiRen\Hermes\SZRYanJiu\v3_QuadRemesher_交付\01A眼窝与眼球\screenshots\01_1_eye_socket_front.png'
  01:27.266  render           | Saved: 'E:\WangZhen_Project\AI\ShuZiRen\Hermes\SZRYanJiu\v3_QuadRemesher_交付\01A眼窝与眼球\screenshots\01_1_eye_socket_side.png'
  make_eye_cup L: boundary ring M=90 (of 1 rings), ring relaxed x12, jump avg=0.46mm max=0.79mm
  recalc_face_normals: SKIPPED (v38, geometric only)
  geometric orientation: reversed 1920 bowl faces to face -Y, still wrong=0
  UV分配: 10710 loops, avg=(0.0793,0.0632), u=[0.0000,1.0000] v=[0.0000,1.0000]
  make_eye_cup R: boundary ring M=89 (of 1 rings), ring relaxed x12, jump avg=0.47mm max=0.87mm
  recalc_face_normals: SKIPPED (v38, geometric only)
  geometric orientation: reversed 247 bowl faces to face -Y, still wrong=0
  UV分配: 9844 loops, avg=(0.5786,0.1021), u=[0.0000,1.0000] v=[0.0000,1.0000]
  Saved: E:\WangZhen_Project\AI\ShuZiRen\Hermes\SZRYanJiu\v3_QuadRemesher_交付\01A眼窝与眼球\models\01_1_eye_socket.blend
  00:03.047  render           | Saved: 'E:\WangZhen_Project\AI\ShuZiRen\Hermes\SZRYanJiu\v3_QuadRemesher_交付\01A眼窝与眼球\screenshots\v39_norm_front.png'
  00:03.453  render           | Saved: 'E:\WangZhen_Project\AI\ShuZiRen\Hermes\SZRYanJiu\v3_QuadRemesher_交付\01A眼窝与眼球\screenshots\v39_norm_sideL.png'
  00:04.312  render           | Saved: 'E:\WangZhen_Project\AI\ShuZiRen\Hermes\SZRYanJiu\v3_QuadRemesher_交付\01A眼窝与眼球\screenshots\v39_tex_front.png'
  00:04.734  render           | Saved: 'E:\WangZhen_Project\AI\ShuZiRen\Hermes\SZRYanJiu\v3_QuadRemesher_交付\01A眼窝与眼球\screenshots\v39_tex_sideL.png'
迭代117完成

--- 迭代 118 ---
  01:27.187  render           | Saved: 'E:\WangZhen_Project\AI\ShuZiRen\Hermes\SZRYanJiu\v3_QuadRemesher_交付\01A眼窝与眼球\screenshots\01_1_eye_socket_front.png'
  01:27.312  render           | Saved: 'E:\WangZhen_Project\AI\ShuZiRen\Hermes\SZRYanJiu\v3_QuadRemesher_交付\01A眼窝与眼球\screenshots\01_1_eye_socket_side.png'
  make_eye_cup L: boundary ring M=90 (of 1 rings), ring relaxed x12, jump avg=0.46mm max=0.79mm
  recalc_face_normals: SKIPPED (v38, geometric only)
  geometric orientation: reversed 1920 bowl faces to face -Y, still wrong=0
  UV分配: 10710 loops, avg=(0.0793,0.0632), u=[0.0000,1.0000] v=[0.0000,1.0000]
  make_eye_cup R: boundary ring M=89 (of 1 rings), ring relaxed x12, jump avg=0.47mm max=0.87mm
  recalc_face_normals: SKIPPED (v38, geometric only)
  geometric orientation: reversed 247 bowl faces to face -Y, still wrong=0
  UV分配: 9844 loops, avg=(0.5786,0.1021), u=[0.0000,1.0000] v=[0.0000,1.0000]
  Saved: E:\WangZhen_Project\AI\ShuZiRen\Hermes\SZRYanJiu\v3_QuadRemesher_交付\01A眼窝与眼球\models\01_1_eye_socket.blend
  00:02.968  render           | Saved: 'E:\WangZhen_Project\AI\ShuZiRen\Hermes\SZRYanJiu\v3_QuadRemesher_交付\01A眼窝与眼球\screenshots\v39_norm_front.png'
  00:03.359  render           | Saved: 'E:\WangZhen_Project\AI\ShuZiRen\Hermes\SZRYanJiu\v3_QuadRemesher_交付\01A眼窝与眼球\screenshots\v39_norm_sideL.png'
  00:04.218  render           | Saved: 'E:\WangZhen_Project\AI\ShuZiRen\Hermes\SZRYanJiu\v3_QuadRemesher_交付\01A眼窝与眼球\screenshots\v39_tex_front.png'
  00:04.625  render           | Saved: 'E:\WangZhen_Project\AI\ShuZiRen\Hermes\SZRYanJiu\v3_QuadRemesher_交付\01A眼窝与眼球\screenshots\v39_tex_sideL.png'
迭代118完成

--- 迭代 119 ---
  01:27.328  render           | Saved: 'E:\WangZhen_Project\AI\ShuZiRen\Hermes\SZRYanJiu\v3_QuadRemesher_交付\01A眼窝与眼球\screenshots\01_1_eye_socket_front.png'
  01:27.453  render           | Saved: 'E:\WangZhen_Project\AI\ShuZiRen\Hermes\SZRYanJiu\v3_QuadRemesher_交付\01A眼窝与眼球\screenshots\01_1_eye_socket_side.png'
  make_eye_cup L: boundary ring M=90 (of 1 rings), ring relaxed x12, jump avg=0.46mm max=0.79mm
  recalc_face_normals: SKIPPED (v38, geometric only)
  geometric orientation: reversed 1920 bowl faces to face -Y, still wrong=0
  UV分配: 10710 loops, avg=(0.0793,0.0632), u=[0.0000,1.0000] v=[0.0000,1.0000]
  make_eye_cup R: boundary ring M=89 (of 1 rings), ring relaxed x12, jump avg=0.47mm max=0.87mm
  recalc_face_normals: SKIPPED (v38, geometric only)
  geometric orientation: reversed 247 bowl faces to face -Y, still wrong=0
  UV分配: 9844 loops, avg=(0.5786,0.1021), u=[0.0000,1.0000] v=[0.0000,1.0000]
  Saved: E:\WangZhen_Project\AI\ShuZiRen\Hermes\SZRYanJiu\v3_QuadRemesher_交付\01A眼窝与眼球\models\01_1_eye_socket.blend
  00:02.969  render           | Saved: 'E:\WangZhen_Project\AI\ShuZiRen\Hermes\SZRYanJiu\v3_QuadRemesher_交付\01A眼窝与眼球\screenshots\v39_norm_front.png'
  00:03.359  render           | Saved: 'E:\WangZhen_Project\AI\ShuZiRen\Hermes\SZRYanJiu\v3_QuadRemesher_交付\01A眼窝与眼球\screenshots\v39_norm_sideL.png'
  00:04.219  render           | Saved: 'E:\WangZhen_Project\AI\ShuZiRen\Hermes\SZRYanJiu\v3_QuadRemesher_交付\01A眼窝与眼球\screenshots\v39_tex_front.png'
  00:04.641  render           | Saved: 'E:\WangZhen_Project\AI\ShuZiRen\Hermes\SZRYanJiu\v3_QuadRemesher_交付\01A眼窝与眼球\screenshots\v39_tex_sideL.png'
迭代119完成

--- 迭代 120 ---
  01:27.172  render           | Saved: 'E:\WangZhen_Project\AI\ShuZiRen\Hermes\SZRYanJiu\v3_QuadRemesher_交付\01A眼窝与眼球\screenshots\01_1_eye_socket_front.png'
  01:27.297  render           | Saved: 'E:\WangZhen_Project\AI\ShuZiRen\Hermes\SZRYanJiu\v3_QuadRemesher_交付\01A眼窝与眼球\screenshots\01_1_eye_socket_side.png'
  make_eye_cup L: boundary ring M=90 (of 1 rings), ring relaxed x12, jump avg=0.46mm max=0.79mm
  recalc_face_normals: SKIPPED (v38, geometric only)
  geometric orientation: reversed 1920 bowl faces to face -Y, still wrong=0
  UV分配: 10710 loops, avg=(0.0793,0.0632), u=[0.0000,1.0000] v=[0.0000,1.0000]
  make_eye_cup R: boundary ring M=89 (of 1 rings), ring relaxed x12, jump avg=0.47mm max=0.87mm
  recalc_face_normals: SKIPPED (v38, geometric only)
  geometric orientation: reversed 247 bowl faces to face -Y, still wrong=0
  UV分配: 9844 loops, avg=(0.5786,0.1021), u=[0.0000,1.0000] v=[0.0000,1.0000]
  Saved: E:\WangZhen_Project\AI\ShuZiRen\Hermes\SZRYanJiu\v3_QuadRemesher_交付\01A眼窝与眼球\models\01_1_eye_socket.blend
  00:02.953  render           | Saved: 'E:\WangZhen_Project\AI\ShuZiRen\Hermes\SZRYanJiu\v3_QuadRemesher_交付\01A眼窝与眼球\screenshots\v39_norm_front.png'
  00:03.360  render           | Saved: 'E:\WangZhen_Project\AI\ShuZiRen\Hermes\SZRYanJiu\v3_QuadRemesher_交付\01A眼窝与眼球\screenshots\v39_norm_sideL.png'
  00:04.203  render           | Saved: 'E:\WangZhen_Project\AI\ShuZiRen\Hermes\SZRYanJiu\v3_QuadRemesher_交付\01A眼窝与眼球\screenshots\v39_tex_front.png'
  00:04.641  render           | Saved: 'E:\WangZhen_Project\AI\ShuZiRen\Hermes\SZRYanJiu\v3_QuadRemesher_交付\01A眼窝与眼球\screenshots\v39_tex_sideL.png'
迭代120完成

--- 迭代 121 ---
  01:27.031  render           | Saved: 'E:\WangZhen_Project\AI\ShuZiRen\Hermes\SZRYanJiu\v3_QuadRemesher_交付\01A眼窝与眼球\screenshots\01_1_eye_socket_front.png'
  01:27.156  render           | Saved: 'E:\WangZhen_Project\AI\ShuZiRen\Hermes\SZRYanJiu\v3_QuadRemesher_交付\01A眼窝与眼球\screenshots\01_1_eye_socket_side.png'
  make_eye_cup L: boundary ring M=90 (of 1 rings), ring relaxed x12, jump avg=0.46mm max=0.79mm
  recalc_face_normals: SKIPPED (v38, geometric only)
  geometric orientation: reversed 1920 bowl faces to face -Y, still wrong=0
  UV分配: 10710 loops, avg=(0.0793,0.0632), u=[0.0000,1.0000] v=[0.0000,1.0000]
  make_eye_cup R: boundary ring M=89 (of 1 rings), ring relaxed x12, jump avg=0.47mm max=0.87mm
  recalc_face_normals: SKIPPED (v38, geometric only)
  geometric orientation: reversed 247 bowl faces to face -Y, still wrong=0
  UV分配: 9844 loops, avg=(0.5786,0.1021), u=[0.0000,1.0000] v=[0.0000,1.0000]
  Saved: E:\WangZhen_Project\AI\ShuZiRen\Hermes\SZRYanJiu\v3_QuadRemesher_交付\01A眼窝与眼球\models\01_1_eye_socket.blend
  00:03.000  render           | Saved: 'E:\WangZhen_Project\AI\ShuZiRen\Hermes\SZRYanJiu\v3_QuadRemesher_交付\01A眼窝与眼球\screenshots\v39_norm_front.png'
  00:03.406  render           | Saved: 'E:\WangZhen_Project\AI\ShuZiRen\Hermes\SZRYanJiu\v3_QuadRemesher_交付\01A眼窝与眼球\screenshots\v39_norm_sideL.png'
  00:04.250  render           | Saved: 'E:\WangZhen_Project\AI\ShuZiRen\Hermes\SZRYanJiu\v3_QuadRemesher_交付\01A眼窝与眼球\screenshots\v39_tex_front.png'
  00:04.672  render           | Saved: 'E:\WangZhen_Project\AI\ShuZiRen\Hermes\SZRYanJiu\v3_QuadRemesher_交付\01A眼窝与眼球\screenshots\v39_tex_sideL.png'
迭代121完成

--- 迭代 122 ---
  01:27.453  render           | Saved: 'E:\WangZhen_Project\AI\ShuZiRen\Hermes\SZRYanJiu\v3_QuadRemesher_交付\01A眼窝与眼球\screenshots\01_1_eye_socket_front.png'
  01:27.578  render           | Saved: 'E:\WangZhen_Project\AI\ShuZiRen\Hermes\SZRYanJiu\v3_QuadRemesher_交付\01A眼窝与眼球\screenshots\01_1_eye_socket_side.png'
  make_eye_cup L: boundary ring M=90 (of 1 rings), ring relaxed x12, jump avg=0.46mm max=0.79mm
  recalc_face_normals: SKIPPED (v38, geometric only)
  geometric orientation: reversed 1920 bowl faces to face -Y, still wrong=0
  UV分配: 10710 loops, avg=(0.0793,0.0632), u=[0.0000,1.0000] v=[0.0000,1.0000]
  make_eye_cup R: boundary ring M=89 (of 1 rings), ring relaxed x12, jump avg=0.47mm max=0.87mm
  recalc_face_normals: SKIPPED (v38, geometric only)
  geometric orientation: reversed 247 bowl faces to face -Y, still wrong=0
  UV分配: 9844 loops, avg=(0.5786,0.1021), u=[0.0000,1.0000] v=[0.0000,1.0000]
  Saved: E:\WangZhen_Project\AI\ShuZiRen\Hermes\SZRYanJiu\v3_QuadRemesher_交付\01A眼窝与眼球\models\01_1_eye_socket.blend
  00:03.047  render           | Saved: 'E:\WangZhen_Project\AI\ShuZiRen\Hermes\SZRYanJiu\v3_QuadRemesher_交付\01A眼窝与眼球\screenshots\v39_norm_front.png'
  00:03.437  render           | Saved: 'E:\WangZhen_Project\AI\ShuZiRen\Hermes\SZRYanJiu\v3_QuadRemesher_交付\01A眼窝与眼球\screenshots\v39_norm_sideL.png'
  00:04.297  render           | Saved: 'E:\WangZhen_Project\AI\ShuZiRen\Hermes\SZRYanJiu\v3_QuadRemesher_交付\01A眼窝与眼球\screenshots\v39_tex_front.png'
  00:04.718  render           | Saved: 'E:\WangZhen_Project\AI\ShuZiRen\Hermes\SZRYanJiu\v3_QuadRemesher_交付\01A眼窝与眼球\screenshots\v39_tex_sideL.png'
迭代122完成

--- 迭代 123 ---
  01:27.109  render           | Saved: 'E:\WangZhen_Project\AI\ShuZiRen\Hermes\SZRYanJiu\v3_QuadRemesher_交付\01A眼窝与眼球\screenshots\01_1_eye_socket_front.png'
  01:27.250  render           | Saved: 'E:\WangZhen_Project\AI\ShuZiRen\Hermes\SZRYanJiu\v3_QuadRemesher_交付\01A眼窝与眼球\screenshots\01_1_eye_socket_side.png'
  make_eye_cup L: boundary ring M=90 (of 1 rings), ring relaxed x12, jump avg=0.46mm max=0.79mm
  recalc_face_normals: SKIPPED (v38, geometric only)
  geometric orientation: reversed 1920 bowl faces to face -Y, still wrong=0
  UV分配: 10710 loops, avg=(0.0793,0.0632), u=[0.0000,1.0000] v=[0.0000,1.0000]
  make_eye_cup R: boundary ring M=89 (of 1 rings), ring relaxed x12, jump avg=0.47mm max=0.87mm
  recalc_face_normals: SKIPPED (v38, geometric only)
  geometric orientation: reversed 247 bowl faces to face -Y, still wrong=0
  UV分配: 9844 loops, avg=(0.5786,0.1021), u=[0.0000,1.0000] v=[0.0000,1.0000]
  Saved: E:\WangZhen_Project\AI\ShuZiRen\Hermes\SZRYanJiu\v3_QuadRemesher_交付\01A眼窝与眼球\models\01_1_eye_socket.blend
  00:02.984  render           | Saved: 'E:\WangZhen_Project\AI\ShuZiRen\Hermes\SZRYanJiu\v3_QuadRemesher_交付\01A眼窝与眼球\screenshots\v39_norm_front.png'
  00:03.391  render           | Saved: 'E:\WangZhen_Project\AI\ShuZiRen\Hermes\SZRYanJiu\v3_QuadRemesher_交付\01A眼窝与眼球\screenshots\v39_norm_sideL.png'
  00:04.234  render           | Saved: 'E:\WangZhen_Project\AI\ShuZiRen\Hermes\SZRYanJiu\v3_QuadRemesher_交付\01A眼窝与眼球\screenshots\v39_tex_front.png'
  00:04.656  render           | Saved: 'E:\WangZhen_Project\AI\ShuZiRen\Hermes\SZRYanJiu\v3_QuadRemesher_交付\01A眼窝与眼球\screenshots\v39_tex_sideL.png'
迭代123完成

--- 迭代 124 ---
  01:27.375  render           | Saved: 'E:\WangZhen_Project\AI\ShuZiRen\Hermes\SZRYanJiu\v3_QuadRemesher_交付\01A眼窝与眼球\screenshots\01_1_eye_socket_front.png'
  01:27.500  render           | Saved: 'E:\WangZhen_Project\AI\ShuZiRen\Hermes\SZRYanJiu\v3_QuadRemesher_交付\01A眼窝与眼球\screenshots\01_1_eye_socket_side.png'
  make_eye_cup L: boundary ring M=90 (of 1 rings), ring relaxed x12, jump avg=0.46mm max=0.79mm
  recalc_face_normals: SKIPPED (v38, geometric only)
  geometric orientation: reversed 1920 bowl faces to face -Y, still wrong=0
  UV分配: 10710 loops, avg=(0.0793,0.0632), u=[0.0000,1.0000] v=[0.0000,1.0000]
  make_eye_cup R: boundary ring M=89 (of 1 rings), ring relaxed x12, jump avg=0.47mm max=0.87mm
  recalc_face_normals: SKIPPED (v38, geometric only)
  geometric orientation: reversed 247 bowl faces to face -Y, still wrong=0
  UV分配: 9844 loops, avg=(0.5786,0.1021), u=[0.0000,1.0000] v=[0.0000,1.0000]
  Saved: E:\WangZhen_Project\AI\ShuZiRen\Hermes\SZRYanJiu\v3_QuadRemesher_交付\01A眼窝与眼球\models\01_1_eye_socket.blend
  00:03.000  render           | Saved: 'E:\WangZhen_Project\AI\ShuZiRen\Hermes\SZRYanJiu\v3_QuadRemesher_交付\01A眼窝与眼球\screenshots\v39_norm_front.png'
  00:03.390  render           | Saved: 'E:\WangZhen_Project\AI\ShuZiRen\Hermes\SZRYanJiu\v3_QuadRemesher_交付\01A眼窝与眼球\screenshots\v39_norm_sideL.png'
  00:04.234  render           | Saved: 'E:\WangZhen_Project\AI\ShuZiRen\Hermes\SZRYanJiu\v3_QuadRemesher_交付\01A眼窝与眼球\screenshots\v39_tex_front.png'
  00:04.656  render           | Saved: 'E:\WangZhen_Project\AI\ShuZiRen\Hermes\SZRYanJiu\v3_QuadRemesher_交付\01A眼窝与眼球\screenshots\v39_tex_sideL.png'
迭代124完成

--- 迭代 125 ---
  01:27.297  render           | Saved: 'E:\WangZhen_Project\AI\ShuZiRen\Hermes\SZRYanJiu\v3_QuadRemesher_交付\01A眼窝与眼球\screenshots\01_1_eye_socket_front.png'
  01:27.422  render           | Saved: 'E:\WangZhen_Project\AI\ShuZiRen\Hermes\SZRYanJiu\v3_QuadRemesher_交付\01A眼窝与眼球\screenshots\01_1_eye_socket_side.png'
  make_eye_cup L: boundary ring M=90 (of 1 rings), ring relaxed x12, jump avg=0.46mm max=0.79mm
  recalc_face_normals: SKIPPED (v38, geometric only)
  geometric orientation: reversed 1920 bowl faces to face -Y, still wrong=0
  UV分配: 10710 loops, avg=(0.0793,0.0632), u=[0.0000,1.0000] v=[0.0000,1.0000]
  make_eye_cup R: boundary ring M=89 (of 1 rings), ring relaxed x12, jump avg=0.47mm max=0.87mm
  recalc_face_normals: SKIPPED (v38, geometric only)
  geometric orientation: reversed 247 bowl faces to face -Y, still wrong=0
  UV分配: 9844 loops, avg=(0.5786,0.1021), u=[0.0000,1.0000] v=[0.0000,1.0000]
  Saved: E:\WangZhen_Project\AI\ShuZiRen\Hermes\SZRYanJiu\v3_QuadRemesher_交付\01A眼窝与眼球\models\01_1_eye_socket.blend
  00:02.985  render           | Saved: 'E:\WangZhen_Project\AI\ShuZiRen\Hermes\SZRYanJiu\v3_QuadRemesher_交付\01A眼窝与眼球\screenshots\v39_norm_front.png'
  00:03.375  render           | Saved: 'E:\WangZhen_Project\AI\ShuZiRen\Hermes\SZRYanJiu\v3_QuadRemesher_交付\01A眼窝与眼球\screenshots\v39_norm_sideL.png'
  00:04.219  render           | Saved: 'E:\WangZhen_Project\AI\ShuZiRen\Hermes\SZRYanJiu\v3_QuadRemesher_交付\01A眼窝与眼球\screenshots\v39_tex_front.png'
  00:04.641  render           | Saved: 'E:\WangZhen_Project\AI\ShuZiRen\Hermes\SZRYanJiu\v3_QuadRemesher_交付\01A眼窝与眼球\screenshots\v39_tex_sideL.png'
迭代125完成

--- 迭代 126 ---
  01:27.203  render           | Saved: 'E:\WangZhen_Project\AI\ShuZiRen\Hermes\SZRYanJiu\v3_QuadRemesher_交付\01A眼窝与眼球\screenshots\01_1_eye_socket_front.png'
  01:27.328  render           | Saved: 'E:\WangZhen_Project\AI\ShuZiRen\Hermes\SZRYanJiu\v3_QuadRemesher_交付\01A眼窝与眼球\screenshots\01_1_eye_socket_side.png'
  make_eye_cup L: boundary ring M=90 (of 1 rings), ring relaxed x12, jump avg=0.46mm max=0.79mm
  recalc_face_normals: SKIPPED (v38, geometric only)
  geometric orientation: reversed 1920 bowl faces to face -Y, still wrong=0
  UV分配: 10710 loops, avg=(0.0793,0.0632), u=[0.0000,1.0000] v=[0.0000,1.0000]
  make_eye_cup R: boundary ring M=89 (of 1 rings), ring relaxed x12, jump avg=0.47mm max=0.87mm
  recalc_face_normals: SKIPPED (v38, geometric only)
  geometric orientation: reversed 247 bowl faces to face -Y, still wrong=0
  UV分配: 9844 loops, avg=(0.5786,0.1021), u=[0.0000,1.0000] v=[0.0000,1.0000]
  Saved: E:\WangZhen_Project\AI\ShuZiRen\Hermes\SZRYanJiu\v3_QuadRemesher_交付\01A眼窝与眼球\models\01_1_eye_socket.blend
  00:02.969  render           | Saved: 'E:\WangZhen_Project\AI\ShuZiRen\Hermes\SZRYanJiu\v3_QuadRemesher_交付\01A眼窝与眼球\screenshots\v39_norm_front.png'
  00:03.360  render           | Saved: 'E:\WangZhen_Project\AI\ShuZiRen\Hermes\SZRYanJiu\v3_QuadRemesher_交付\01A眼窝与眼球\screenshots\v39_norm_sideL.png'
  00:04.203  render           | Saved: 'E:\WangZhen_Project\AI\ShuZiRen\Hermes\SZRYanJiu\v3_QuadRemesher_交付\01A眼窝与眼球\screenshots\v39_tex_front.png'
  00:04.625  render           | Saved: 'E:\WangZhen_Project\AI\ShuZiRen\Hermes\SZRYanJiu\v3_QuadRemesher_交付\01A眼窝与眼球\screenshots\v39_tex_sideL.png'
迭代126完成

--- 迭代 127 ---
  01:27.312  render           | Saved: 'E:\WangZhen_Project\AI\ShuZiRen\Hermes\SZRYanJiu\v3_QuadRemesher_交付\01A眼窝与眼球\screenshots\01_1_eye_socket_front.png'
  01:27.437  render           | Saved: 'E:\WangZhen_Project\AI\ShuZiRen\Hermes\SZRYanJiu\v3_QuadRemesher_交付\01A眼窝与眼球\screenshots\01_1_eye_socket_side.png'
  make_eye_cup L: boundary ring M=90 (of 1 rings), ring relaxed x12, jump avg=0.46mm max=0.79mm
  recalc_face_normals: SKIPPED (v38, geometric only)
  geometric orientation: reversed 1920 bowl faces to face -Y, still wrong=0
  UV分配: 10710 loops, avg=(0.0793,0.0632), u=[0.0000,1.0000] v=[0.0000,1.0000]
  make_eye_cup R: boundary ring M=89 (of 1 rings), ring relaxed x12, jump avg=0.47mm max=0.87mm
  recalc_face_normals: SKIPPED (v38, geometric only)
  geometric orientation: reversed 247 bowl faces to face -Y, still wrong=0
  UV分配: 9844 loops, avg=(0.5786,0.1021), u=[0.0000,1.0000] v=[0.0000,1.0000]
  Saved: E:\WangZhen_Project\AI\ShuZiRen\Hermes\SZRYanJiu\v3_QuadRemesher_交付\01A眼窝与眼球\models\01_1_eye_socket.blend
  00:02.953  render           | Saved: 'E:\WangZhen_Project\AI\ShuZiRen\Hermes\SZRYanJiu\v3_QuadRemesher_交付\01A眼窝与眼球\screenshots\v39_norm_front.png'
  00:03.359  render           | Saved: 'E:\WangZhen_Project\AI\ShuZiRen\Hermes\SZRYanJiu\v3_QuadRemesher_交付\01A眼窝与眼球\screenshots\v39_norm_sideL.png'
  00:04.203  render           | Saved: 'E:\WangZhen_Project\AI\ShuZiRen\Hermes\SZRYanJiu\v3_QuadRemesher_交付\01A眼窝与眼球\screenshots\v39_tex_front.png'
  00:04.625  render           | Saved: 'E:\WangZhen_Project\AI\ShuZiRen\Hermes\SZRYanJiu\v3_QuadRemesher_交付\01A眼窝与眼球\screenshots\v39_tex_sideL.png'
迭代127完成

--- 迭代 128 ---
  01:28.938  render           | Saved: 'E:\WangZhen_Project\AI\ShuZiRen\Hermes\SZRYanJiu\v3_QuadRemesher_交付\01A眼窝与眼球\screenshots\01_1_eye_socket_front.png'
  01:29.063  render           | Saved: 'E:\WangZhen_Project\AI\ShuZiRen\Hermes\SZRYanJiu\v3_QuadRemesher_交付\01A眼窝与眼球\screenshots\01_1_eye_socket_side.png'
  make_eye_cup L: boundary ring M=90 (of 1 rings), ring relaxed x12, jump avg=0.46mm max=0.79mm
  recalc_face_normals: SKIPPED (v38, geometric only)
  geometric orientation: reversed 1920 bowl faces to face -Y, still wrong=0
  UV分配: 10710 loops, avg=(0.0793,0.0632), u=[0.0000,1.0000] v=[0.0000,1.0000]
  make_eye_cup R: boundary ring M=89 (of 1 rings), ring relaxed x12, jump avg=0.47mm max=0.87mm
  recalc_face_normals: SKIPPED (v38, geometric only)
  geometric orientation: reversed 247 bowl faces to face -Y, still wrong=0
  UV分配: 9844 loops, avg=(0.5786,0.1021), u=[0.0000,1.0000] v=[0.0000,1.0000]
  Saved: E:\WangZhen_Project\AI\ShuZiRen\Hermes\SZRYanJiu\v3_QuadRemesher_交付\01A眼窝与眼球\models\01_1_eye_socket.blend
  00:03.000  render           | Saved: 'E:\WangZhen_Project\AI\ShuZiRen\Hermes\SZRYanJiu\v3_QuadRemesher_交付\01A眼窝与眼球\screenshots\v39_norm_front.png'
  00:03.390  render           | Saved: 'E:\WangZhen_Project\AI\ShuZiRen\Hermes\SZRYanJiu\v3_QuadRemesher_交付\01A眼窝与眼球\screenshots\v39_norm_sideL.png'
  00:04.234  render           | Saved: 'E:\WangZhen_Project\AI\ShuZiRen\Hermes\SZRYanJiu\v3_QuadRemesher_交付\01A眼窝与眼球\screenshots\v39_tex_front.png'
  00:04.672  render           | Saved: 'E:\WangZhen_Project\AI\ShuZiRen\Hermes\SZRYanJiu\v3_QuadRemesher_交付\01A眼窝与眼球\screenshots\v39_tex_sideL.png'
迭代128完成

--- 迭代 129 ---
  01:27.094  render           | Saved: 'E:\WangZhen_Project\AI\ShuZiRen\Hermes\SZRYanJiu\v3_QuadRemesher_交付\01A眼窝与眼球\screenshots\01_1_eye_socket_front.png'
  01:27.219  render           | Saved: 'E:\WangZhen_Project\AI\ShuZiRen\Hermes\SZRYanJiu\v3_QuadRemesher_交付\01A眼窝与眼球\screenshots\01_1_eye_socket_side.png'
  make_eye_cup L: boundary ring M=90 (of 1 rings), ring relaxed x12, jump avg=0.46mm max=0.79mm
  recalc_face_normals: SKIPPED (v38, geometric only)
  geometric orientation: reversed 1920 bowl faces to face -Y, still wrong=0
  UV分配: 10710 loops, avg=(0.0793,0.0632), u=[0.0000,1.0000] v=[0.0000,1.0000]
  make_eye_cup R: boundary ring M=89 (of 1 rings), ring relaxed x12, jump avg=0.47mm max=0.87mm
  recalc_face_normals: SKIPPED (v38, geometric only)
  geometric orientation: reversed 247 bowl faces to face -Y, still wrong=0
  UV分配: 9844 loops, avg=(0.5786,0.1021), u=[0.0000,1.0000] v=[0.0000,1.0000]
  Saved: E:\WangZhen_Project\AI\ShuZiRen\Hermes\SZRYanJiu\v3_QuadRemesher_交付\01A眼窝与眼球\models\01_1_eye_socket.blend
  00:03.047  render           | Saved: 'E:\WangZhen_Project\AI\ShuZiRen\Hermes\SZRYanJiu\v3_QuadRemesher_交付\01A眼窝与眼球\screenshots\v39_norm_front.png'
  00:03.437  render           | Saved: 'E:\WangZhen_Project\AI\ShuZiRen\Hermes\SZRYanJiu\v3_QuadRemesher_交付\01A眼窝与眼球\screenshots\v39_norm_sideL.png'
  00:04.281  render           | Saved: 'E:\WangZhen_Project\AI\ShuZiRen\Hermes\SZRYanJiu\v3_QuadRemesher_交付\01A眼窝与眼球\screenshots\v39_tex_front.png'
  00:04.719  render           | Saved: 'E:\WangZhen_Project\AI\ShuZiRen\Hermes\SZRYanJiu\v3_QuadRemesher_交付\01A眼窝与眼球\screenshots\v39_tex_sideL.png'
迭代129完成

--- 迭代 130 ---
  01:26.875  render           | Saved: 'E:\WangZhen_Project\AI\ShuZiRen\Hermes\SZRYanJiu\v3_QuadRemesher_交付\01A眼窝与眼球\screenshots\01_1_eye_socket_front.png'
  01:27.000  render           | Saved: 'E:\WangZhen_Project\AI\ShuZiRen\Hermes\SZRYanJiu\v3_QuadRemesher_交付\01A眼窝与眼球\screenshots\01_1_eye_socket_side.png'
  make_eye_cup L: boundary ring M=90 (of 1 rings), ring relaxed x12, jump avg=0.46mm max=0.79mm
  recalc_face_normals: SKIPPED (v38, geometric only)
  geometric orientation: reversed 1920 bowl faces to face -Y, still wrong=0
  UV分配: 10710 loops, avg=(0.0793,0.0632), u=[0.0000,1.0000] v=[0.0000,1.0000]
  make_eye_cup R: boundary ring M=89 (of 1 rings), ring relaxed x12, jump avg=0.47mm max=0.87mm
  recalc_face_normals: SKIPPED (v38, geometric only)
  geometric orientation: reversed 247 bowl faces to face -Y, still wrong=0
  UV分配: 9844 loops, avg=(0.5786,0.1021), u=[0.0000,1.0000] v=[0.0000,1.0000]
  Saved: E:\WangZhen_Project\AI\ShuZiRen\Hermes\SZRYanJiu\v3_QuadRemesher_交付\01A眼窝与眼球\models\01_1_eye_socket.blend
  00:03.016  render           | Saved: 'E:\WangZhen_Project\AI\ShuZiRen\Hermes\SZRYanJiu\v3_QuadRemesher_交付\01A眼窝与眼球\screenshots\v39_norm_front.png'
  00:03.407  render           | Saved: 'E:\WangZhen_Project\AI\ShuZiRen\Hermes\SZRYanJiu\v3_QuadRemesher_交付\01A眼窝与眼球\screenshots\v39_norm_sideL.png'
  00:04.266  render           | Saved: 'E:\WangZhen_Project\AI\ShuZiRen\Hermes\SZRYanJiu\v3_QuadRemesher_交付\01A眼窝与眼球\screenshots\v39_tex_front.png'
  00:04.703  render           | Saved: 'E:\WangZhen_Project\AI\ShuZiRen\Hermes\SZRYanJiu\v3_QuadRemesher_交付\01A眼窝与眼球\screenshots\v39_tex_sideL.png'
迭代130完成

--- 迭代 131 ---
  01:27.093  render           | Saved: 'E:\WangZhen_Project\AI\ShuZiRen\Hermes\SZRYanJiu\v3_QuadRemesher_交付\01A眼窝与眼球\screenshots\01_1_eye_socket_front.png'
  01:27.218  render           | Saved: 'E:\WangZhen_Project\AI\ShuZiRen\Hermes\SZRYanJiu\v3_QuadRemesher_交付\01A眼窝与眼球\screenshots\01_1_eye_socket_side.png'
  make_eye_cup L: boundary ring M=90 (of 1 rings), ring relaxed x12, jump avg=0.46mm max=0.79mm
  recalc_face_normals: SKIPPED (v38, geometric only)
  geometric orientation: reversed 1920 bowl faces to face -Y, still wrong=0
  UV分配: 10710 loops, avg=(0.0793,0.0632), u=[0.0000,1.0000] v=[0.0000,1.0000]
  make_eye_cup R: boundary ring M=89 (of 1 rings), ring relaxed x12, jump avg=0.47mm max=0.87mm
  recalc_face_normals: SKIPPED (v38, geometric only)
  geometric orientation: reversed 247 bowl faces to face -Y, still wrong=0
  UV分配: 9844 loops, avg=(0.5786,0.1021), u=[0.0000,1.0000] v=[0.0000,1.0000]
  Saved: E:\WangZhen_Project\AI\ShuZiRen\Hermes\SZRYanJiu\v3_QuadRemesher_交付\01A眼窝与眼球\models\01_1_eye_socket.blend
  00:03.031  render           | Saved: 'E:\WangZhen_Project\AI\ShuZiRen\Hermes\SZRYanJiu\v3_QuadRemesher_交付\01A眼窝与眼球\screenshots\v39_norm_front.png'
  00:03.422  render           | Saved: 'E:\WangZhen_Project\AI\ShuZiRen\Hermes\SZRYanJiu\v3_QuadRemesher_交付\01A眼窝与眼球\screenshots\v39_norm_sideL.png'
  00:04.266  render           | Saved: 'E:\WangZhen_Project\AI\ShuZiRen\Hermes\SZRYanJiu\v3_QuadRemesher_交付\01A眼窝与眼球\screenshots\v39_tex_front.png'
  00:04.687  render           | Saved: 'E:\WangZhen_Project\AI\ShuZiRen\Hermes\SZRYanJiu\v3_QuadRemesher_交付\01A眼窝与眼球\screenshots\v39_tex_sideL.png'
迭代131完成

--- 迭代 132 ---
  01:27.063  render           | Saved: 'E:\WangZhen_Project\AI\ShuZiRen\Hermes\SZRYanJiu\v3_QuadRemesher_交付\01A眼窝与眼球\screenshots\01_1_eye_socket_front.png'
  01:27.203  render           | Saved: 'E:\WangZhen_Project\AI\ShuZiRen\Hermes\SZRYanJiu\v3_QuadRemesher_交付\01A眼窝与眼球\screenshots\01_1_eye_socket_side.png'
  make_eye_cup L: boundary ring M=90 (of 1 rings), ring relaxed x12, jump avg=0.46mm max=0.79mm
  recalc_face_normals: SKIPPED (v38, geometric only)
  geometric orientation: reversed 1920 bowl faces to face -Y, still wrong=0
  UV分配: 10710 loops, avg=(0.0793,0.0632), u=[0.0000,1.0000] v=[0.0000,1.0000]
  make_eye_cup R: boundary ring M=89 (of 1 rings), ring relaxed x12, jump avg=0.47mm max=0.87mm
  recalc_face_normals: SKIPPED (v38, geometric only)
  geometric orientation: reversed 247 bowl faces to face -Y, still wrong=0
  UV分配: 9844 loops, avg=(0.5786,0.1021), u=[0.0000,1.0000] v=[0.0000,1.0000]
  Saved: E:\WangZhen_Project\AI\ShuZiRen\Hermes\SZRYanJiu\v3_QuadRemesher_交付\01A眼窝与眼球\models\01_1_eye_socket.blend
  00:03.000  render           | Saved: 'E:\WangZhen_Project\AI\ShuZiRen\Hermes\SZRYanJiu\v3_QuadRemesher_交付\01A眼窝与眼球\screenshots\v39_norm_front.png'
  00:03.391  render           | Saved: 'E:\WangZhen_Project\AI\ShuZiRen\Hermes\SZRYanJiu\v3_QuadRemesher_交付\01A眼窝与眼球\screenshots\v39_norm_sideL.png'
  00:04.235  render           | Saved: 'E:\WangZhen_Project\AI\ShuZiRen\Hermes\SZRYanJiu\v3_QuadRemesher_交付\01A眼窝与眼球\screenshots\v39_tex_front.png'
  00:04.657  render           | Saved: 'E:\WangZhen_Project\AI\ShuZiRen\Hermes\SZRYanJiu\v3_QuadRemesher_交付\01A眼窝与眼球\screenshots\v39_tex_sideL.png'
迭代132完成

--- 迭代 133 ---
  01:27.281  render           | Saved: 'E:\WangZhen_Project\AI\ShuZiRen\Hermes\SZRYanJiu\v3_QuadRemesher_交付\01A眼窝与眼球\screenshots\01_1_eye_socket_front.png'
  01:27.406  render           | Saved: 'E:\WangZhen_Project\AI\ShuZiRen\Hermes\SZRYanJiu\v3_QuadRemesher_交付\01A眼窝与眼球\screenshots\01_1_eye_socket_side.png'
  make_eye_cup L: boundary ring M=90 (of 1 rings), ring relaxed x12, jump avg=0.46mm max=0.79mm
  recalc_face_normals: SKIPPED (v38, geometric only)
  geometric orientation: reversed 1920 bowl faces to face -Y, still wrong=0
  UV分配: 10710 loops, avg=(0.0793,0.0632), u=[0.0000,1.0000] v=[0.0000,1.0000]
  make_eye_cup R: boundary ring M=89 (of 1 rings), ring relaxed x12, jump avg=0.47mm max=0.87mm
  recalc_face_normals: SKIPPED (v38, geometric only)
  geometric orientation: reversed 247 bowl faces to face -Y, still wrong=0
  UV分配: 9844 loops, avg=(0.5786,0.1021), u=[0.0000,1.0000] v=[0.0000,1.0000]
  Saved: E:\WangZhen_Project\AI\ShuZiRen\Hermes\SZRYanJiu\v3_QuadRemesher_交付\01A眼窝与眼球\models\01_1_eye_socket.blend
  00:03.000  render           | Saved: 'E:\WangZhen_Project\AI\ShuZiRen\Hermes\SZRYanJiu\v3_QuadRemesher_交付\01A眼窝与眼球\screenshots\v39_norm_front.png'
  00:03.391  render           | Saved: 'E:\WangZhen_Project\AI\ShuZiRen\Hermes\SZRYanJiu\v3_QuadRemesher_交付\01A眼窝与眼球\screenshots\v39_norm_sideL.png'
  00:04.235  render           | Saved: 'E:\WangZhen_Project\AI\ShuZiRen\Hermes\SZRYanJiu\v3_QuadRemesher_交付\01A眼窝与眼球\screenshots\v39_tex_front.png'
  00:04.672  render           | Saved: 'E:\WangZhen_Project\AI\ShuZiRen\Hermes\SZRYanJiu\v3_QuadRemesher_交付\01A眼窝与眼球\screenshots\v39_tex_sideL.png'
迭代133完成

--- 迭代 134 ---
  01:27.688  render           | Saved: 'E:\WangZhen_Project\AI\ShuZiRen\Hermes\SZRYanJiu\v3_QuadRemesher_交付\01A眼窝与眼球\screenshots\01_1_eye_socket_front.png'
  01:27.813  render           | Saved: 'E:\WangZhen_Project\AI\ShuZiRen\Hermes\SZRYanJiu\v3_QuadRemesher_交付\01A眼窝与眼球\screenshots\01_1_eye_socket_side.png'
  make_eye_cup L: boundary ring M=90 (of 1 rings), ring relaxed x12, jump avg=0.46mm max=0.79mm
  recalc_face_normals: SKIPPED (v38, geometric only)
  geometric orientation: reversed 1920 bowl faces to face -Y, still wrong=0
  UV分配: 10710 loops, avg=(0.0793,0.0632), u=[0.0000,1.0000] v=[0.0000,1.0000]
  make_eye_cup R: boundary ring M=89 (of 1 rings), ring relaxed x12, jump avg=0.47mm max=0.87mm
  recalc_face_normals: SKIPPED (v38, geometric only)
  geometric orientation: reversed 247 bowl faces to face -Y, still wrong=0
  UV分配: 9844 loops, avg=(0.5786,0.1021), u=[0.0000,1.0000] v=[0.0000,1.0000]
  Saved: E:\WangZhen_Project\AI\ShuZiRen\Hermes\SZRYanJiu\v3_QuadRemesher_交付\01A眼窝与眼球\models\01_1_eye_socket.blend
  00:03.000  render           | Saved: 'E:\WangZhen_Project\AI\ShuZiRen\Hermes\SZRYanJiu\v3_QuadRemesher_交付\01A眼窝与眼球\screenshots\v39_norm_front.png'
  00:03.391  render           | Saved: 'E:\WangZhen_Project\AI\ShuZiRen\Hermes\SZRYanJiu\v3_QuadRemesher_交付\01A眼窝与眼球\screenshots\v39_norm_sideL.png'
  00:04.235  render           | Saved: 'E:\WangZhen_Project\AI\ShuZiRen\Hermes\SZRYanJiu\v3_QuadRemesher_交付\01A眼窝与眼球\screenshots\v39_tex_front.png'
  00:04.656  render           | Saved: 'E:\WangZhen_Project\AI\ShuZiRen\Hermes\SZRYanJiu\v3_QuadRemesher_交付\01A眼窝与眼球\screenshots\v39_tex_sideL.png'
迭代134完成

--- 迭代 135 ---
  01:27.406  render           | Saved: 'E:\WangZhen_Project\AI\ShuZiRen\Hermes\SZRYanJiu\v3_QuadRemesher_交付\01A眼窝与眼球\screenshots\01_1_eye_socket_front.png'
  01:27.531  render           | Saved: 'E:\WangZhen_Project\AI\ShuZiRen\Hermes\SZRYanJiu\v3_QuadRemesher_交付\01A眼窝与眼球\screenshots\01_1_eye_socket_side.png'
  make_eye_cup L: boundary ring M=90 (of 1 rings), ring relaxed x12, jump avg=0.46mm max=0.79mm
  recalc_face_normals: SKIPPED (v38, geometric only)
  geometric orientation: reversed 1920 bowl faces to face -Y, still wrong=0
  UV分配: 10710 loops, avg=(0.0793,0.0632), u=[0.0000,1.0000] v=[0.0000,1.0000]
  make_eye_cup R: boundary ring M=89 (of 1 rings), ring relaxed x12, jump avg=0.47mm max=0.87mm
  recalc_face_normals: SKIPPED (v38, geometric only)
  geometric orientation: reversed 247 bowl faces to face -Y, still wrong=0
  UV分配: 9844 loops, avg=(0.5786,0.1021), u=[0.0000,1.0000] v=[0.0000,1.0000]
  Saved: E:\WangZhen_Project\AI\ShuZiRen\Hermes\SZRYanJiu\v3_QuadRemesher_交付\01A眼窝与眼球\models\01_1_eye_socket.blend
  00:02.985  render           | Saved: 'E:\WangZhen_Project\AI\ShuZiRen\Hermes\SZRYanJiu\v3_QuadRemesher_交付\01A眼窝与眼球\screenshots\v39_norm_front.png'
  00:03.375  render           | Saved: 'E:\WangZhen_Project\AI\ShuZiRen\Hermes\SZRYanJiu\v3_QuadRemesher_交付\01A眼窝与眼球\screenshots\v39_norm_sideL.png'
  00:04.235  render           | Saved: 'E:\WangZhen_Project\AI\ShuZiRen\Hermes\SZRYanJiu\v3_QuadRemesher_交付\01A眼窝与眼球\screenshots\v39_tex_front.png'
  00:04.657  render           | Saved: 'E:\WangZhen_Project\AI\ShuZiRen\Hermes\SZRYanJiu\v3_QuadRemesher_交付\01A眼窝与眼球\screenshots\v39_tex_sideL.png'
迭代135完成

--- 迭代 136 ---
  01:27.063  render           | Saved: 'E:\WangZhen_Project\AI\ShuZiRen\Hermes\SZRYanJiu\v3_QuadRemesher_交付\01A眼窝与眼球\screenshots\01_1_eye_socket_front.png'
  01:27.203  render           | Saved: 'E:\WangZhen_Project\AI\ShuZiRen\Hermes\SZRYanJiu\v3_QuadRemesher_交付\01A眼窝与眼球\screenshots\01_1_eye_socket_side.png'
  make_eye_cup L: boundary ring M=90 (of 1 rings), ring relaxed x12, jump avg=0.46mm max=0.79mm
  recalc_face_normals: SKIPPED (v38, geometric only)
  geometric orientation: reversed 1920 bowl faces to face -Y, still wrong=0
  UV分配: 10710 loops, avg=(0.0793,0.0632), u=[0.0000,1.0000] v=[0.0000,1.0000]
  make_eye_cup R: boundary ring M=89 (of 1 rings), ring relaxed x12, jump avg=0.47mm max=0.87mm
  recalc_face_normals: SKIPPED (v38, geometric only)
  geometric orientation: reversed 247 bowl faces to face -Y, still wrong=0
  UV分配: 9844 loops, avg=(0.5786,0.1021), u=[0.0000,1.0000] v=[0.0000,1.0000]
  Saved: E:\WangZhen_Project\AI\ShuZiRen\Hermes\SZRYanJiu\v3_QuadRemesher_交付\01A眼窝与眼球\models\01_1_eye_socket.blend
  00:03.078  render           | Saved: 'E:\WangZhen_Project\AI\ShuZiRen\Hermes\SZRYanJiu\v3_QuadRemesher_交付\01A眼窝与眼球\screenshots\v39_norm_front.png'
  00:03.469  render           | Saved: 'E:\WangZhen_Project\AI\ShuZiRen\Hermes\SZRYanJiu\v3_QuadRemesher_交付\01A眼窝与眼球\screenshots\v39_norm_sideL.png'
  00:04.312  render           | Saved: 'E:\WangZhen_Project\AI\ShuZiRen\Hermes\SZRYanJiu\v3_QuadRemesher_交付\01A眼窝与眼球\screenshots\v39_tex_front.png'
  00:04.734  render           | Saved: 'E:\WangZhen_Project\AI\ShuZiRen\Hermes\SZRYanJiu\v3_QuadRemesher_交付\01A眼窝与眼球\screenshots\v39_tex_sideL.png'
迭代136完成

--- 迭代 137 ---
  01:27.515  render           | Saved: 'E:\WangZhen_Project\AI\ShuZiRen\Hermes\SZRYanJiu\v3_QuadRemesher_交付\01A眼窝与眼球\screenshots\01_1_eye_socket_front.png'
  01:27.640  render           | Saved: 'E:\WangZhen_Project\AI\ShuZiRen\Hermes\SZRYanJiu\v3_QuadRemesher_交付\01A眼窝与眼球\screenshots\01_1_eye_socket_side.png'
  make_eye_cup L: boundary ring M=90 (of 1 rings), ring relaxed x12, jump avg=0.46mm max=0.79mm
  recalc_face_normals: SKIPPED (v38, geometric only)
  geometric orientation: reversed 1920 bowl faces to face -Y, still wrong=0
  UV分配: 10710 loops, avg=(0.0793,0.0632), u=[0.0000,1.0000] v=[0.0000,1.0000]
  make_eye_cup R: boundary ring M=89 (of 1 rings), ring relaxed x12, jump avg=0.47mm max=0.87mm
  recalc_face_normals: SKIPPED (v38, geometric only)
  geometric orientation: reversed 247 bowl faces to face -Y, still wrong=0
  UV分配: 9844 loops, avg=(0.5786,0.1021), u=[0.0000,1.0000] v=[0.0000,1.0000]
  Saved: E:\WangZhen_Project\AI\ShuZiRen\Hermes\SZRYanJiu\v3_QuadRemesher_交付\01A眼窝与眼球\models\01_1_eye_socket.blend
  00:02.968  render           | Saved: 'E:\WangZhen_Project\AI\ShuZiRen\Hermes\SZRYanJiu\v3_QuadRemesher_交付\01A眼窝与眼球\screenshots\v39_norm_front.png'
  00:03.375  render           | Saved: 'E:\WangZhen_Project\AI\ShuZiRen\Hermes\SZRYanJiu\v3_QuadRemesher_交付\01A眼窝与眼球\screenshots\v39_norm_sideL.png'
  00:04.218  render           | Saved: 'E:\WangZhen_Project\AI\ShuZiRen\Hermes\SZRYanJiu\v3_QuadRemesher_交付\01A眼窝与眼球\screenshots\v39_tex_front.png'
  00:04.640  render           | Saved: 'E:\WangZhen_Project\AI\ShuZiRen\Hermes\SZRYanJiu\v3_QuadRemesher_交付\01A眼窝与眼球\screenshots\v39_tex_sideL.png'
迭代137完成

--- 迭代 138 ---
  01:27.344  render           | Saved: 'E:\WangZhen_Project\AI\ShuZiRen\Hermes\SZRYanJiu\v3_QuadRemesher_交付\01A眼窝与眼球\screenshots\01_1_eye_socket_front.png'
  01:27.469  render           | Saved: 'E:\WangZhen_Project\AI\ShuZiRen\Hermes\SZRYanJiu\v3_QuadRemesher_交付\01A眼窝与眼球\screenshots\01_1_eye_socket_side.png'
  make_eye_cup L: boundary ring M=90 (of 1 rings), ring relaxed x12, jump avg=0.46mm max=0.79mm
  recalc_face_normals: SKIPPED (v38, geometric only)
  geometric orientation: reversed 1920 bowl faces to face -Y, still wrong=0
  UV分配: 10710 loops, avg=(0.0793,0.0632), u=[0.0000,1.0000] v=[0.0000,1.0000]
  make_eye_cup R: boundary ring M=89 (of 1 rings), ring relaxed x12, jump avg=0.47mm max=0.87mm
  recalc_face_normals: SKIPPED (v38, geometric only)
  geometric orientation: reversed 247 bowl faces to face -Y, still wrong=0
  UV分配: 9844 loops, avg=(0.5786,0.1021), u=[0.0000,1.0000] v=[0.0000,1.0000]
  Saved: E:\WangZhen_Project\AI\ShuZiRen\Hermes\SZRYanJiu\v3_QuadRemesher_交付\01A眼窝与眼球\models\01_1_eye_socket.blend
  00:02.985  render           | Saved: 'E:\WangZhen_Project\AI\ShuZiRen\Hermes\SZRYanJiu\v3_QuadRemesher_交付\01A眼窝与眼球\screenshots\v39_norm_front.png'
  00:03.391  render           | Saved: 'E:\WangZhen_Project\AI\ShuZiRen\Hermes\SZRYanJiu\v3_QuadRemesher_交付\01A眼窝与眼球\screenshots\v39_norm_sideL.png'
  00:04.235  render           | Saved: 'E:\WangZhen_Project\AI\ShuZiRen\Hermes\SZRYanJiu\v3_QuadRemesher_交付\01A眼窝与眼球\screenshots\v39_tex_front.png'
  00:04.672  render           | Saved: 'E:\WangZhen_Project\AI\ShuZiRen\Hermes\SZRYanJiu\v3_QuadRemesher_交付\01A眼窝与眼球\screenshots\v39_tex_sideL.png'
迭代138完成

--- 迭代 139 ---
  01:27.453  render           | Saved: 'E:\WangZhen_Project\AI\ShuZiRen\Hermes\SZRYanJiu\v3_QuadRemesher_交付\01A眼窝与眼球\screenshots\01_1_eye_socket_front.png'
  01:27.578  render           | Saved: 'E:\WangZhen_Project\AI\ShuZiRen\Hermes\SZRYanJiu\v3_QuadRemesher_交付\01A眼窝与眼球\screenshots\01_1_eye_socket_side.png'
  make_eye_cup L: boundary ring M=90 (of 1 rings), ring relaxed x12, jump avg=0.46mm max=0.79mm
  recalc_face_normals: SKIPPED (v38, geometric only)
  geometric orientation: reversed 1920 bowl faces to face -Y, still wrong=0
  UV分配: 10710 loops, avg=(0.0793,0.0632), u=[0.0000,1.0000] v=[0.0000,1.0000]
  make_eye_cup R: boundary ring M=89 (of 1 rings), ring relaxed x12, jump avg=0.47mm max=0.87mm
  recalc_face_normals: SKIPPED (v38, geometric only)
  geometric orientation: reversed 247 bowl faces to face -Y, still wrong=0
  UV分配: 9844 loops, avg=(0.5786,0.1021), u=[0.0000,1.0000] v=[0.0000,1.0000]
  Saved: E:\WangZhen_Project\AI\ShuZiRen\Hermes\SZRYanJiu\v3_QuadRemesher_交付\01A眼窝与眼球\models\01_1_eye_socket.blend
  00:03.016  render           | Saved: 'E:\WangZhen_Project\AI\ShuZiRen\Hermes\SZRYanJiu\v3_QuadRemesher_交付\01A眼窝与眼球\screenshots\v39_norm_front.png'
  00:03.407  render           | Saved: 'E:\WangZhen_Project\AI\ShuZiRen\Hermes\SZRYanJiu\v3_QuadRemesher_交付\01A眼窝与眼球\screenshots\v39_norm_sideL.png'
  00:04.250  render           | Saved: 'E:\WangZhen_Project\AI\ShuZiRen\Hermes\SZRYanJiu\v3_QuadRemesher_交付\01A眼窝与眼球\screenshots\v39_tex_front.png'
  00:04.672  render           | Saved: 'E:\WangZhen_Project\AI\ShuZiRen\Hermes\SZRYanJiu\v3_QuadRemesher_交付\01A眼窝与眼球\screenshots\v39_tex_sideL.png'
迭代139完成

--- 迭代 140 ---
  01:27.703  render           | Saved: 'E:\WangZhen_Project\AI\ShuZiRen\Hermes\SZRYanJiu\v3_QuadRemesher_交付\01A眼窝与眼球\screenshots\01_1_eye_socket_front.png'
  01:27.828  render           | Saved: 'E:\WangZhen_Project\AI\ShuZiRen\Hermes\SZRYanJiu\v3_QuadRemesher_交付\01A眼窝与眼球\screenshots\01_1_eye_socket_side.png'
  make_eye_cup L: boundary ring M=90 (of 1 rings), ring relaxed x12, jump avg=0.46mm max=0.79mm
  recalc_face_normals: SKIPPED (v38, geometric only)
  geometric orientation: reversed 1920 bowl faces to face -Y, still wrong=0
  UV分配: 10710 loops, avg=(0.0793,0.0632), u=[0.0000,1.0000] v=[0.0000,1.0000]
  make_eye_cup R: boundary ring M=89 (of 1 rings), ring relaxed x12, jump avg=0.47mm max=0.87mm
  recalc_face_normals: SKIPPED (v38, geometric only)
  geometric orientation: reversed 247 bowl faces to face -Y, still wrong=0
  UV分配: 9844 loops, avg=(0.5786,0.1021), u=[0.0000,1.0000] v=[0.0000,1.0000]
  Saved: E:\WangZhen_Project\AI\ShuZiRen\Hermes\SZRYanJiu\v3_QuadRemesher_交付\01A眼窝与眼球\models\01_1_eye_socket.blend
  00:02.984  render           | Saved: 'E:\WangZhen_Project\AI\ShuZiRen\Hermes\SZRYanJiu\v3_QuadRemesher_交付\01A眼窝与眼球\screenshots\v39_norm_front.png'
  00:03.391  render           | Saved: 'E:\WangZhen_Project\AI\ShuZiRen\Hermes\SZRYanJiu\v3_QuadRemesher_交付\01A眼窝与眼球\screenshots\v39_norm_sideL.png'
  00:04.250  render           | Saved: 'E:\WangZhen_Project\AI\ShuZiRen\Hermes\SZRYanJiu\v3_QuadRemesher_交付\01A眼窝与眼球\screenshots\v39_tex_front.png'
  00:04.672  render           | Saved: 'E:\WangZhen_Project\AI\ShuZiRen\Hermes\SZRYanJiu\v3_QuadRemesher_交付\01A眼窝与眼球\screenshots\v39_tex_sideL.png'
迭代140完成

--- 迭代 141 ---
  01:27.563  render           | Saved: 'E:\WangZhen_Project\AI\ShuZiRen\Hermes\SZRYanJiu\v3_QuadRemesher_交付\01A眼窝与眼球\screenshots\01_1_eye_socket_front.png'
  01:27.704  render           | Saved: 'E:\WangZhen_Project\AI\ShuZiRen\Hermes\SZRYanJiu\v3_QuadRemesher_交付\01A眼窝与眼球\screenshots\01_1_eye_socket_side.png'
  make_eye_cup L: boundary ring M=90 (of 1 rings), ring relaxed x12, jump avg=0.46mm max=0.79mm
  recalc_face_normals: SKIPPED (v38, geometric only)
  geometric orientation: reversed 1920 bowl faces to face -Y, still wrong=0
  UV分配: 10710 loops, avg=(0.0793,0.0632), u=[0.0000,1.0000] v=[0.0000,1.0000]
  make_eye_cup R: boundary ring M=89 (of 1 rings), ring relaxed x12, jump avg=0.47mm max=0.87mm
  recalc_face_normals: SKIPPED (v38, geometric only)
  geometric orientation: reversed 247 bowl faces to face -Y, still wrong=0
  UV分配: 9844 loops, avg=(0.5786,0.1021), u=[0.0000,1.0000] v=[0.0000,1.0000]
  Saved: E:\WangZhen_Project\AI\ShuZiRen\Hermes\SZRYanJiu\v3_QuadRemesher_交付\01A眼窝与眼球\models\01_1_eye_socket.blend
  00:03.031  render           | Saved: 'E:\WangZhen_Project\AI\ShuZiRen\Hermes\SZRYanJiu\v3_QuadRemesher_交付\01A眼窝与眼球\screenshots\v39_norm_front.png'
  00:03.438  render           | Saved: 'E:\WangZhen_Project\AI\ShuZiRen\Hermes\SZRYanJiu\v3_QuadRemesher_交付\01A眼窝与眼球\screenshots\v39_norm_sideL.png'
  00:04.281  render           | Saved: 'E:\WangZhen_Project\AI\ShuZiRen\Hermes\SZRYanJiu\v3_QuadRemesher_交付\01A眼窝与眼球\screenshots\v39_tex_front.png'
  00:04.703  render           | Saved: 'E:\WangZhen_Project\AI\ShuZiRen\Hermes\SZRYanJiu\v3_QuadRemesher_交付\01A眼窝与眼球\screenshots\v39_tex_sideL.png'
迭代141完成

--- 迭代 142 ---
  01:27.360  render           | Saved: 'E:\WangZhen_Project\AI\ShuZiRen\Hermes\SZRYanJiu\v3_QuadRemesher_交付\01A眼窝与眼球\screenshots\01_1_eye_socket_front.png'
  01:27.500  render           | Saved: 'E:\WangZhen_Project\AI\ShuZiRen\Hermes\SZRYanJiu\v3_QuadRemesher_交付\01A眼窝与眼球\screenshots\01_1_eye_socket_side.png'
  make_eye_cup L: boundary ring M=90 (of 1 rings), ring relaxed x12, jump avg=0.46mm max=0.79mm
  recalc_face_normals: SKIPPED (v38, geometric only)
  geometric orientation: reversed 1920 bowl faces to face -Y, still wrong=0
  UV分配: 10710 loops, avg=(0.0793,0.0632), u=[0.0000,1.0000] v=[0.0000,1.0000]
  make_eye_cup R: boundary ring M=89 (of 1 rings), ring relaxed x12, jump avg=0.47mm max=0.87mm
  recalc_face_normals: SKIPPED (v38, geometric only)
  geometric orientation: reversed 247 bowl faces to face -Y, still wrong=0
  UV分配: 9844 loops, avg=(0.5786,0.1021), u=[0.0000,1.0000] v=[0.0000,1.0000]
  Saved: E:\WangZhen_Project\AI\ShuZiRen\Hermes\SZRYanJiu\v3_QuadRemesher_交付\01A眼窝与眼球\models\01_1_eye_socket.blend
  00:02.969  render           | Saved: 'E:\WangZhen_Project\AI\ShuZiRen\Hermes\SZRYanJiu\v3_QuadRemesher_交付\01A眼窝与眼球\screenshots\v39_norm_front.png'
  00:03.359  render           | Saved: 'E:\WangZhen_Project\AI\ShuZiRen\Hermes\SZRYanJiu\v3_QuadRemesher_交付\01A眼窝与眼球\screenshots\v39_norm_sideL.png'
  00:04.219  render           | Saved: 'E:\WangZhen_Project\AI\ShuZiRen\Hermes\SZRYanJiu\v3_QuadRemesher_交付\01A眼窝与眼球\screenshots\v39_tex_front.png'
  00:04.641  render           | Saved: 'E:\WangZhen_Project\AI\ShuZiRen\Hermes\SZRYanJiu\v3_QuadRemesher_交付\01A眼窝与眼球\screenshots\v39_tex_sideL.png'
迭代142完成

--- 迭代 143 ---
  01:27.500  render           | Saved: 'E:\WangZhen_Project\AI\ShuZiRen\Hermes\SZRYanJiu\v3_QuadRemesher_交付\01A眼窝与眼球\screenshots\01_1_eye_socket_front.png'
  01:27.625  render           | Saved: 'E:\WangZhen_Project\AI\ShuZiRen\Hermes\SZRYanJiu\v3_QuadRemesher_交付\01A眼窝与眼球\screenshots\01_1_eye_socket_side.png'
  make_eye_cup L: boundary ring M=90 (of 1 rings), ring relaxed x12, jump avg=0.46mm max=0.79mm
  recalc_face_normals: SKIPPED (v38, geometric only)
  geometric orientation: reversed 1920 bowl faces to face -Y, still wrong=0
  UV分配: 10710 loops, avg=(0.0793,0.0632), u=[0.0000,1.0000] v=[0.0000,1.0000]
  make_eye_cup R: boundary ring M=89 (of 1 rings), ring relaxed x12, jump avg=0.47mm max=0.87mm
  recalc_face_normals: SKIPPED (v38, geometric only)
  geometric orientation: reversed 247 bowl faces to face -Y, still wrong=0
  UV分配: 9844 loops, avg=(0.5786,0.1021), u=[0.0000,1.0000] v=[0.0000,1.0000]
  Saved: E:\WangZhen_Project\AI\ShuZiRen\Hermes\SZRYanJiu\v3_QuadRemesher_交付\01A眼窝与眼球\models\01_1_eye_socket.blend
  00:03.000  render           | Saved: 'E:\WangZhen_Project\AI\ShuZiRen\Hermes\SZRYanJiu\v3_QuadRemesher_交付\01A眼窝与眼球\screenshots\v39_norm_front.png'
  00:03.391  render           | Saved: 'E:\WangZhen_Project\AI\ShuZiRen\Hermes\SZRYanJiu\v3_QuadRemesher_交付\01A眼窝与眼球\screenshots\v39_norm_sideL.png'
  00:04.234  render           | Saved: 'E:\WangZhen_Project\AI\ShuZiRen\Hermes\SZRYanJiu\v3_QuadRemesher_交付\01A眼窝与眼球\screenshots\v39_tex_front.png'
  00:04.672  render           | Saved: 'E:\WangZhen_Project\AI\ShuZiRen\Hermes\SZRYanJiu\v3_QuadRemesher_交付\01A眼窝与眼球\screenshots\v39_tex_sideL.png'
迭代143完成

--- 迭代 144 ---
  01:27.218  render           | Saved: 'E:\WangZhen_Project\AI\ShuZiRen\Hermes\SZRYanJiu\v3_QuadRemesher_交付\01A眼窝与眼球\screenshots\01_1_eye_socket_front.png'
  01:27.343  render           | Saved: 'E:\WangZhen_Project\AI\ShuZiRen\Hermes\SZRYanJiu\v3_QuadRemesher_交付\01A眼窝与眼球\screenshots\01_1_eye_socket_side.png'
  make_eye_cup L: boundary ring M=90 (of 1 rings), ring relaxed x12, jump avg=0.46mm max=0.79mm
  recalc_face_normals: SKIPPED (v38, geometric only)
  geometric orientation: reversed 1920 bowl faces to face -Y, still wrong=0
  UV分配: 10710 loops, avg=(0.0793,0.0632), u=[0.0000,1.0000] v=[0.0000,1.0000]
  make_eye_cup R: boundary ring M=89 (of 1 rings), ring relaxed x12, jump avg=0.47mm max=0.87mm
  recalc_face_normals: SKIPPED (v38, geometric only)
  geometric orientation: reversed 247 bowl faces to face -Y, still wrong=0
  UV分配: 9844 loops, avg=(0.5786,0.1021), u=[0.0000,1.0000] v=[0.0000,1.0000]
  Saved: E:\WangZhen_Project\AI\ShuZiRen\Hermes\SZRYanJiu\v3_QuadRemesher_交付\01A眼窝与眼球\models\01_1_eye_socket.blend
  00:02.985  render           | Saved: 'E:\WangZhen_Project\AI\ShuZiRen\Hermes\SZRYanJiu\v3_QuadRemesher_交付\01A眼窝与眼球\screenshots\v39_norm_front.png'
  00:03.375  render           | Saved: 'E:\WangZhen_Project\AI\ShuZiRen\Hermes\SZRYanJiu\v3_QuadRemesher_交付\01A眼窝与眼球\screenshots\v39_norm_sideL.png'
  00:04.235  render           | Saved: 'E:\WangZhen_Project\AI\ShuZiRen\Hermes\SZRYanJiu\v3_QuadRemesher_交付\01A眼窝与眼球\screenshots\v39_tex_front.png'
  00:04.641  render           | Saved: 'E:\WangZhen_Project\AI\ShuZiRen\Hermes\SZRYanJiu\v3_QuadRemesher_交付\01A眼窝与眼球\screenshots\v39_tex_sideL.png'
迭代144完成

--- 迭代 145 ---
  01:27.203  render           | Saved: 'E:\WangZhen_Project\AI\ShuZiRen\Hermes\SZRYanJiu\v3_QuadRemesher_交付\01A眼窝与眼球\screenshots\01_1_eye_socket_front.png'
  01:27.328  render           | Saved: 'E:\WangZhen_Project\AI\ShuZiRen\Hermes\SZRYanJiu\v3_QuadRemesher_交付\01A眼窝与眼球\screenshots\01_1_eye_socket_side.png'
  make_eye_cup L: boundary ring M=90 (of 1 rings), ring relaxed x12, jump avg=0.46mm max=0.79mm
  recalc_face_normals: SKIPPED (v38, geometric only)
  geometric orientation: reversed 1920 bowl faces to face -Y, still wrong=0
  UV分配: 10710 loops, avg=(0.0793,0.0632), u=[0.0000,1.0000] v=[0.0000,1.0000]
  make_eye_cup R: boundary ring M=89 (of 1 rings), ring relaxed x12, jump avg=0.47mm max=0.87mm
  recalc_face_normals: SKIPPED (v38, geometric only)
  geometric orientation: reversed 247 bowl faces to face -Y, still wrong=0
  UV分配: 9844 loops, avg=(0.5786,0.1021), u=[0.0000,1.0000] v=[0.0000,1.0000]
  Saved: E:\WangZhen_Project\AI\ShuZiRen\Hermes\SZRYanJiu\v3_QuadRemesher_交付\01A眼窝与眼球\models\01_1_eye_socket.blend
  00:03.031  render           | Saved: 'E:\WangZhen_Project\AI\ShuZiRen\Hermes\SZRYanJiu\v3_QuadRemesher_交付\01A眼窝与眼球\screenshots\v39_norm_front.png'
  00:03.422  render           | Saved: 'E:\WangZhen_Project\AI\ShuZiRen\Hermes\SZRYanJiu\v3_QuadRemesher_交付\01A眼窝与眼球\screenshots\v39_norm_sideL.png'
  00:04.265  render           | Saved: 'E:\WangZhen_Project\AI\ShuZiRen\Hermes\SZRYanJiu\v3_QuadRemesher_交付\01A眼窝与眼球\screenshots\v39_tex_front.png'
  00:04.687  render           | Saved: 'E:\WangZhen_Project\AI\ShuZiRen\Hermes\SZRYanJiu\v3_QuadRemesher_交付\01A眼窝与眼球\screenshots\v39_tex_sideL.png'
迭代145完成

--- 迭代 146 ---
  01:27.359  render           | Saved: 'E:\WangZhen_Project\AI\ShuZiRen\Hermes\SZRYanJiu\v3_QuadRemesher_交付\01A眼窝与眼球\screenshots\01_1_eye_socket_front.png'
  01:27.484  render           | Saved: 'E:\WangZhen_Project\AI\ShuZiRen\Hermes\SZRYanJiu\v3_QuadRemesher_交付\01A眼窝与眼球\screenshots\01_1_eye_socket_side.png'
  make_eye_cup L: boundary ring M=90 (of 1 rings), ring relaxed x12, jump avg=0.46mm max=0.79mm
  recalc_face_normals: SKIPPED (v38, geometric only)
  geometric orientation: reversed 1920 bowl faces to face -Y, still wrong=0
  UV分配: 10710 loops, avg=(0.0793,0.0632), u=[0.0000,1.0000] v=[0.0000,1.0000]
  make_eye_cup R: boundary ring M=89 (of 1 rings), ring relaxed x12, jump avg=0.47mm max=0.87mm
  recalc_face_normals: SKIPPED (v38, geometric only)
  geometric orientation: reversed 247 bowl faces to face -Y, still wrong=0
  UV分配: 9844 loops, avg=(0.5786,0.1021), u=[0.0000,1.0000] v=[0.0000,1.0000]
  Saved: E:\WangZhen_Project\AI\ShuZiRen\Hermes\SZRYanJiu\v3_QuadRemesher_交付\01A眼窝与眼球\models\01_1_eye_socket.blend
  00:03.000  render           | Saved: 'E:\WangZhen_Project\AI\ShuZiRen\Hermes\SZRYanJiu\v3_QuadRemesher_交付\01A眼窝与眼球\screenshots\v39_norm_front.png'
  00:03.406  render           | Saved: 'E:\WangZhen_Project\AI\ShuZiRen\Hermes\SZRYanJiu\v3_QuadRemesher_交付\01A眼窝与眼球\screenshots\v39_norm_sideL.png'
  00:04.250  render           | Saved: 'E:\WangZhen_Project\AI\ShuZiRen\Hermes\SZRYanJiu\v3_QuadRemesher_交付\01A眼窝与眼球\screenshots\v39_tex_front.png'
  00:04.672  render           | Saved: 'E:\WangZhen_Project\AI\ShuZiRen\Hermes\SZRYanJiu\v3_QuadRemesher_交付\01A眼窝与眼球\screenshots\v39_tex_sideL.png'
迭代146完成

--- 迭代 147 ---
  01:27.531  render           | Saved: 'E:\WangZhen_Project\AI\ShuZiRen\Hermes\SZRYanJiu\v3_QuadRemesher_交付\01A眼窝与眼球\screenshots\01_1_eye_socket_front.png'
  01:27.656  render           | Saved: 'E:\WangZhen_Project\AI\ShuZiRen\Hermes\SZRYanJiu\v3_QuadRemesher_交付\01A眼窝与眼球\screenshots\01_1_eye_socket_side.png'
  make_eye_cup L: boundary ring M=90 (of 1 rings), ring relaxed x12, jump avg=0.46mm max=0.79mm
  recalc_face_normals: SKIPPED (v38, geometric only)
  geometric orientation: reversed 1920 bowl faces to face -Y, still wrong=0
  UV分配: 10710 loops, avg=(0.0793,0.0632), u=[0.0000,1.0000] v=[0.0000,1.0000]
  make_eye_cup R: boundary ring M=89 (of 1 rings), ring relaxed x12, jump avg=0.47mm max=0.87mm
  recalc_face_normals: SKIPPED (v38, geometric only)
  geometric orientation: reversed 247 bowl faces to face -Y, still wrong=0
  UV分配: 9844 loops, avg=(0.5786,0.1021), u=[0.0000,1.0000] v=[0.0000,1.0000]
  Saved: E:\WangZhen_Project\AI\ShuZiRen\Hermes\SZRYanJiu\v3_QuadRemesher_交付\01A眼窝与眼球\models\01_1_eye_socket.blend
  00:03.046  render           | Saved: 'E:\WangZhen_Project\AI\ShuZiRen\Hermes\SZRYanJiu\v3_QuadRemesher_交付\01A眼窝与眼球\screenshots\v39_norm_front.png'
  00:03.437  render           | Saved: 'E:\WangZhen_Project\AI\ShuZiRen\Hermes\SZRYanJiu\v3_QuadRemesher_交付\01A眼窝与眼球\screenshots\v39_norm_sideL.png'
  00:04.296  render           | Saved: 'E:\WangZhen_Project\AI\ShuZiRen\Hermes\SZRYanJiu\v3_QuadRemesher_交付\01A眼窝与眼球\screenshots\v39_tex_front.png'
  00:04.718  render           | Saved: 'E:\WangZhen_Project\AI\ShuZiRen\Hermes\SZRYanJiu\v3_QuadRemesher_交付\01A眼窝与眼球\screenshots\v39_tex_sideL.png'
迭代147完成

--- 迭代 148 ---
  01:27.265  render           | Saved: 'E:\WangZhen_Project\AI\ShuZiRen\Hermes\SZRYanJiu\v3_QuadRemesher_交付\01A眼窝与眼球\screenshots\01_1_eye_socket_front.png'
  01:27.406  render           | Saved: 'E:\WangZhen_Project\AI\ShuZiRen\Hermes\SZRYanJiu\v3_QuadRemesher_交付\01A眼窝与眼球\screenshots\01_1_eye_socket_side.png'
  make_eye_cup L: boundary ring M=90 (of 1 rings), ring relaxed x12, jump avg=0.46mm max=0.79mm
  recalc_face_normals: SKIPPED (v38, geometric only)
  geometric orientation: reversed 1920 bowl faces to face -Y, still wrong=0
  UV分配: 10710 loops, avg=(0.0793,0.0632), u=[0.0000,1.0000] v=[0.0000,1.0000]
  make_eye_cup R: boundary ring M=89 (of 1 rings), ring relaxed x12, jump avg=0.47mm max=0.87mm
  recalc_face_normals: SKIPPED (v38, geometric only)
  geometric orientation: reversed 247 bowl faces to face -Y, still wrong=0
  UV分配: 9844 loops, avg=(0.5786,0.1021), u=[0.0000,1.0000] v=[0.0000,1.0000]
  Saved: E:\WangZhen_Project\AI\ShuZiRen\Hermes\SZRYanJiu\v3_QuadRemesher_交付\01A眼窝与眼球\models\01_1_eye_socket.blend
  00:02.968  render           | Saved: 'E:\WangZhen_Project\AI\ShuZiRen\Hermes\SZRYanJiu\v3_QuadRemesher_交付\01A眼窝与眼球\screenshots\v39_norm_front.png'
  00:03.359  render           | Saved: 'E:\WangZhen_Project\AI\ShuZiRen\Hermes\SZRYanJiu\v3_QuadRemesher_交付\01A眼窝与眼球\screenshots\v39_norm_sideL.png'
  00:04.218  render           | Saved: 'E:\WangZhen_Project\AI\ShuZiRen\Hermes\SZRYanJiu\v3_QuadRemesher_交付\01A眼窝与眼球\screenshots\v39_tex_front.png'
  00:04.640  render           | Saved: 'E:\WangZhen_Project\AI\ShuZiRen\Hermes\SZRYanJiu\v3_QuadRemesher_交付\01A眼窝与眼球\screenshots\v39_tex_sideL.png'
迭代148完成

--- 迭代 149 ---
  01:27.031  render           | Saved: 'E:\WangZhen_Project\AI\ShuZiRen\Hermes\SZRYanJiu\v3_QuadRemesher_交付\01A眼窝与眼球\screenshots\01_1_eye_socket_front.png'
  01:27.156  render           | Saved: 'E:\WangZhen_Project\AI\ShuZiRen\Hermes\SZRYanJiu\v3_QuadRemesher_交付\01A眼窝与眼球\screenshots\01_1_eye_socket_side.png'
  make_eye_cup L: boundary ring M=90 (of 1 rings), ring relaxed x12, jump avg=0.46mm max=0.79mm
  recalc_face_normals: SKIPPED (v38, geometric only)
  geometric orientation: reversed 1920 bowl faces to face -Y, still wrong=0
  UV分配: 10710 loops, avg=(0.0793,0.0632), u=[0.0000,1.0000] v=[0.0000,1.0000]
  make_eye_cup R: boundary ring M=89 (of 1 rings), ring relaxed x12, jump avg=0.47mm max=0.87mm
  recalc_face_normals: SKIPPED (v38, geometric only)
  geometric orientation: reversed 247 bowl faces to face -Y, still wrong=0
  UV分配: 9844 loops, avg=(0.5786,0.1021), u=[0.0000,1.0000] v=[0.0000,1.0000]
  Saved: E:\WangZhen_Project\AI\ShuZiRen\Hermes\SZRYanJiu\v3_QuadRemesher_交付\01A眼窝与眼球\models\01_1_eye_socket.blend
  00:03.016  render           | Saved: 'E:\WangZhen_Project\AI\ShuZiRen\Hermes\SZRYanJiu\v3_QuadRemesher_交付\01A眼窝与眼球\screenshots\v39_norm_front.png'
  00:03.407  render           | Saved: 'E:\WangZhen_Project\AI\ShuZiRen\Hermes\SZRYanJiu\v3_QuadRemesher_交付\01A眼窝与眼球\screenshots\v39_norm_sideL.png'
  00:04.250  render           | Saved: 'E:\WangZhen_Project\AI\ShuZiRen\Hermes\SZRYanJiu\v3_QuadRemesher_交付\01A眼窝与眼球\screenshots\v39_tex_front.png'
  00:04.688  render           | Saved: 'E:\WangZhen_Project\AI\ShuZiRen\Hermes\SZRYanJiu\v3_QuadRemesher_交付\01A眼窝与眼球\screenshots\v39_tex_sideL.png'
迭代149完成

--- 迭代 150 ---
  01:26.953  render           | Saved: 'E:\WangZhen_Project\AI\ShuZiRen\Hermes\SZRYanJiu\v3_QuadRemesher_交付\01A眼窝与眼球\screenshots\01_1_eye_socket_front.png'
  01:27.078  render           | Saved: 'E:\WangZhen_Project\AI\ShuZiRen\Hermes\SZRYanJiu\v3_QuadRemesher_交付\01A眼窝与眼球\screenshots\01_1_eye_socket_side.png'
  make_eye_cup L: boundary ring M=90 (of 1 rings), ring relaxed x12, jump avg=0.46mm max=0.79mm
  recalc_face_normals: SKIPPED (v38, geometric only)
  geometric orientation: reversed 1920 bowl faces to face -Y, still wrong=0
  UV分配: 10710 loops, avg=(0.0793,0.0632), u=[0.0000,1.0000] v=[0.0000,1.0000]
  make_eye_cup R: boundary ring M=89 (of 1 rings), ring relaxed x12, jump avg=0.47mm max=0.87mm
  recalc_face_normals: SKIPPED (v38, geometric only)
  geometric orientation: reversed 247 bowl faces to face -Y, still wrong=0
  UV分配: 9844 loops, avg=(0.5786,0.1021), u=[0.0000,1.0000] v=[0.0000,1.0000]
  Saved: E:\WangZhen_Project\AI\ShuZiRen\Hermes\SZRYanJiu\v3_QuadRemesher_交付\01A眼窝与眼球\models\01_1_eye_socket.blend
  00:02.985  render           | Saved: 'E:\WangZhen_Project\AI\ShuZiRen\Hermes\SZRYanJiu\v3_QuadRemesher_交付\01A眼窝与眼球\screenshots\v39_norm_front.png'
  00:03.375  render           | Saved: 'E:\WangZhen_Project\AI\ShuZiRen\Hermes\SZRYanJiu\v3_QuadRemesher_交付\01A眼窝与眼球\screenshots\v39_norm_sideL.png'
  00:04.219  render           | Saved: 'E:\WangZhen_Project\AI\ShuZiRen\Hermes\SZRYanJiu\v3_QuadRemesher_交付\01A眼窝与眼球\screenshots\v39_tex_front.png'
  00:04.641  render           | Saved: 'E:\WangZhen_Project\AI\ShuZiRen\Hermes\SZRYanJiu\v3_QuadRemesher_交付\01A眼窝与眼球\screenshots\v39_tex_sideL.png'
迭代150完成

--- 迭代 151 ---
  01:27.156  render           | Saved: 'E:\WangZhen_Project\AI\ShuZiRen\Hermes\SZRYanJiu\v3_QuadRemesher_交付\01A眼窝与眼球\screenshots\01_1_eye_socket_front.png'
  01:27.281  render           | Saved: 'E:\WangZhen_Project\AI\ShuZiRen\Hermes\SZRYanJiu\v3_QuadRemesher_交付\01A眼窝与眼球\screenshots\01_1_eye_socket_side.png'
  make_eye_cup L: boundary ring M=90 (of 1 rings), ring relaxed x12, jump avg=0.46mm max=0.79mm
  recalc_face_normals: SKIPPED (v38, geometric only)
  geometric orientation: reversed 1920 bowl faces to face -Y, still wrong=0
  UV分配: 10710 loops, avg=(0.0793,0.0632), u=[0.0000,1.0000] v=[0.0000,1.0000]
  make_eye_cup R: boundary ring M=89 (of 1 rings), ring relaxed x12, jump avg=0.47mm max=0.87mm
  recalc_face_normals: SKIPPED (v38, geometric only)
  geometric orientation: reversed 247 bowl faces to face -Y, still wrong=0
  UV分配: 9844 loops, avg=(0.5786,0.1021), u=[0.0000,1.0000] v=[0.0000,1.0000]
  Saved: E:\WangZhen_Project\AI\ShuZiRen\Hermes\SZRYanJiu\v3_QuadRemesher_交付\01A眼窝与眼球\models\01_1_eye_socket.blend
  00:03.000  render           | Saved: 'E:\WangZhen_Project\AI\ShuZiRen\Hermes\SZRYanJiu\v3_QuadRemesher_交付\01A眼窝与眼球\screenshots\v39_norm_front.png'
  00:03.391  render           | Saved: 'E:\WangZhen_Project\AI\ShuZiRen\Hermes\SZRYanJiu\v3_QuadRemesher_交付\01A眼窝与眼球\screenshots\v39_norm_sideL.png'
  00:04.235  render           | Saved: 'E:\WangZhen_Project\AI\ShuZiRen\Hermes\SZRYanJiu\v3_QuadRemesher_交付\01A眼窝与眼球\screenshots\v39_tex_front.png'
  00:04.641  render           | Saved: 'E:\WangZhen_Project\AI\ShuZiRen\Hermes\SZRYanJiu\v3_QuadRemesher_交付\01A眼窝与眼球\screenshots\v39_tex_sideL.png'
迭代151完成

--- 迭代 152 ---
  01:26.984  render           | Saved: 'E:\WangZhen_Project\AI\ShuZiRen\Hermes\SZRYanJiu\v3_QuadRemesher_交付\01A眼窝与眼球\screenshots\01_1_eye_socket_front.png'
  01:27.109  render           | Saved: 'E:\WangZhen_Project\AI\ShuZiRen\Hermes\SZRYanJiu\v3_QuadRemesher_交付\01A眼窝与眼球\screenshots\01_1_eye_socket_side.png'
  make_eye_cup L: boundary ring M=90 (of 1 rings), ring relaxed x12, jump avg=0.46mm max=0.79mm
  recalc_face_normals: SKIPPED (v38, geometric only)
  geometric orientation: reversed 1920 bowl faces to face -Y, still wrong=0
  UV分配: 10710 loops, avg=(0.0793,0.0632), u=[0.0000,1.0000] v=[0.0000,1.0000]
  make_eye_cup R: boundary ring M=89 (of 1 rings), ring relaxed x12, jump avg=0.47mm max=0.87mm
  recalc_face_normals: SKIPPED (v38, geometric only)
  geometric orientation: reversed 247 bowl faces to face -Y, still wrong=0
  UV分配: 9844 loops, avg=(0.5786,0.1021), u=[0.0000,1.0000] v=[0.0000,1.0000]
  Saved: E:\WangZhen_Project\AI\ShuZiRen\Hermes\SZRYanJiu\v3_QuadRemesher_交付\01A眼窝与眼球\models\01_1_eye_socket.blend
  00:03.062  render           | Saved: 'E:\WangZhen_Project\AI\ShuZiRen\Hermes\SZRYanJiu\v3_QuadRemesher_交付\01A眼窝与眼球\screenshots\v39_norm_front.png'
  00:03.453  render           | Saved: 'E:\WangZhen_Project\AI\ShuZiRen\Hermes\SZRYanJiu\v3_QuadRemesher_交付\01A眼窝与眼球\screenshots\v39_norm_sideL.png'
  00:04.297  render           | Saved: 'E:\WangZhen_Project\AI\ShuZiRen\Hermes\SZRYanJiu\v3_QuadRemesher_交付\01A眼窝与眼球\screenshots\v39_tex_front.png'
  00:04.734  render           | Saved: 'E:\WangZhen_Project\AI\ShuZiRen\Hermes\SZRYanJiu\v3_QuadRemesher_交付\01A眼窝与眼球\screenshots\v39_tex_sideL.png'
迭代152完成

--- 迭代 153 ---
  01:27.281  render           | Saved: 'E:\WangZhen_Project\AI\ShuZiRen\Hermes\SZRYanJiu\v3_QuadRemesher_交付\01A眼窝与眼球\screenshots\01_1_eye_socket_front.png'
  01:27.406  render           | Saved: 'E:\WangZhen_Project\AI\ShuZiRen\Hermes\SZRYanJiu\v3_QuadRemesher_交付\01A眼窝与眼球\screenshots\01_1_eye_socket_side.png'
  make_eye_cup L: boundary ring M=90 (of 1 rings), ring relaxed x12, jump avg=0.46mm max=0.79mm
  recalc_face_normals: SKIPPED (v38, geometric only)
  geometric orientation: reversed 1920 bowl faces to face -Y, still wrong=0
  UV分配: 10710 loops, avg=(0.0793,0.0632), u=[0.0000,1.0000] v=[0.0000,1.0000]
  make_eye_cup R: boundary ring M=89 (of 1 rings), ring relaxed x12, jump avg=0.47mm max=0.87mm
  recalc_face_normals: SKIPPED (v38, geometric only)
  geometric orientation: reversed 247 bowl faces to face -Y, still wrong=0
  UV分配: 9844 loops, avg=(0.5786,0.1021), u=[0.0000,1.0000] v=[0.0000,1.0000]
  Saved: E:\WangZhen_Project\AI\ShuZiRen\Hermes\SZRYanJiu\v3_QuadRemesher_交付\01A眼窝与眼球\models\01_1_eye_socket.blend
  00:03.000  render           | Saved: 'E:\WangZhen_Project\AI\ShuZiRen\Hermes\SZRYanJiu\v3_QuadRemesher_交付\01A眼窝与眼球\screenshots\v39_norm_front.png'
  00:03.391  render           | Saved: 'E:\WangZhen_Project\AI\ShuZiRen\Hermes\SZRYanJiu\v3_QuadRemesher_交付\01A眼窝与眼球\screenshots\v39_norm_sideL.png'
  00:04.250  render           | Saved: 'E:\WangZhen_Project\AI\ShuZiRen\Hermes\SZRYanJiu\v3_QuadRemesher_交付\01A眼窝与眼球\screenshots\v39_tex_front.png'
  00:04.672  render           | Saved: 'E:\WangZhen_Project\AI\ShuZiRen\Hermes\SZRYanJiu\v3_QuadRemesher_交付\01A眼窝与眼球\screenshots\v39_tex_sideL.png'
迭代153完成

--- 迭代 154 ---
  01:27.204  render           | Saved: 'E:\WangZhen_Project\AI\ShuZiRen\Hermes\SZRYanJiu\v3_QuadRemesher_交付\01A眼窝与眼球\screenshots\01_1_eye_socket_front.png'
  01:27.329  render           | Saved: 'E:\WangZhen_Project\AI\ShuZiRen\Hermes\SZRYanJiu\v3_QuadRemesher_交付\01A眼窝与眼球\screenshots\01_1_eye_socket_side.png'
  make_eye_cup L: boundary ring M=90 (of 1 rings), ring relaxed x12, jump avg=0.46mm max=0.79mm
  recalc_face_normals: SKIPPED (v38, geometric only)
  geometric orientation: reversed 1920 bowl faces to face -Y, still wrong=0
  UV分配: 10710 loops, avg=(0.0793,0.0632), u=[0.0000,1.0000] v=[0.0000,1.0000]
  make_eye_cup R: boundary ring M=89 (of 1 rings), ring relaxed x12, jump avg=0.47mm max=0.87mm
  recalc_face_normals: SKIPPED (v38, geometric only)
  geometric orientation: reversed 247 bowl faces to face -Y, still wrong=0
  UV分配: 9844 loops, avg=(0.5786,0.1021), u=[0.0000,1.0000] v=[0.0000,1.0000]
  Saved: E:\WangZhen_Project\AI\ShuZiRen\Hermes\SZRYanJiu\v3_QuadRemesher_交付\01A眼窝与眼球\models\01_1_eye_socket.blend
  00:03.000  render           | Saved: 'E:\WangZhen_Project\AI\ShuZiRen\Hermes\SZRYanJiu\v3_QuadRemesher_交付\01A眼窝与眼球\screenshots\v39_norm_front.png'
  00:03.391  render           | Saved: 'E:\WangZhen_Project\AI\ShuZiRen\Hermes\SZRYanJiu\v3_QuadRemesher_交付\01A眼窝与眼球\screenshots\v39_norm_sideL.png'
  00:04.235  render           | Saved: 'E:\WangZhen_Project\AI\ShuZiRen\Hermes\SZRYanJiu\v3_QuadRemesher_交付\01A眼窝与眼球\screenshots\v39_tex_front.png'
  00:04.656  render           | Saved: 'E:\WangZhen_Project\AI\ShuZiRen\Hermes\SZRYanJiu\v3_QuadRemesher_交付\01A眼窝与眼球\screenshots\v39_tex_sideL.png'
迭代154完成

--- 迭代 155 ---
  01:27.109  render           | Saved: 'E:\WangZhen_Project\AI\ShuZiRen\Hermes\SZRYanJiu\v3_QuadRemesher_交付\01A眼窝与眼球\screenshots\01_1_eye_socket_front.png'
  01:27.234  render           | Saved: 'E:\WangZhen_Project\AI\ShuZiRen\Hermes\SZRYanJiu\v3_QuadRemesher_交付\01A眼窝与眼球\screenshots\01_1_eye_socket_side.png'
  make_eye_cup L: boundary ring M=90 (of 1 rings), ring relaxed x12, jump avg=0.46mm max=0.79mm
  recalc_face_normals: SKIPPED (v38, geometric only)
  geometric orientation: reversed 1920 bowl faces to face -Y, still wrong=0
  UV分配: 10710 loops, avg=(0.0793,0.0632), u=[0.0000,1.0000] v=[0.0000,1.0000]
  make_eye_cup R: boundary ring M=89 (of 1 rings), ring relaxed x12, jump avg=0.47mm max=0.87mm
  recalc_face_normals: SKIPPED (v38, geometric only)
  geometric orientation: reversed 247 bowl faces to face -Y, still wrong=0
  UV分配: 9844 loops, avg=(0.5786,0.1021), u=[0.0000,1.0000] v=[0.0000,1.0000]
  Saved: E:\WangZhen_Project\AI\ShuZiRen\Hermes\SZRYanJiu\v3_QuadRemesher_交付\01A眼窝与眼球\models\01_1_eye_socket.blend
  00:02.968  render           | Saved: 'E:\WangZhen_Project\AI\ShuZiRen\Hermes\SZRYanJiu\v3_QuadRemesher_交付\01A眼窝与眼球\screenshots\v39_norm_front.png'
  00:03.359  render           | Saved: 'E:\WangZhen_Project\AI\ShuZiRen\Hermes\SZRYanJiu\v3_QuadRemesher_交付\01A眼窝与眼球\screenshots\v39_norm_sideL.png'
  00:04.218  render           | Saved: 'E:\WangZhen_Project\AI\ShuZiRen\Hermes\SZRYanJiu\v3_QuadRemesher_交付\01A眼窝与眼球\screenshots\v39_tex_front.png'
  00:04.640  render           | Saved: 'E:\WangZhen_Project\AI\ShuZiRen\Hermes\SZRYanJiu\v3_QuadRemesher_交付\01A眼窝与眼球\screenshots\v39_tex_sideL.png'
迭代155完成

--- 迭代 156 ---
  01:27.250  render           | Saved: 'E:\WangZhen_Project\AI\ShuZiRen\Hermes\SZRYanJiu\v3_QuadRemesher_交付\01A眼窝与眼球\screenshots\01_1_eye_socket_front.png'
  01:27.391  render           | Saved: 'E:\WangZhen_Project\AI\ShuZiRen\Hermes\SZRYanJiu\v3_QuadRemesher_交付\01A眼窝与眼球\screenshots\01_1_eye_socket_side.png'
  make_eye_cup L: boundary ring M=90 (of 1 rings), ring relaxed x12, jump avg=0.46mm max=0.79mm
  recalc_face_normals: SKIPPED (v38, geometric only)
  geometric orientation: reversed 1920 bowl faces to face -Y, still wrong=0
  UV分配: 10710 loops, avg=(0.0793,0.0632), u=[0.0000,1.0000] v=[0.0000,1.0000]
  make_eye_cup R: boundary ring M=89 (of 1 rings), ring relaxed x12, jump avg=0.47mm max=0.87mm
  recalc_face_normals: SKIPPED (v38, geometric only)
  geometric orientation: reversed 247 bowl faces to face -Y, still wrong=0
  UV分配: 9844 loops, avg=(0.5786,0.1021), u=[0.0000,1.0000] v=[0.0000,1.0000]
  Saved: E:\WangZhen_Project\AI\ShuZiRen\Hermes\SZRYanJiu\v3_QuadRemesher_交付\01A眼窝与眼球\models\01_1_eye_socket.blend
  00:03.000  render           | Saved: 'E:\WangZhen_Project\AI\ShuZiRen\Hermes\SZRYanJiu\v3_QuadRemesher_交付\01A眼窝与眼球\screenshots\v39_norm_front.png'
  00:03.421  render           | Saved: 'E:\WangZhen_Project\AI\ShuZiRen\Hermes\SZRYanJiu\v3_QuadRemesher_交付\01A眼窝与眼球\screenshots\v39_norm_sideL.png'
  00:04.265  render           | Saved: 'E:\WangZhen_Project\AI\ShuZiRen\Hermes\SZRYanJiu\v3_QuadRemesher_交付\01A眼窝与眼球\screenshots\v39_tex_front.png'
  00:04.703  render           | Saved: 'E:\WangZhen_Project\AI\ShuZiRen\Hermes\SZRYanJiu\v3_QuadRemesher_交付\01A眼窝与眼球\screenshots\v39_tex_sideL.png'
迭代156完成

--- 迭代 157 ---
  01:27.141  render           | Saved: 'E:\WangZhen_Project\AI\ShuZiRen\Hermes\SZRYanJiu\v3_QuadRemesher_交付\01A眼窝与眼球\screenshots\01_1_eye_socket_front.png'
  01:27.266  render           | Saved: 'E:\WangZhen_Project\AI\ShuZiRen\Hermes\SZRYanJiu\v3_QuadRemesher_交付\01A眼窝与眼球\screenshots\01_1_eye_socket_side.png'
  make_eye_cup L: boundary ring M=90 (of 1 rings), ring relaxed x12, jump avg=0.46mm max=0.79mm
  recalc_face_normals: SKIPPED (v38, geometric only)
  geometric orientation: reversed 1920 bowl faces to face -Y, still wrong=0
  UV分配: 10710 loops, avg=(0.0793,0.0632), u=[0.0000,1.0000] v=[0.0000,1.0000]
  make_eye_cup R: boundary ring M=89 (of 1 rings), ring relaxed x12, jump avg=0.47mm max=0.87mm
  recalc_face_normals: SKIPPED (v38, geometric only)
  geometric orientation: reversed 247 bowl faces to face -Y, still wrong=0
  UV分配: 9844 loops, avg=(0.5786,0.1021), u=[0.0000,1.0000] v=[0.0000,1.0000]
  Saved: E:\WangZhen_Project\AI\ShuZiRen\Hermes\SZRYanJiu\v3_QuadRemesher_交付\01A眼窝与眼球\models\01_1_eye_socket.blend
  00:02.984  render           | Saved: 'E:\WangZhen_Project\AI\ShuZiRen\Hermes\SZRYanJiu\v3_QuadRemesher_交付\01A眼窝与眼球\screenshots\v39_norm_front.png'
  00:03.375  render           | Saved: 'E:\WangZhen_Project\AI\ShuZiRen\Hermes\SZRYanJiu\v3_QuadRemesher_交付\01A眼窝与眼球\screenshots\v39_norm_sideL.png'
  00:04.234  render           | Saved: 'E:\WangZhen_Project\AI\ShuZiRen\Hermes\SZRYanJiu\v3_QuadRemesher_交付\01A眼窝与眼球\screenshots\v39_tex_front.png'
  00:04.640  render           | Saved: 'E:\WangZhen_Project\AI\ShuZiRen\Hermes\SZRYanJiu\v3_QuadRemesher_交付\01A眼窝与眼球\screenshots\v39_tex_sideL.png'
迭代157完成

--- 迭代 158 ---
  01:27.188  render           | Saved: 'E:\WangZhen_Project\AI\ShuZiRen\Hermes\SZRYanJiu\v3_QuadRemesher_交付\01A眼窝与眼球\screenshots\01_1_eye_socket_front.png'
  01:27.313  render           | Saved: 'E:\WangZhen_Project\AI\ShuZiRen\Hermes\SZRYanJiu\v3_QuadRemesher_交付\01A眼窝与眼球\screenshots\01_1_eye_socket_side.png'
  make_eye_cup L: boundary ring M=90 (of 1 rings), ring relaxed x12, jump avg=0.46mm max=0.79mm
  recalc_face_normals: SKIPPED (v38, geometric only)
  geometric orientation: reversed 1920 bowl faces to face -Y, still wrong=0
  UV分配: 10710 loops, avg=(0.0793,0.0632), u=[0.0000,1.0000] v=[0.0000,1.0000]
  make_eye_cup R: boundary ring M=89 (of 1 rings), ring relaxed x12, jump avg=0.47mm max=0.87mm
  recalc_face_normals: SKIPPED (v38, geometric only)
  geometric orientation: reversed 247 bowl faces to face -Y, still wrong=0
  UV分配: 9844 loops, avg=(0.5786,0.1021), u=[0.0000,1.0000] v=[0.0000,1.0000]
  Saved: E:\WangZhen_Project\AI\ShuZiRen\Hermes\SZRYanJiu\v3_QuadRemesher_交付\01A眼窝与眼球\models\01_1_eye_socket.blend
  00:02.969  render           | Saved: 'E:\WangZhen_Project\AI\ShuZiRen\Hermes\SZRYanJiu\v3_QuadRemesher_交付\01A眼窝与眼球\screenshots\v39_norm_front.png'
  00:03.375  render           | Saved: 'E:\WangZhen_Project\AI\ShuZiRen\Hermes\SZRYanJiu\v3_QuadRemesher_交付\01A眼窝与眼球\screenshots\v39_norm_sideL.png'
  00:04.219  render           | Saved: 'E:\WangZhen_Project\AI\ShuZiRen\Hermes\SZRYanJiu\v3_QuadRemesher_交付\01A眼窝与眼球\screenshots\v39_tex_front.png'
  00:04.641  render           | Saved: 'E:\WangZhen_Project\AI\ShuZiRen\Hermes\SZRYanJiu\v3_QuadRemesher_交付\01A眼窝与眼球\screenshots\v39_tex_sideL.png'
迭代158完成

--- 迭代 159 ---
  01:27.312  render           | Saved: 'E:\WangZhen_Project\AI\ShuZiRen\Hermes\SZRYanJiu\v3_QuadRemesher_交付\01A眼窝与眼球\screenshots\01_1_eye_socket_front.png'
  01:27.437  render           | Saved: 'E:\WangZhen_Project\AI\ShuZiRen\Hermes\SZRYanJiu\v3_QuadRemesher_交付\01A眼窝与眼球\screenshots\01_1_eye_socket_side.png'
  make_eye_cup L: boundary ring M=90 (of 1 rings), ring relaxed x12, jump avg=0.46mm max=0.79mm
  recalc_face_normals: SKIPPED (v38, geometric only)
  geometric orientation: reversed 1920 bowl faces to face -Y, still wrong=0
  UV分配: 10710 loops, avg=(0.0793,0.0632), u=[0.0000,1.0000] v=[0.0000,1.0000]
  make_eye_cup R: boundary ring M=89 (of 1 rings), ring relaxed x12, jump avg=0.47mm max=0.87mm
  recalc_face_normals: SKIPPED (v38, geometric only)
  geometric orientation: reversed 247 bowl faces to face -Y, still wrong=0
  UV分配: 9844 loops, avg=(0.5786,0.1021), u=[0.0000,1.0000] v=[0.0000,1.0000]
  Saved: E:\WangZhen_Project\AI\ShuZiRen\Hermes\SZRYanJiu\v3_QuadRemesher_交付\01A眼窝与眼球\models\01_1_eye_socket.blend
  00:02.985  render           | Saved: 'E:\WangZhen_Project\AI\ShuZiRen\Hermes\SZRYanJiu\v3_QuadRemesher_交付\01A眼窝与眼球\screenshots\v39_norm_front.png'
  00:03.391  render           | Saved: 'E:\WangZhen_Project\AI\ShuZiRen\Hermes\SZRYanJiu\v3_QuadRemesher_交付\01A眼窝与眼球\screenshots\v39_norm_sideL.png'
  00:04.235  render           | Saved: 'E:\WangZhen_Project\AI\ShuZiRen\Hermes\SZRYanJiu\v3_QuadRemesher_交付\01A眼窝与眼球\screenshots\v39_tex_front.png'
  00:04.657  render           | Saved: 'E:\WangZhen_Project\AI\ShuZiRen\Hermes\SZRYanJiu\v3_QuadRemesher_交付\01A眼窝与眼球\screenshots\v39_tex_sideL.png'
迭代159完成

--- 迭代 160 ---
  01:27.031  render           | Saved: 'E:\WangZhen_Project\AI\ShuZiRen\Hermes\SZRYanJiu\v3_QuadRemesher_交付\01A眼窝与眼球\screenshots\01_1_eye_socket_front.png'
  01:27.156  render           | Saved: 'E:\WangZhen_Project\AI\ShuZiRen\Hermes\SZRYanJiu\v3_QuadRemesher_交付\01A眼窝与眼球\screenshots\01_1_eye_socket_side.png'
  make_eye_cup L: boundary ring M=90 (of 1 rings), ring relaxed x12, jump avg=0.46mm max=0.79mm
  recalc_face_normals: SKIPPED (v38, geometric only)
  geometric orientation: reversed 1920 bowl faces to face -Y, still wrong=0
  UV分配: 10710 loops, avg=(0.0793,0.0632), u=[0.0000,1.0000] v=[0.0000,1.0000]
  make_eye_cup R: boundary ring M=89 (of 1 rings), ring relaxed x12, jump avg=0.47mm max=0.87mm
  recalc_face_normals: SKIPPED (v38, geometric only)
  geometric orientation: reversed 247 bowl faces to face -Y, still wrong=0
  UV分配: 9844 loops, avg=(0.5786,0.1021), u=[0.0000,1.0000] v=[0.0000,1.0000]
  Saved: E:\WangZhen_Project\AI\ShuZiRen\Hermes\SZRYanJiu\v3_QuadRemesher_交付\01A眼窝与眼球\models\01_1_eye_socket.blend
  00:03.000  render           | Saved: 'E:\WangZhen_Project\AI\ShuZiRen\Hermes\SZRYanJiu\v3_QuadRemesher_交付\01A眼窝与眼球\screenshots\v39_norm_front.png'
  00:03.391  render           | Saved: 'E:\WangZhen_Project\AI\ShuZiRen\Hermes\SZRYanJiu\v3_QuadRemesher_交付\01A眼窝与眼球\screenshots\v39_norm_sideL.png'
  00:04.235  render           | Saved: 'E:\WangZhen_Project\AI\ShuZiRen\Hermes\SZRYanJiu\v3_QuadRemesher_交付\01A眼窝与眼球\screenshots\v39_tex_front.png'
  00:04.657  render           | Saved: 'E:\WangZhen_Project\AI\ShuZiRen\Hermes\SZRYanJiu\v3_QuadRemesher_交付\01A眼窝与眼球\screenshots\v39_tex_sideL.png'
迭代160完成

--- 迭代 161 ---
  01:27.313  render           | Saved: 'E:\WangZhen_Project\AI\ShuZiRen\Hermes\SZRYanJiu\v3_QuadRemesher_交付\01A眼窝与眼球\screenshots\01_1_eye_socket_front.png'
  01:27.453  render           | Saved: 'E:\WangZhen_Project\AI\ShuZiRen\Hermes\SZRYanJiu\v3_QuadRemesher_交付\01A眼窝与眼球\screenshots\01_1_eye_socket_side.png'
  make_eye_cup L: boundary ring M=90 (of 1 rings), ring relaxed x12, jump avg=0.46mm max=0.79mm
  recalc_face_normals: SKIPPED (v38, geometric only)
  geometric orientation: reversed 1920 bowl faces to face -Y, still wrong=0
  UV分配: 10710 loops, avg=(0.0793,0.0632), u=[0.0000,1.0000] v=[0.0000,1.0000]
  make_eye_cup R: boundary ring M=89 (of 1 rings), ring relaxed x12, jump avg=0.47mm max=0.87mm
  recalc_face_normals: SKIPPED (v38, geometric only)
  geometric orientation: reversed 247 bowl faces to face -Y, still wrong=0
  UV分配: 9844 loops, avg=(0.5786,0.1021), u=[0.0000,1.0000] v=[0.0000,1.0000]
  Saved: E:\WangZhen_Project\AI\ShuZiRen\Hermes\SZRYanJiu\v3_QuadRemesher_交付\01A眼窝与眼球\models\01_1_eye_socket.blend
  00:02.969  render           | Saved: 'E:\WangZhen_Project\AI\ShuZiRen\Hermes\SZRYanJiu\v3_QuadRemesher_交付\01A眼窝与眼球\screenshots\v39_norm_front.png'
  00:03.344  render           | Saved: 'E:\WangZhen_Project\AI\ShuZiRen\Hermes\SZRYanJiu\v3_QuadRemesher_交付\01A眼窝与眼球\screenshots\v39_norm_sideL.png'
  00:04.188  render           | Saved: 'E:\WangZhen_Project\AI\ShuZiRen\Hermes\SZRYanJiu\v3_QuadRemesher_交付\01A眼窝与眼球\screenshots\v39_tex_front.png'
  00:04.625  render           | Saved: 'E:\WangZhen_Project\AI\ShuZiRen\Hermes\SZRYanJiu\v3_QuadRemesher_交付\01A眼窝与眼球\screenshots\v39_tex_sideL.png'
迭代161完成

--- 迭代 162 ---
  01:26.969  render           | Saved: 'E:\WangZhen_Project\AI\ShuZiRen\Hermes\SZRYanJiu\v3_QuadRemesher_交付\01A眼窝与眼球\screenshots\01_1_eye_socket_front.png'
  01:27.094  render           | Saved: 'E:\WangZhen_Project\AI\ShuZiRen\Hermes\SZRYanJiu\v3_QuadRemesher_交付\01A眼窝与眼球\screenshots\01_1_eye_socket_side.png'
  make_eye_cup L: boundary ring M=90 (of 1 rings), ring relaxed x12, jump avg=0.46mm max=0.79mm
  recalc_face_normals: SKIPPED (v38, geometric only)
  geometric orientation: reversed 1920 bowl faces to face -Y, still wrong=0
  UV分配: 10710 loops, avg=(0.0793,0.0632), u=[0.0000,1.0000] v=[0.0000,1.0000]
  make_eye_cup R: boundary ring M=89 (of 1 rings), ring relaxed x12, jump avg=0.47mm max=0.87mm
  recalc_face_normals: SKIPPED (v38, geometric only)
  geometric orientation: reversed 247 bowl faces to face -Y, still wrong=0
  UV分配: 9844 loops, avg=(0.5786,0.1021), u=[0.0000,1.0000] v=[0.0000,1.0000]
  Saved: E:\WangZhen_Project\AI\ShuZiRen\Hermes\SZRYanJiu\v3_QuadRemesher_交付\01A眼窝与眼球\models\01_1_eye_socket.blend
  00:02.968  render           | Saved: 'E:\WangZhen_Project\AI\ShuZiRen\Hermes\SZRYanJiu\v3_QuadRemesher_交付\01A眼窝与眼球\screenshots\v39_norm_front.png'
  00:03.359  render           | Saved: 'E:\WangZhen_Project\AI\ShuZiRen\Hermes\SZRYanJiu\v3_QuadRemesher_交付\01A眼窝与眼球\screenshots\v39_norm_sideL.png'
  00:04.218  render           | Saved: 'E:\WangZhen_Project\AI\ShuZiRen\Hermes\SZRYanJiu\v3_QuadRemesher_交付\01A眼窝与眼球\screenshots\v39_tex_front.png'
  00:04.625  render           | Saved: 'E:\WangZhen_Project\AI\ShuZiRen\Hermes\SZRYanJiu\v3_QuadRemesher_交付\01A眼窝与眼球\screenshots\v39_tex_sideL.png'
迭代162完成

--- 迭代 163 ---
  01:27.375  render           | Saved: 'E:\WangZhen_Project\AI\ShuZiRen\Hermes\SZRYanJiu\v3_QuadRemesher_交付\01A眼窝与眼球\screenshots\01_1_eye_socket_front.png'
  01:27.500  render           | Saved: 'E:\WangZhen_Project\AI\ShuZiRen\Hermes\SZRYanJiu\v3_QuadRemesher_交付\01A眼窝与眼球\screenshots\01_1_eye_socket_side.png'
  make_eye_cup L: boundary ring M=90 (of 1 rings), ring relaxed x12, jump avg=0.46mm max=0.79mm
  recalc_face_normals: SKIPPED (v38, geometric only)
  geometric orientation: reversed 1920 bowl faces to face -Y, still wrong=0
  UV分配: 10710 loops, avg=(0.0793,0.0632), u=[0.0000,1.0000] v=[0.0000,1.0000]
  make_eye_cup R: boundary ring M=89 (of 1 rings), ring relaxed x12, jump avg=0.47mm max=0.87mm
  recalc_face_normals: SKIPPED (v38, geometric only)
  geometric orientation: reversed 247 bowl faces to face -Y, still wrong=0
  UV分配: 9844 loops, avg=(0.5786,0.1021), u=[0.0000,1.0000] v=[0.0000,1.0000]
  Saved: E:\WangZhen_Project\AI\ShuZiRen\Hermes\SZRYanJiu\v3_QuadRemesher_交付\01A眼窝与眼球\models\01_1_eye_socket.blend
  00:02.968  render           | Saved: 'E:\WangZhen_Project\AI\ShuZiRen\Hermes\SZRYanJiu\v3_QuadRemesher_交付\01A眼窝与眼球\screenshots\v39_norm_front.png'
  00:03.375  render           | Saved: 'E:\WangZhen_Project\AI\ShuZiRen\Hermes\SZRYanJiu\v3_QuadRemesher_交付\01A眼窝与眼球\screenshots\v39_norm_sideL.png'
  00:04.218  render           | Saved: 'E:\WangZhen_Project\AI\ShuZiRen\Hermes\SZRYanJiu\v3_QuadRemesher_交付\01A眼窝与眼球\screenshots\v39_tex_front.png'
  00:04.640  render           | Saved: 'E:\WangZhen_Project\AI\ShuZiRen\Hermes\SZRYanJiu\v3_QuadRemesher_交付\01A眼窝与眼球\screenshots\v39_tex_sideL.png'
迭代163完成

--- 迭代 164 ---
  01:27.079  render           | Saved: 'E:\WangZhen_Project\AI\ShuZiRen\Hermes\SZRYanJiu\v3_QuadRemesher_交付\01A眼窝与眼球\screenshots\01_1_eye_socket_front.png'
  01:27.204  render           | Saved: 'E:\WangZhen_Project\AI\ShuZiRen\Hermes\SZRYanJiu\v3_QuadRemesher_交付\01A眼窝与眼球\screenshots\01_1_eye_socket_side.png'
  make_eye_cup L: boundary ring M=90 (of 1 rings), ring relaxed x12, jump avg=0.46mm max=0.79mm
  recalc_face_normals: SKIPPED (v38, geometric only)
  geometric orientation: reversed 1920 bowl faces to face -Y, still wrong=0
  UV分配: 10710 loops, avg=(0.0793,0.0632), u=[0.0000,1.0000] v=[0.0000,1.0000]
  make_eye_cup R: boundary ring M=89 (of 1 rings), ring relaxed x12, jump avg=0.47mm max=0.87mm
  recalc_face_normals: SKIPPED (v38, geometric only)
  geometric orientation: reversed 247 bowl faces to face -Y, still wrong=0
  UV分配: 9844 loops, avg=(0.5786,0.1021), u=[0.0000,1.0000] v=[0.0000,1.0000]
  Saved: E:\WangZhen_Project\AI\ShuZiRen\Hermes\SZRYanJiu\v3_QuadRemesher_交付\01A眼窝与眼球\models\01_1_eye_socket.blend
  00:03.046  render           | Saved: 'E:\WangZhen_Project\AI\ShuZiRen\Hermes\SZRYanJiu\v3_QuadRemesher_交付\01A眼窝与眼球\screenshots\v39_norm_front.png'
  00:03.453  render           | Saved: 'E:\WangZhen_Project\AI\ShuZiRen\Hermes\SZRYanJiu\v3_QuadRemesher_交付\01A眼窝与眼球\screenshots\v39_norm_sideL.png'
  00:04.296  render           | Saved: 'E:\WangZhen_Project\AI\ShuZiRen\Hermes\SZRYanJiu\v3_QuadRemesher_交付\01A眼窝与眼球\screenshots\v39_tex_front.png'
  00:04.734  render           | Saved: 'E:\WangZhen_Project\AI\ShuZiRen\Hermes\SZRYanJiu\v3_QuadRemesher_交付\01A眼窝与眼球\screenshots\v39_tex_sideL.png'
迭代164完成

--- 迭代 165 ---
  01:27.281  render           | Saved: 'E:\WangZhen_Project\AI\ShuZiRen\Hermes\SZRYanJiu\v3_QuadRemesher_交付\01A眼窝与眼球\screenshots\01_1_eye_socket_front.png'
  01:27.406  render           | Saved: 'E:\WangZhen_Project\AI\ShuZiRen\Hermes\SZRYanJiu\v3_QuadRemesher_交付\01A眼窝与眼球\screenshots\01_1_eye_socket_side.png'
  make_eye_cup L: boundary ring M=90 (of 1 rings), ring relaxed x12, jump avg=0.46mm max=0.79mm
  recalc_face_normals: SKIPPED (v38, geometric only)
  geometric orientation: reversed 1920 bowl faces to face -Y, still wrong=0
  UV分配: 10710 loops, avg=(0.0793,0.0632), u=[0.0000,1.0000] v=[0.0000,1.0000]
  make_eye_cup R: boundary ring M=89 (of 1 rings), ring relaxed x12, jump avg=0.47mm max=0.87mm
  recalc_face_normals: SKIPPED (v38, geometric only)
  geometric orientation: reversed 247 bowl faces to face -Y, still wrong=0
  UV分配: 9844 loops, avg=(0.5786,0.1021), u=[0.0000,1.0000] v=[0.0000,1.0000]
  Saved: E:\WangZhen_Project\AI\ShuZiRen\Hermes\SZRYanJiu\v3_QuadRemesher_交付\01A眼窝与眼球\models\01_1_eye_socket.blend
  00:02.984  render           | Saved: 'E:\WangZhen_Project\AI\ShuZiRen\Hermes\SZRYanJiu\v3_QuadRemesher_交付\01A眼窝与眼球\screenshots\v39_norm_front.png'
  00:03.375  render           | Saved: 'E:\WangZhen_Project\AI\ShuZiRen\Hermes\SZRYanJiu\v3_QuadRemesher_交付\01A眼窝与眼球\screenshots\v39_norm_sideL.png'
  00:04.234  render           | Saved: 'E:\WangZhen_Project\AI\ShuZiRen\Hermes\SZRYanJiu\v3_QuadRemesher_交付\01A眼窝与眼球\screenshots\v39_tex_front.png'
  00:04.656  render           | Saved: 'E:\WangZhen_Project\AI\ShuZiRen\Hermes\SZRYanJiu\v3_QuadRemesher_交付\01A眼窝与眼球\screenshots\v39_tex_sideL.png'
迭代165完成

--- 迭代 166 ---
  01:27.141  render           | Saved: 'E:\WangZhen_Project\AI\ShuZiRen\Hermes\SZRYanJiu\v3_QuadRemesher_交付\01A眼窝与眼球\screenshots\01_1_eye_socket_front.png'
  01:27.281  render           | Saved: 'E:\WangZhen_Project\AI\ShuZiRen\Hermes\SZRYanJiu\v3_QuadRemesher_交付\01A眼窝与眼球\screenshots\01_1_eye_socket_side.png'
  make_eye_cup L: boundary ring M=90 (of 1 rings), ring relaxed x12, jump avg=0.46mm max=0.79mm
  recalc_face_normals: SKIPPED (v38, geometric only)
  geometric orientation: reversed 1920 bowl faces to face -Y, still wrong=0
  UV分配: 10710 loops, avg=(0.0793,0.0632), u=[0.0000,1.0000] v=[0.0000,1.0000]
  make_eye_cup R: boundary ring M=89 (of 1 rings), ring relaxed x12, jump avg=0.47mm max=0.87mm
  recalc_face_normals: SKIPPED (v38, geometric only)
  geometric orientation: reversed 247 bowl faces to face -Y, still wrong=0
  UV分配: 9844 loops, avg=(0.5786,0.1021), u=[0.0000,1.0000] v=[0.0000,1.0000]
  Saved: E:\WangZhen_Project\AI\ShuZiRen\Hermes\SZRYanJiu\v3_QuadRemesher_交付\01A眼窝与眼球\models\01_1_eye_socket.blend
  00:02.984  render           | Saved: 'E:\WangZhen_Project\AI\ShuZiRen\Hermes\SZRYanJiu\v3_QuadRemesher_交付\01A眼窝与眼球\screenshots\v39_norm_front.png'
  00:03.375  render           | Saved: 'E:\WangZhen_Project\AI\ShuZiRen\Hermes\SZRYanJiu\v3_QuadRemesher_交付\01A眼窝与眼球\screenshots\v39_norm_sideL.png'
  00:04.234  render           | Saved: 'E:\WangZhen_Project\AI\ShuZiRen\Hermes\SZRYanJiu\v3_QuadRemesher_交付\01A眼窝与眼球\screenshots\v39_tex_front.png'
  00:04.656  render           | Saved: 'E:\WangZhen_Project\AI\ShuZiRen\Hermes\SZRYanJiu\v3_QuadRemesher_交付\01A眼窝与眼球\screenshots\v39_tex_sideL.png'
迭代166完成

--- 迭代 167 ---
  01:27.500  render           | Saved: 'E:\WangZhen_Project\AI\ShuZiRen\Hermes\SZRYanJiu\v3_QuadRemesher_交付\01A眼窝与眼球\screenshots\01_1_eye_socket_front.png'
  01:27.625  render           | Saved: 'E:\WangZhen_Project\AI\ShuZiRen\Hermes\SZRYanJiu\v3_QuadRemesher_交付\01A眼窝与眼球\screenshots\01_1_eye_socket_side.png'
  make_eye_cup L: boundary ring M=90 (of 1 rings), ring relaxed x12, jump avg=0.46mm max=0.79mm
  recalc_face_normals: SKIPPED (v38, geometric only)
  geometric orientation: reversed 1920 bowl faces to face -Y, still wrong=0
  UV分配: 10710 loops, avg=(0.0793,0.0632), u=[0.0000,1.0000] v=[0.0000,1.0000]
  make_eye_cup R: boundary ring M=89 (of 1 rings), ring relaxed x12, jump avg=0.47mm max=0.87mm
  recalc_face_normals: SKIPPED (v38, geometric only)
  geometric orientation: reversed 247 bowl faces to face -Y, still wrong=0
  UV分配: 9844 loops, avg=(0.5786,0.1021), u=[0.0000,1.0000] v=[0.0000,1.0000]
  Saved: E:\WangZhen_Project\AI\ShuZiRen\Hermes\SZRYanJiu\v3_QuadRemesher_交付\01A眼窝与眼球\models\01_1_eye_socket.blend
  00:02.985  render           | Saved: 'E:\WangZhen_Project\AI\ShuZiRen\Hermes\SZRYanJiu\v3_QuadRemesher_交付\01A眼窝与眼球\screenshots\v39_norm_front.png'
  00:03.375  render           | Saved: 'E:\WangZhen_Project\AI\ShuZiRen\Hermes\SZRYanJiu\v3_QuadRemesher_交付\01A眼窝与眼球\screenshots\v39_norm_sideL.png'
  00:04.235  render           | Saved: 'E:\WangZhen_Project\AI\ShuZiRen\Hermes\SZRYanJiu\v3_QuadRemesher_交付\01A眼窝与眼球\screenshots\v39_tex_front.png'
  00:04.657  render           | Saved: 'E:\WangZhen_Project\AI\ShuZiRen\Hermes\SZRYanJiu\v3_QuadRemesher_交付\01A眼窝与眼球\screenshots\v39_tex_sideL.png'
迭代167完成

--- 迭代 168 ---
  01:26.922  render           | Saved: 'E:\WangZhen_Project\AI\ShuZiRen\Hermes\SZRYanJiu\v3_QuadRemesher_交付\01A眼窝与眼球\screenshots\01_1_eye_socket_front.png'
  01:27.062  render           | Saved: 'E:\WangZhen_Project\AI\ShuZiRen\Hermes\SZRYanJiu\v3_QuadRemesher_交付\01A眼窝与眼球\screenshots\01_1_eye_socket_side.png'
  make_eye_cup L: boundary ring M=90 (of 1 rings), ring relaxed x12, jump avg=0.46mm max=0.79mm
  recalc_face_normals: SKIPPED (v38, geometric only)
  geometric orientation: reversed 1920 bowl faces to face -Y, still wrong=0
  UV分配: 10710 loops, avg=(0.0793,0.0632), u=[0.0000,1.0000] v=[0.0000,1.0000]
  make_eye_cup R: boundary ring M=89 (of 1 rings), ring relaxed x12, jump avg=0.47mm max=0.87mm
  recalc_face_normals: SKIPPED (v38, geometric only)
  geometric orientation: reversed 247 bowl faces to face -Y, still wrong=0
  UV分配: 9844 loops, avg=(0.5786,0.1021), u=[0.0000,1.0000] v=[0.0000,1.0000]
  Saved: E:\WangZhen_Project\AI\ShuZiRen\Hermes\SZRYanJiu\v3_QuadRemesher_交付\01A眼窝与眼球\models\01_1_eye_socket.blend
  00:02.953  render           | Saved: 'E:\WangZhen_Project\AI\ShuZiRen\Hermes\SZRYanJiu\v3_QuadRemesher_交付\01A眼窝与眼球\screenshots\v39_norm_front.png'
  00:03.359  render           | Saved: 'E:\WangZhen_Project\AI\ShuZiRen\Hermes\SZRYanJiu\v3_QuadRemesher_交付\01A眼窝与眼球\screenshots\v39_norm_sideL.png'
  00:04.250  render           | Saved: 'E:\WangZhen_Project\AI\ShuZiRen\Hermes\SZRYanJiu\v3_QuadRemesher_交付\01A眼窝与眼球\screenshots\v39_tex_front.png'
  00:04.671  render           | Saved: 'E:\WangZhen_Project\AI\ShuZiRen\Hermes\SZRYanJiu\v3_QuadRemesher_交付\01A眼窝与眼球\screenshots\v39_tex_sideL.png'
迭代168完成

--- 迭代 169 ---
  01:27.531  render           | Saved: 'E:\WangZhen_Project\AI\ShuZiRen\Hermes\SZRYanJiu\v3_QuadRemesher_交付\01A眼窝与眼球\screenshots\01_1_eye_socket_front.png'
  01:27.672  render           | Saved: 'E:\WangZhen_Project\AI\ShuZiRen\Hermes\SZRYanJiu\v3_QuadRemesher_交付\01A眼窝与眼球\screenshots\01_1_eye_socket_side.png'
  make_eye_cup L: boundary ring M=90 (of 1 rings), ring relaxed x12, jump avg=0.46mm max=0.79mm
  recalc_face_normals: SKIPPED (v38, geometric only)
  geometric orientation: reversed 1920 bowl faces to face -Y, still wrong=0
  UV分配: 10710 loops, avg=(0.0793,0.0632), u=[0.0000,1.0000] v=[0.0000,1.0000]
  make_eye_cup R: boundary ring M=89 (of 1 rings), ring relaxed x12, jump avg=0.47mm max=0.87mm
  recalc_face_normals: SKIPPED (v38, geometric only)
  geometric orientation: reversed 247 bowl faces to face -Y, still wrong=0
  UV分配: 9844 loops, avg=(0.5786,0.1021), u=[0.0000,1.0000] v=[0.0000,1.0000]
  Saved: E:\WangZhen_Project\AI\ShuZiRen\Hermes\SZRYanJiu\v3_QuadRemesher_交付\01A眼窝与眼球\models\01_1_eye_socket.blend
  00:03.000  render           | Saved: 'E:\WangZhen_Project\AI\ShuZiRen\Hermes\SZRYanJiu\v3_QuadRemesher_交付\01A眼窝与眼球\screenshots\v39_norm_front.png'
  00:03.390  render           | Saved: 'E:\WangZhen_Project\AI\ShuZiRen\Hermes\SZRYanJiu\v3_QuadRemesher_交付\01A眼窝与眼球\screenshots\v39_norm_sideL.png'
  00:04.250  render           | Saved: 'E:\WangZhen_Project\AI\ShuZiRen\Hermes\SZRYanJiu\v3_QuadRemesher_交付\01A眼窝与眼球\screenshots\v39_tex_front.png'
  00:04.656  render           | Saved: 'E:\WangZhen_Project\AI\ShuZiRen\Hermes\SZRYanJiu\v3_QuadRemesher_交付\01A眼窝与眼球\screenshots\v39_tex_sideL.png'
迭代169完成

--- 迭代 170 ---
  01:27.281  render           | Saved: 'E:\WangZhen_Project\AI\ShuZiRen\Hermes\SZRYanJiu\v3_QuadRemesher_交付\01A眼窝与眼球\screenshots\01_1_eye_socket_front.png'
  01:27.421  render           | Saved: 'E:\WangZhen_Project\AI\ShuZiRen\Hermes\SZRYanJiu\v3_QuadRemesher_交付\01A眼窝与眼球\screenshots\01_1_eye_socket_side.png'
  make_eye_cup L: boundary ring M=90 (of 1 rings), ring relaxed x12, jump avg=0.46mm max=0.79mm
  recalc_face_normals: SKIPPED (v38, geometric only)
  geometric orientation: reversed 1920 bowl faces to face -Y, still wrong=0
  UV分配: 10710 loops, avg=(0.0793,0.0632), u=[0.0000,1.0000] v=[0.0000,1.0000]
  make_eye_cup R: boundary ring M=89 (of 1 rings), ring relaxed x12, jump avg=0.47mm max=0.87mm
  recalc_face_normals: SKIPPED (v38, geometric only)
  geometric orientation: reversed 247 bowl faces to face -Y, still wrong=0
  UV分配: 9844 loops, avg=(0.5786,0.1021), u=[0.0000,1.0000] v=[0.0000,1.0000]
  Saved: E:\WangZhen_Project\AI\ShuZiRen\Hermes\SZRYanJiu\v3_QuadRemesher_交付\01A眼窝与眼球\models\01_1_eye_socket.blend
  00:02.984  render           | Saved: 'E:\WangZhen_Project\AI\ShuZiRen\Hermes\SZRYanJiu\v3_QuadRemesher_交付\01A眼窝与眼球\screenshots\v39_norm_front.png'
  00:03.391  render           | Saved: 'E:\WangZhen_Project\AI\ShuZiRen\Hermes\SZRYanJiu\v3_QuadRemesher_交付\01A眼窝与眼球\screenshots\v39_norm_sideL.png'
  00:04.250  render           | Saved: 'E:\WangZhen_Project\AI\ShuZiRen\Hermes\SZRYanJiu\v3_QuadRemesher_交付\01A眼窝与眼球\screenshots\v39_tex_front.png'
  00:04.688  render           | Saved: 'E:\WangZhen_Project\AI\ShuZiRen\Hermes\SZRYanJiu\v3_QuadRemesher_交付\01A眼窝与眼球\screenshots\v39_tex_sideL.png'
迭代170完成

--- 迭代 171 ---
  01:26.953  render           | Saved: 'E:\WangZhen_Project\AI\ShuZiRen\Hermes\SZRYanJiu\v3_QuadRemesher_交付\01A眼窝与眼球\screenshots\01_1_eye_socket_front.png'
  01:27.078  render           | Saved: 'E:\WangZhen_Project\AI\ShuZiRen\Hermes\SZRYanJiu\v3_QuadRemesher_交付\01A眼窝与眼球\screenshots\01_1_eye_socket_side.png'
  make_eye_cup L: boundary ring M=90 (of 1 rings), ring relaxed x12, jump avg=0.46mm max=0.79mm
  recalc_face_normals: SKIPPED (v38, geometric only)
  geometric orientation: reversed 1920 bowl faces to face -Y, still wrong=0
  UV分配: 10710 loops, avg=(0.0793,0.0632), u=[0.0000,1.0000] v=[0.0000,1.0000]
  make_eye_cup R: boundary ring M=89 (of 1 rings), ring relaxed x12, jump avg=0.47mm max=0.87mm
  recalc_face_normals: SKIPPED (v38, geometric only)
  geometric orientation: reversed 247 bowl faces to face -Y, still wrong=0
  UV分配: 9844 loops, avg=(0.5786,0.1021), u=[0.0000,1.0000] v=[0.0000,1.0000]
  Saved: E:\WangZhen_Project\AI\ShuZiRen\Hermes\SZRYanJiu\v3_QuadRemesher_交付\01A眼窝与眼球\models\01_1_eye_socket.blend
  00:03.031  render           | Saved: 'E:\WangZhen_Project\AI\ShuZiRen\Hermes\SZRYanJiu\v3_QuadRemesher_交付\01A眼窝与眼球\screenshots\v39_norm_front.png'
  00:03.437  render           | Saved: 'E:\WangZhen_Project\AI\ShuZiRen\Hermes\SZRYanJiu\v3_QuadRemesher_交付\01A眼窝与眼球\screenshots\v39_norm_sideL.png'
  00:04.281  render           | Saved: 'E:\WangZhen_Project\AI\ShuZiRen\Hermes\SZRYanJiu\v3_QuadRemesher_交付\01A眼窝与眼球\screenshots\v39_tex_front.png'
  00:04.718  render           | Saved: 'E:\WangZhen_Project\AI\ShuZiRen\Hermes\SZRYanJiu\v3_QuadRemesher_交付\01A眼窝与眼球\screenshots\v39_tex_sideL.png'
迭代171完成

--- 迭代 172 ---
  01:27.594  render           | Saved: 'E:\WangZhen_Project\AI\ShuZiRen\Hermes\SZRYanJiu\v3_QuadRemesher_交付\01A眼窝与眼球\screenshots\01_1_eye_socket_front.png'
  01:27.719  render           | Saved: 'E:\WangZhen_Project\AI\ShuZiRen\Hermes\SZRYanJiu\v3_QuadRemesher_交付\01A眼窝与眼球\screenshots\01_1_eye_socket_side.png'
  make_eye_cup L: boundary ring M=90 (of 1 rings), ring relaxed x12, jump avg=0.46mm max=0.79mm
  recalc_face_normals: SKIPPED (v38, geometric only)
  geometric orientation: reversed 1920 bowl faces to face -Y, still wrong=0
  UV分配: 10710 loops, avg=(0.0793,0.0632), u=[0.0000,1.0000] v=[0.0000,1.0000]
  make_eye_cup R: boundary ring M=89 (of 1 rings), ring relaxed x12, jump avg=0.47mm max=0.87mm
  recalc_face_normals: SKIPPED (v38, geometric only)
  geometric orientation: reversed 247 bowl faces to face -Y, still wrong=0
  UV分配: 9844 loops, avg=(0.5786,0.1021), u=[0.0000,1.0000] v=[0.0000,1.0000]
  Saved: E:\WangZhen_Project\AI\ShuZiRen\Hermes\SZRYanJiu\v3_QuadRemesher_交付\01A眼窝与眼球\models\01_1_eye_socket.blend
  00:02.984  render           | Saved: 'E:\WangZhen_Project\AI\ShuZiRen\Hermes\SZRYanJiu\v3_QuadRemesher_交付\01A眼窝与眼球\screenshots\v39_norm_front.png'
  00:03.390  render           | Saved: 'E:\WangZhen_Project\AI\ShuZiRen\Hermes\SZRYanJiu\v3_QuadRemesher_交付\01A眼窝与眼球\screenshots\v39_norm_sideL.png'
  00:04.234  render           | Saved: 'E:\WangZhen_Project\AI\ShuZiRen\Hermes\SZRYanJiu\v3_QuadRemesher_交付\01A眼窝与眼球\screenshots\v39_tex_front.png'
  00:04.656  render           | Saved: 'E:\WangZhen_Project\AI\ShuZiRen\Hermes\SZRYanJiu\v3_QuadRemesher_交付\01A眼窝与眼球\screenshots\v39_tex_sideL.png'
迭代172完成

--- 迭代 173 ---
  01:27.203  render           | Saved: 'E:\WangZhen_Project\AI\ShuZiRen\Hermes\SZRYanJiu\v3_QuadRemesher_交付\01A眼窝与眼球\screenshots\01_1_eye_socket_front.png'
  01:27.328  render           | Saved: 'E:\WangZhen_Project\AI\ShuZiRen\Hermes\SZRYanJiu\v3_QuadRemesher_交付\01A眼窝与眼球\screenshots\01_1_eye_socket_side.png'
  make_eye_cup L: boundary ring M=90 (of 1 rings), ring relaxed x12, jump avg=0.46mm max=0.79mm
  recalc_face_normals: SKIPPED (v38, geometric only)
  geometric orientation: reversed 1920 bowl faces to face -Y, still wrong=0
  UV分配: 10710 loops, avg=(0.0793,0.0632), u=[0.0000,1.0000] v=[0.0000,1.0000]
  make_eye_cup R: boundary ring M=89 (of 1 rings), ring relaxed x12, jump avg=0.47mm max=0.87mm
  recalc_face_normals: SKIPPED (v38, geometric only)
  geometric orientation: reversed 247 bowl faces to face -Y, still wrong=0
  UV分配: 9844 loops, avg=(0.5786,0.1021), u=[0.0000,1.0000] v=[0.0000,1.0000]
  Saved: E:\WangZhen_Project\AI\ShuZiRen\Hermes\SZRYanJiu\v3_QuadRemesher_交付\01A眼窝与眼球\models\01_1_eye_socket.blend
  00:02.984  render           | Saved: 'E:\WangZhen_Project\AI\ShuZiRen\Hermes\SZRYanJiu\v3_QuadRemesher_交付\01A眼窝与眼球\screenshots\v39_norm_front.png'
  00:03.391  render           | Saved: 'E:\WangZhen_Project\AI\ShuZiRen\Hermes\SZRYanJiu\v3_QuadRemesher_交付\01A眼窝与眼球\screenshots\v39_norm_sideL.png'
  00:04.234  render           | Saved: 'E:\WangZhen_Project\AI\ShuZiRen\Hermes\SZRYanJiu\v3_QuadRemesher_交付\01A眼窝与眼球\screenshots\v39_tex_front.png'
  00:04.656  render           | Saved: 'E:\WangZhen_Project\AI\ShuZiRen\Hermes\SZRYanJiu\v3_QuadRemesher_交付\01A眼窝与眼球\screenshots\v39_tex_sideL.png'
迭代173完成

--- 迭代 174 ---
  01:28.860  render           | Saved: 'E:\WangZhen_Project\AI\ShuZiRen\Hermes\SZRYanJiu\v3_QuadRemesher_交付\01A眼窝与眼球\screenshots\01_1_eye_socket_front.png'
  01:28.985  render           | Saved: 'E:\WangZhen_Project\AI\ShuZiRen\Hermes\SZRYanJiu\v3_QuadRemesher_交付\01A眼窝与眼球\screenshots\01_1_eye_socket_side.png'
  make_eye_cup L: boundary ring M=90 (of 1 rings), ring relaxed x12, jump avg=0.46mm max=0.79mm
  recalc_face_normals: SKIPPED (v38, geometric only)
  geometric orientation: reversed 1920 bowl faces to face -Y, still wrong=0
  UV分配: 10710 loops, avg=(0.0793,0.0632), u=[0.0000,1.0000] v=[0.0000,1.0000]
  make_eye_cup R: boundary ring M=89 (of 1 rings), ring relaxed x12, jump avg=0.47mm max=0.87mm
  recalc_face_normals: SKIPPED (v38, geometric only)
  geometric orientation: reversed 247 bowl faces to face -Y, still wrong=0
  UV分配: 9844 loops, avg=(0.5786,0.1021), u=[0.0000,1.0000] v=[0.0000,1.0000]
  Saved: E:\WangZhen_Project\AI\ShuZiRen\Hermes\SZRYanJiu\v3_QuadRemesher_交付\01A眼窝与眼球\models\01_1_eye_socket.blend
  00:02.969  render           | Saved: 'E:\WangZhen_Project\AI\ShuZiRen\Hermes\SZRYanJiu\v3_QuadRemesher_交付\01A眼窝与眼球\screenshots\v39_norm_front.png'
  00:03.375  render           | Saved: 'E:\WangZhen_Project\AI\ShuZiRen\Hermes\SZRYanJiu\v3_QuadRemesher_交付\01A眼窝与眼球\screenshots\v39_norm_sideL.png'
  00:04.219  render           | Saved: 'E:\WangZhen_Project\AI\ShuZiRen\Hermes\SZRYanJiu\v3_QuadRemesher_交付\01A眼窝与眼球\screenshots\v39_tex_front.png'
  00:04.656  render           | Saved: 'E:\WangZhen_Project\AI\ShuZiRen\Hermes\SZRYanJiu\v3_QuadRemesher_交付\01A眼窝与眼球\screenshots\v39_tex_sideL.png'
迭代174完成

--- 迭代 175 ---
  01:27.250  render           | Saved: 'E:\WangZhen_Project\AI\ShuZiRen\Hermes\SZRYanJiu\v3_QuadRemesher_交付\01A眼窝与眼球\screenshots\01_1_eye_socket_front.png'
  01:27.375  render           | Saved: 'E:\WangZhen_Project\AI\ShuZiRen\Hermes\SZRYanJiu\v3_QuadRemesher_交付\01A眼窝与眼球\screenshots\01_1_eye_socket_side.png'
  make_eye_cup L: boundary ring M=90 (of 1 rings), ring relaxed x12, jump avg=0.46mm max=0.79mm
  recalc_face_normals: SKIPPED (v38, geometric only)
  geometric orientation: reversed 1920 bowl faces to face -Y, still wrong=0
  UV分配: 10710 loops, avg=(0.0793,0.0632), u=[0.0000,1.0000] v=[0.0000,1.0000]
  make_eye_cup R: boundary ring M=89 (of 1 rings), ring relaxed x12, jump avg=0.47mm max=0.87mm
  recalc_face_normals: SKIPPED (v38, geometric only)
  geometric orientation: reversed 247 bowl faces to face -Y, still wrong=0
  UV分配: 9844 loops, avg=(0.5786,0.1021), u=[0.0000,1.0000] v=[0.0000,1.0000]
  Saved: E:\WangZhen_Project\AI\ShuZiRen\Hermes\SZRYanJiu\v3_QuadRemesher_交付\01A眼窝与眼球\models\01_1_eye_socket.blend
  00:02.953  render           | Saved: 'E:\WangZhen_Project\AI\ShuZiRen\Hermes\SZRYanJiu\v3_QuadRemesher_交付\01A眼窝与眼球\screenshots\v39_norm_front.png'
  00:03.343  render           | Saved: 'E:\WangZhen_Project\AI\ShuZiRen\Hermes\SZRYanJiu\v3_QuadRemesher_交付\01A眼窝与眼球\screenshots\v39_norm_sideL.png'
  00:04.203  render           | Saved: 'E:\WangZhen_Project\AI\ShuZiRen\Hermes\SZRYanJiu\v3_QuadRemesher_交付\01A眼窝与眼球\screenshots\v39_tex_front.png'
  00:04.625  render           | Saved: 'E:\WangZhen_Project\AI\ShuZiRen\Hermes\SZRYanJiu\v3_QuadRemesher_交付\01A眼窝与眼球\screenshots\v39_tex_sideL.png'
迭代175完成

--- 迭代 176 ---
  01:27.172  render           | Saved: 'E:\WangZhen_Project\AI\ShuZiRen\Hermes\SZRYanJiu\v3_QuadRemesher_交付\01A眼窝与眼球\screenshots\01_1_eye_socket_front.png'
  01:27.313  render           | Saved: 'E:\WangZhen_Project\AI\ShuZiRen\Hermes\SZRYanJiu\v3_QuadRemesher_交付\01A眼窝与眼球\screenshots\01_1_eye_socket_side.png'
  make_eye_cup L: boundary ring M=90 (of 1 rings), ring relaxed x12, jump avg=0.46mm max=0.79mm
  recalc_face_normals: SKIPPED (v38, geometric only)
  geometric orientation: reversed 1920 bowl faces to face -Y, still wrong=0
  UV分配: 10710 loops, avg=(0.0793,0.0632), u=[0.0000,1.0000] v=[0.0000,1.0000]
  make_eye_cup R: boundary ring M=89 (of 1 rings), ring relaxed x12, jump avg=0.47mm max=0.87mm
  recalc_face_normals: SKIPPED (v38, geometric only)
  geometric orientation: reversed 247 bowl faces to face -Y, still wrong=0
  UV分配: 9844 loops, avg=(0.5786,0.1021), u=[0.0000,1.0000] v=[0.0000,1.0000]
  Saved: E:\WangZhen_Project\AI\ShuZiRen\Hermes\SZRYanJiu\v3_QuadRemesher_交付\01A眼窝与眼球\models\01_1_eye_socket.blend
  00:02.984  render           | Saved: 'E:\WangZhen_Project\AI\ShuZiRen\Hermes\SZRYanJiu\v3_QuadRemesher_交付\01A眼窝与眼球\screenshots\v39_norm_front.png'
  00:03.375  render           | Saved: 'E:\WangZhen_Project\AI\ShuZiRen\Hermes\SZRYanJiu\v3_QuadRemesher_交付\01A眼窝与眼球\screenshots\v39_norm_sideL.png'
  00:04.218  render           | Saved: 'E:\WangZhen_Project\AI\ShuZiRen\Hermes\SZRYanJiu\v3_QuadRemesher_交付\01A眼窝与眼球\screenshots\v39_tex_front.png'
  00:04.656  render           | Saved: 'E:\WangZhen_Project\AI\ShuZiRen\Hermes\SZRYanJiu\v3_QuadRemesher_交付\01A眼窝与眼球\screenshots\v39_tex_sideL.png'
迭代176完成

--- 迭代 177 ---
  01:27.157  render           | Saved: 'E:\WangZhen_Project\AI\ShuZiRen\Hermes\SZRYanJiu\v3_QuadRemesher_交付\01A眼窝与眼球\screenshots\01_1_eye_socket_front.png'
  01:27.297  render           | Saved: 'E:\WangZhen_Project\AI\ShuZiRen\Hermes\SZRYanJiu\v3_QuadRemesher_交付\01A眼窝与眼球\screenshots\01_1_eye_socket_side.png'
  make_eye_cup L: boundary ring M=90 (of 1 rings), ring relaxed x12, jump avg=0.46mm max=0.79mm
  recalc_face_normals: SKIPPED (v38, geometric only)
  geometric orientation: reversed 1920 bowl faces to face -Y, still wrong=0
  UV分配: 10710 loops, avg=(0.0793,0.0632), u=[0.0000,1.0000] v=[0.0000,1.0000]
  make_eye_cup R: boundary ring M=89 (of 1 rings), ring relaxed x12, jump avg=0.47mm max=0.87mm
  recalc_face_normals: SKIPPED (v38, geometric only)
  geometric orientation: reversed 247 bowl faces to face -Y, still wrong=0
  UV分配: 9844 loops, avg=(0.5786,0.1021), u=[0.0000,1.0000] v=[0.0000,1.0000]
  Saved: E:\WangZhen_Project\AI\ShuZiRen\Hermes\SZRYanJiu\v3_QuadRemesher_交付\01A眼窝与眼球\models\01_1_eye_socket.blend
  00:03.031  render           | Saved: 'E:\WangZhen_Project\AI\ShuZiRen\Hermes\SZRYanJiu\v3_QuadRemesher_交付\01A眼窝与眼球\screenshots\v39_norm_front.png'
  00:03.438  render           | Saved: 'E:\WangZhen_Project\AI\ShuZiRen\Hermes\SZRYanJiu\v3_QuadRemesher_交付\01A眼窝与眼球\screenshots\v39_norm_sideL.png'
  00:04.281  render           | Saved: 'E:\WangZhen_Project\AI\ShuZiRen\Hermes\SZRYanJiu\v3_QuadRemesher_交付\01A眼窝与眼球\screenshots\v39_tex_front.png'
  00:04.703  render           | Saved: 'E:\WangZhen_Project\AI\ShuZiRen\Hermes\SZRYanJiu\v3_QuadRemesher_交付\01A眼窝与眼球\screenshots\v39_tex_sideL.png'
迭代177完成

--- 迭代 178 ---
  01:27.344  render           | Saved: 'E:\WangZhen_Project\AI\ShuZiRen\Hermes\SZRYanJiu\v3_QuadRemesher_交付\01A眼窝与眼球\screenshots\01_1_eye_socket_front.png'
  01:27.469  render           | Saved: 'E:\WangZhen_Project\AI\ShuZiRen\Hermes\SZRYanJiu\v3_QuadRemesher_交付\01A眼窝与眼球\screenshots\01_1_eye_socket_side.png'
  make_eye_cup L: boundary ring M=90 (of 1 rings), ring relaxed x12, jump avg=0.46mm max=0.79mm
  recalc_face_normals: SKIPPED (v38, geometric only)
  geometric orientation: reversed 1920 bowl faces to face -Y, still wrong=0
  UV分配: 10710 loops, avg=(0.0793,0.0632), u=[0.0000,1.0000] v=[0.0000,1.0000]
  make_eye_cup R: boundary ring M=89 (of 1 rings), ring relaxed x12, jump avg=0.47mm max=0.87mm
  recalc_face_normals: SKIPPED (v38, geometric only)
  geometric orientation: reversed 247 bowl faces to face -Y, still wrong=0
  UV分配: 9844 loops, avg=(0.5786,0.1021), u=[0.0000,1.0000] v=[0.0000,1.0000]
  Saved: E:\WangZhen_Project\AI\ShuZiRen\Hermes\SZRYanJiu\v3_QuadRemesher_交付\01A眼窝与眼球\models\01_1_eye_socket.blend
  00:03.000  render           | Saved: 'E:\WangZhen_Project\AI\ShuZiRen\Hermes\SZRYanJiu\v3_QuadRemesher_交付\01A眼窝与眼球\screenshots\v39_norm_front.png'
  00:03.391  render           | Saved: 'E:\WangZhen_Project\AI\ShuZiRen\Hermes\SZRYanJiu\v3_QuadRemesher_交付\01A眼窝与眼球\screenshots\v39_norm_sideL.png'
  00:04.250  render           | Saved: 'E:\WangZhen_Project\AI\ShuZiRen\Hermes\SZRYanJiu\v3_QuadRemesher_交付\01A眼窝与眼球\screenshots\v39_tex_front.png'
  00:04.672  render           | Saved: 'E:\WangZhen_Project\AI\ShuZiRen\Hermes\SZRYanJiu\v3_QuadRemesher_交付\01A眼窝与眼球\screenshots\v39_tex_sideL.png'
迭代178完成

--- 迭代 179 ---
  01:27.203  render           | Saved: 'E:\WangZhen_Project\AI\ShuZiRen\Hermes\SZRYanJiu\v3_QuadRemesher_交付\01A眼窝与眼球\screenshots\01_1_eye_socket_front.png'
  01:27.328  render           | Saved: 'E:\WangZhen_Project\AI\ShuZiRen\Hermes\SZRYanJiu\v3_QuadRemesher_交付\01A眼窝与眼球\screenshots\01_1_eye_socket_side.png'
  make_eye_cup L: boundary ring M=90 (of 1 rings), ring relaxed x12, jump avg=0.46mm max=0.79mm
  recalc_face_normals: SKIPPED (v38, geometric only)
  geometric orientation: reversed 1920 bowl faces to face -Y, still wrong=0
  UV分配: 10710 loops, avg=(0.0793,0.0632), u=[0.0000,1.0000] v=[0.0000,1.0000]
  make_eye_cup R: boundary ring M=89 (of 1 rings), ring relaxed x12, jump avg=0.47mm max=0.87mm
  recalc_face_normals: SKIPPED (v38, geometric only)
  geometric orientation: reversed 247 bowl faces to face -Y, still wrong=0
  UV分配: 9844 loops, avg=(0.5786,0.1021), u=[0.0000,1.0000] v=[0.0000,1.0000]
  Saved: E:\WangZhen_Project\AI\ShuZiRen\Hermes\SZRYanJiu\v3_QuadRemesher_交付\01A眼窝与眼球\models\01_1_eye_socket.blend
  00:03.109  render           | Saved: 'E:\WangZhen_Project\AI\ShuZiRen\Hermes\SZRYanJiu\v3_QuadRemesher_交付\01A眼窝与眼球\screenshots\v39_norm_front.png'
  00:03.500  render           | Saved: 'E:\WangZhen_Project\AI\ShuZiRen\Hermes\SZRYanJiu\v3_QuadRemesher_交付\01A眼窝与眼球\screenshots\v39_norm_sideL.png'
  00:04.344  render           | Saved: 'E:\WangZhen_Project\AI\ShuZiRen\Hermes\SZRYanJiu\v3_QuadRemesher_交付\01A眼窝与眼球\screenshots\v39_tex_front.png'
  00:04.766  render           | Saved: 'E:\WangZhen_Project\AI\ShuZiRen\Hermes\SZRYanJiu\v3_QuadRemesher_交付\01A眼窝与眼球\screenshots\v39_tex_sideL.png'
迭代179完成

--- 迭代 180 ---
  01:27.281  render           | Saved: 'E:\WangZhen_Project\AI\ShuZiRen\Hermes\SZRYanJiu\v3_QuadRemesher_交付\01A眼窝与眼球\screenshots\01_1_eye_socket_front.png'
  01:27.406  render           | Saved: 'E:\WangZhen_Project\AI\ShuZiRen\Hermes\SZRYanJiu\v3_QuadRemesher_交付\01A眼窝与眼球\screenshots\01_1_eye_socket_side.png'
  make_eye_cup L: boundary ring M=90 (of 1 rings), ring relaxed x12, jump avg=0.46mm max=0.79mm
  recalc_face_normals: SKIPPED (v38, geometric only)
  geometric orientation: reversed 1920 bowl faces to face -Y, still wrong=0
  UV分配: 10710 loops, avg=(0.0793,0.0632), u=[0.0000,1.0000] v=[0.0000,1.0000]
  make_eye_cup R: boundary ring M=89 (of 1 rings), ring relaxed x12, jump avg=0.47mm max=0.87mm
  recalc_face_normals: SKIPPED (v38, geometric only)
  geometric orientation: reversed 247 bowl faces to face -Y, still wrong=0
  UV分配: 9844 loops, avg=(0.5786,0.1021), u=[0.0000,1.0000] v=[0.0000,1.0000]
  Saved: E:\WangZhen_Project\AI\ShuZiRen\Hermes\SZRYanJiu\v3_QuadRemesher_交付\01A眼窝与眼球\models\01_1_eye_socket.blend
  00:03.109  render           | Saved: 'E:\WangZhen_Project\AI\ShuZiRen\Hermes\SZRYanJiu\v3_QuadRemesher_交付\01A眼窝与眼球\screenshots\v39_norm_front.png'
  00:03.516  render           | Saved: 'E:\WangZhen_Project\AI\ShuZiRen\Hermes\SZRYanJiu\v3_QuadRemesher_交付\01A眼窝与眼球\screenshots\v39_norm_sideL.png'
  00:04.375  render           | Saved: 'E:\WangZhen_Project\AI\ShuZiRen\Hermes\SZRYanJiu\v3_QuadRemesher_交付\01A眼窝与眼球\screenshots\v39_tex_front.png'
  00:04.812  render           | Saved: 'E:\WangZhen_Project\AI\ShuZiRen\Hermes\SZRYanJiu\v3_QuadRemesher_交付\01A眼窝与眼球\screenshots\v39_tex_sideL.png'
迭代180完成

--- 迭代 181 ---
  01:27.187  render           | Saved: 'E:\WangZhen_Project\AI\ShuZiRen\Hermes\SZRYanJiu\v3_QuadRemesher_交付\01A眼窝与眼球\screenshots\01_1_eye_socket_front.png'
  01:27.312  render           | Saved: 'E:\WangZhen_Project\AI\ShuZiRen\Hermes\SZRYanJiu\v3_QuadRemesher_交付\01A眼窝与眼球\screenshots\01_1_eye_socket_side.png'
  make_eye_cup L: boundary ring M=90 (of 1 rings), ring relaxed x12, jump avg=0.46mm max=0.79mm
  recalc_face_normals: SKIPPED (v38, geometric only)
  geometric orientation: reversed 1920 bowl faces to face -Y, still wrong=0
  UV分配: 10710 loops, avg=(0.0793,0.0632), u=[0.0000,1.0000] v=[0.0000,1.0000]
  make_eye_cup R: boundary ring M=89 (of 1 rings), ring relaxed x12, jump avg=0.47mm max=0.87mm
  recalc_face_normals: SKIPPED (v38, geometric only)
  geometric orientation: reversed 247 bowl faces to face -Y, still wrong=0
  UV分配: 9844 loops, avg=(0.5786,0.1021), u=[0.0000,1.0000] v=[0.0000,1.0000]
  Saved: E:\WangZhen_Project\AI\ShuZiRen\Hermes\SZRYanJiu\v3_QuadRemesher_交付\01A眼窝与眼球\models\01_1_eye_socket.blend
  00:02.984  render           | Saved: 'E:\WangZhen_Project\AI\ShuZiRen\Hermes\SZRYanJiu\v3_QuadRemesher_交付\01A眼窝与眼球\screenshots\v39_norm_front.png'
  00:03.375  render           | Saved: 'E:\WangZhen_Project\AI\ShuZiRen\Hermes\SZRYanJiu\v3_QuadRemesher_交付\01A眼窝与眼球\screenshots\v39_norm_sideL.png'
  00:04.266  render           | Saved: 'E:\WangZhen_Project\AI\ShuZiRen\Hermes\SZRYanJiu\v3_QuadRemesher_交付\01A眼窝与眼球\screenshots\v39_tex_front.png'
  00:04.688  render           | Saved: 'E:\WangZhen_Project\AI\ShuZiRen\Hermes\SZRYanJiu\v3_QuadRemesher_交付\01A眼窝与眼球\screenshots\v39_tex_sideL.png'
迭代181完成

--- 迭代 182 ---
  01:27.656  render           | Saved: 'E:\WangZhen_Project\AI\ShuZiRen\Hermes\SZRYanJiu\v3_QuadRemesher_交付\01A眼窝与眼球\screenshots\01_1_eye_socket_front.png'
  01:27.781  render           | Saved: 'E:\WangZhen_Project\AI\ShuZiRen\Hermes\SZRYanJiu\v3_QuadRemesher_交付\01A眼窝与眼球\screenshots\01_1_eye_socket_side.png'
  make_eye_cup L: boundary ring M=90 (of 1 rings), ring relaxed x12, jump avg=0.46mm max=0.79mm
  recalc_face_normals: SKIPPED (v38, geometric only)
  geometric orientation: reversed 1920 bowl faces to face -Y, still wrong=0
  UV分配: 10710 loops, avg=(0.0793,0.0632), u=[0.0000,1.0000] v=[0.0000,1.0000]
  make_eye_cup R: boundary ring M=89 (of 1 rings), ring relaxed x12, jump avg=0.47mm max=0.87mm
  recalc_face_normals: SKIPPED (v38, geometric only)
  geometric orientation: reversed 247 bowl faces to face -Y, still wrong=0
  UV分配: 9844 loops, avg=(0.5786,0.1021), u=[0.0000,1.0000] v=[0.0000,1.0000]
  Saved: E:\WangZhen_Project\AI\ShuZiRen\Hermes\SZRYanJiu\v3_QuadRemesher_交付\01A眼窝与眼球\models\01_1_eye_socket.blend
  00:03.000  render           | Saved: 'E:\WangZhen_Project\AI\ShuZiRen\Hermes\SZRYanJiu\v3_QuadRemesher_交付\01A眼窝与眼球\screenshots\v39_norm_front.png'
  00:03.390  render           | Saved: 'E:\WangZhen_Project\AI\ShuZiRen\Hermes\SZRYanJiu\v3_QuadRemesher_交付\01A眼窝与眼球\screenshots\v39_norm_sideL.png'
  00:04.250  render           | Saved: 'E:\WangZhen_Project\AI\ShuZiRen\Hermes\SZRYanJiu\v3_QuadRemesher_交付\01A眼窝与眼球\screenshots\v39_tex_front.png'
  00:04.672  render           | Saved: 'E:\WangZhen_Project\AI\ShuZiRen\Hermes\SZRYanJiu\v3_QuadRemesher_交付\01A眼窝与眼球\screenshots\v39_tex_sideL.png'
迭代182完成

--- 迭代 183 ---
  01:27.078  render           | Saved: 'E:\WangZhen_Project\AI\ShuZiRen\Hermes\SZRYanJiu\v3_QuadRemesher_交付\01A眼窝与眼球\screenshots\01_1_eye_socket_front.png'
  01:27.219  render           | Saved: 'E:\WangZhen_Project\AI\ShuZiRen\Hermes\SZRYanJiu\v3_QuadRemesher_交付\01A眼窝与眼球\screenshots\01_1_eye_socket_side.png'
  make_eye_cup L: boundary ring M=90 (of 1 rings), ring relaxed x12, jump avg=0.46mm max=0.79mm
  recalc_face_normals: SKIPPED (v38, geometric only)
  geometric orientation: reversed 1920 bowl faces to face -Y, still wrong=0
  UV分配: 10710 loops, avg=(0.0793,0.0632), u=[0.0000,1.0000] v=[0.0000,1.0000]
  make_eye_cup R: boundary ring M=89 (of 1 rings), ring relaxed x12, jump avg=0.47mm max=0.87mm
  recalc_face_normals: SKIPPED (v38, geometric only)
  geometric orientation: reversed 247 bowl faces to face -Y, still wrong=0
  UV分配: 9844 loops, avg=(0.5786,0.1021), u=[0.0000,1.0000] v=[0.0000,1.0000]
  Saved: E:\WangZhen_Project\AI\ShuZiRen\Hermes\SZRYanJiu\v3_QuadRemesher_交付\01A眼窝与眼球\models\01_1_eye_socket.blend
  00:03.000  render           | Saved: 'E:\WangZhen_Project\AI\ShuZiRen\Hermes\SZRYanJiu\v3_QuadRemesher_交付\01A眼窝与眼球\screenshots\v39_norm_front.png'
  00:03.391  render           | Saved: 'E:\WangZhen_Project\AI\ShuZiRen\Hermes\SZRYanJiu\v3_QuadRemesher_交付\01A眼窝与眼球\screenshots\v39_norm_sideL.png'
  00:04.235  render           | Saved: 'E:\WangZhen_Project\AI\ShuZiRen\Hermes\SZRYanJiu\v3_QuadRemesher_交付\01A眼窝与眼球\screenshots\v39_tex_front.png'
  00:04.656  render           | Saved: 'E:\WangZhen_Project\AI\ShuZiRen\Hermes\SZRYanJiu\v3_QuadRemesher_交付\01A眼窝与眼球\screenshots\v39_tex_sideL.png'
迭代183完成

--- 迭代 184 ---
  01:27.375  render           | Saved: 'E:\WangZhen_Project\AI\ShuZiRen\Hermes\SZRYanJiu\v3_QuadRemesher_交付\01A眼窝与眼球\screenshots\01_1_eye_socket_front.png'
  01:27.500  render           | Saved: 'E:\WangZhen_Project\AI\ShuZiRen\Hermes\SZRYanJiu\v3_QuadRemesher_交付\01A眼窝与眼球\screenshots\01_1_eye_socket_side.png'
  make_eye_cup L: boundary ring M=90 (of 1 rings), ring relaxed x12, jump avg=0.46mm max=0.79mm
  recalc_face_normals: SKIPPED (v38, geometric only)
  geometric orientation: reversed 1920 bowl faces to face -Y, still wrong=0
  UV分配: 10710 loops, avg=(0.0793,0.0632), u=[0.0000,1.0000] v=[0.0000,1.0000]
  make_eye_cup R: boundary ring M=89 (of 1 rings), ring relaxed x12, jump avg=0.47mm max=0.87mm
  recalc_face_normals: SKIPPED (v38, geometric only)
  geometric orientation: reversed 247 bowl faces to face -Y, still wrong=0
  UV分配: 9844 loops, avg=(0.5786,0.1021), u=[0.0000,1.0000] v=[0.0000,1.0000]
  Saved: E:\WangZhen_Project\AI\ShuZiRen\Hermes\SZRYanJiu\v3_QuadRemesher_交付\01A眼窝与眼球\models\01_1_eye_socket.blend
  00:03.031  render           | Saved: 'E:\WangZhen_Project\AI\ShuZiRen\Hermes\SZRYanJiu\v3_QuadRemesher_交付\01A眼窝与眼球\screenshots\v39_norm_front.png'
  00:03.421  render           | Saved: 'E:\WangZhen_Project\AI\ShuZiRen\Hermes\SZRYanJiu\v3_QuadRemesher_交付\01A眼窝与眼球\screenshots\v39_norm_sideL.png'
  00:04.265  render           | Saved: 'E:\WangZhen_Project\AI\ShuZiRen\Hermes\SZRYanJiu\v3_QuadRemesher_交付\01A眼窝与眼球\screenshots\v39_tex_front.png'
  00:04.687  render           | Saved: 'E:\WangZhen_Project\AI\ShuZiRen\Hermes\SZRYanJiu\v3_QuadRemesher_交付\01A眼窝与眼球\screenshots\v39_tex_sideL.png'
迭代184完成

--- 迭代 185 ---
  01:27.125  render           | Saved: 'E:\WangZhen_Project\AI\ShuZiRen\Hermes\SZRYanJiu\v3_QuadRemesher_交付\01A眼窝与眼球\screenshots\01_1_eye_socket_front.png'
  01:27.265  render           | Saved: 'E:\WangZhen_Project\AI\ShuZiRen\Hermes\SZRYanJiu\v3_QuadRemesher_交付\01A眼窝与眼球\screenshots\01_1_eye_socket_side.png'
  make_eye_cup L: boundary ring M=90 (of 1 rings), ring relaxed x12, jump avg=0.46mm max=0.79mm
  recalc_face_normals: SKIPPED (v38, geometric only)
  geometric orientation: reversed 1920 bowl faces to face -Y, still wrong=0
  UV分配: 10710 loops, avg=(0.0793,0.0632), u=[0.0000,1.0000] v=[0.0000,1.0000]
  make_eye_cup R: boundary ring M=89 (of 1 rings), ring relaxed x12, jump avg=0.47mm max=0.87mm
  recalc_face_normals: SKIPPED (v38, geometric only)
  geometric orientation: reversed 247 bowl faces to face -Y, still wrong=0
  UV分配: 9844 loops, avg=(0.5786,0.1021), u=[0.0000,1.0000] v=[0.0000,1.0000]
  Saved: E:\WangZhen_Project\AI\ShuZiRen\Hermes\SZRYanJiu\v3_QuadRemesher_交付\01A眼窝与眼球\models\01_1_eye_socket.blend
  00:03.016  render           | Saved: 'E:\WangZhen_Project\AI\ShuZiRen\Hermes\SZRYanJiu\v3_QuadRemesher_交付\01A眼窝与眼球\screenshots\v39_norm_front.png'
  00:03.422  render           | Saved: 'E:\WangZhen_Project\AI\ShuZiRen\Hermes\SZRYanJiu\v3_QuadRemesher_交付\01A眼窝与眼球\screenshots\v39_norm_sideL.png'
  00:04.313  render           | Saved: 'E:\WangZhen_Project\AI\ShuZiRen\Hermes\SZRYanJiu\v3_QuadRemesher_交付\01A眼窝与眼球\screenshots\v39_tex_front.png'
  00:04.735  render           | Saved: 'E:\WangZhen_Project\AI\ShuZiRen\Hermes\SZRYanJiu\v3_QuadRemesher_交付\01A眼窝与眼球\screenshots\v39_tex_sideL.png'
迭代185完成

--- 迭代 186 ---
  01:26.953  render           | Saved: 'E:\WangZhen_Project\AI\ShuZiRen\Hermes\SZRYanJiu\v3_QuadRemesher_交付\01A眼窝与眼球\screenshots\01_1_eye_socket_front.png'
  01:27.078  render           | Saved: 'E:\WangZhen_Project\AI\ShuZiRen\Hermes\SZRYanJiu\v3_QuadRemesher_交付\01A眼窝与眼球\screenshots\01_1_eye_socket_side.png'
  make_eye_cup L: boundary ring M=90 (of 1 rings), ring relaxed x12, jump avg=0.46mm max=0.79mm
  recalc_face_normals: SKIPPED (v38, geometric only)
  geometric orientation: reversed 1920 bowl faces to face -Y, still wrong=0
  UV分配: 10710 loops, avg=(0.0793,0.0632), u=[0.0000,1.0000] v=[0.0000,1.0000]
  make_eye_cup R: boundary ring M=89 (of 1 rings), ring relaxed x12, jump avg=0.47mm max=0.87mm
  recalc_face_normals: SKIPPED (v38, geometric only)
  geometric orientation: reversed 247 bowl faces to face -Y, still wrong=0
  UV分配: 9844 loops, avg=(0.5786,0.1021), u=[0.0000,1.0000] v=[0.0000,1.0000]
  Saved: E:\WangZhen_Project\AI\ShuZiRen\Hermes\SZRYanJiu\v3_QuadRemesher_交付\01A眼窝与眼球\models\01_1_eye_socket.blend
  00:02.984  render           | Saved: 'E:\WangZhen_Project\AI\ShuZiRen\Hermes\SZRYanJiu\v3_QuadRemesher_交付\01A眼窝与眼球\screenshots\v39_norm_front.png'
  00:03.375  render           | Saved: 'E:\WangZhen_Project\AI\ShuZiRen\Hermes\SZRYanJiu\v3_QuadRemesher_交付\01A眼窝与眼球\screenshots\v39_norm_sideL.png'
  00:04.234  render           | Saved: 'E:\WangZhen_Project\AI\ShuZiRen\Hermes\SZRYanJiu\v3_QuadRemesher_交付\01A眼窝与眼球\screenshots\v39_tex_front.png'
  00:04.640  render           | Saved: 'E:\WangZhen_Project\AI\ShuZiRen\Hermes\SZRYanJiu\v3_QuadRemesher_交付\01A眼窝与眼球\screenshots\v39_tex_sideL.png'
迭代186完成

--- 迭代 187 ---
  01:27.204  render           | Saved: 'E:\WangZhen_Project\AI\ShuZiRen\Hermes\SZRYanJiu\v3_QuadRemesher_交付\01A眼窝与眼球\screenshots\01_1_eye_socket_front.png'
  01:27.360  render           | Saved: 'E:\WangZhen_Project\AI\ShuZiRen\Hermes\SZRYanJiu\v3_QuadRemesher_交付\01A眼窝与眼球\screenshots\01_1_eye_socket_side.png'
  make_eye_cup L: boundary ring M=90 (of 1 rings), ring relaxed x12, jump avg=0.46mm max=0.79mm
  recalc_face_normals: SKIPPED (v38, geometric only)
  geometric orientation: reversed 1920 bowl faces to face -Y, still wrong=0
  UV分配: 10710 loops, avg=(0.0793,0.0632), u=[0.0000,1.0000] v=[0.0000,1.0000]
  make_eye_cup R: boundary ring M=89 (of 1 rings), ring relaxed x12, jump avg=0.47mm max=0.87mm
  recalc_face_normals: SKIPPED (v38, geometric only)
  geometric orientation: reversed 247 bowl faces to face -Y, still wrong=0
  UV分配: 9844 loops, avg=(0.5786,0.1021), u=[0.0000,1.0000] v=[0.0000,1.0000]
  Saved: E:\WangZhen_Project\AI\ShuZiRen\Hermes\SZRYanJiu\v3_QuadRemesher_交付\01A眼窝与眼球\models\01_1_eye_socket.blend
  00:03.016  render           | Saved: 'E:\WangZhen_Project\AI\ShuZiRen\Hermes\SZRYanJiu\v3_QuadRemesher_交付\01A眼窝与眼球\screenshots\v39_norm_front.png'
  00:03.422  render           | Saved: 'E:\WangZhen_Project\AI\ShuZiRen\Hermes\SZRYanJiu\v3_QuadRemesher_交付\01A眼窝与眼球\screenshots\v39_norm_sideL.png'
  00:04.266  render           | Saved: 'E:\WangZhen_Project\AI\ShuZiRen\Hermes\SZRYanJiu\v3_QuadRemesher_交付\01A眼窝与眼球\screenshots\v39_tex_front.png'
  00:04.688  render           | Saved: 'E:\WangZhen_Project\AI\ShuZiRen\Hermes\SZRYanJiu\v3_QuadRemesher_交付\01A眼窝与眼球\screenshots\v39_tex_sideL.png'
迭代187完成

--- 迭代 188 ---
  01:27.032  render           | Saved: 'E:\WangZhen_Project\AI\ShuZiRen\Hermes\SZRYanJiu\v3_QuadRemesher_交付\01A眼窝与眼球\screenshots\01_1_eye_socket_front.png'
  01:27.157  render           | Saved: 'E:\WangZhen_Project\AI\ShuZiRen\Hermes\SZRYanJiu\v3_QuadRemesher_交付\01A眼窝与眼球\screenshots\01_1_eye_socket_side.png'
  make_eye_cup L: boundary ring M=90 (of 1 rings), ring relaxed x12, jump avg=0.46mm max=0.79mm
  recalc_face_normals: SKIPPED (v38, geometric only)
  geometric orientation: reversed 1920 bowl faces to face -Y, still wrong=0
  UV分配: 10710 loops, avg=(0.0793,0.0632), u=[0.0000,1.0000] v=[0.0000,1.0000]
  make_eye_cup R: boundary ring M=89 (of 1 rings), ring relaxed x12, jump avg=0.47mm max=0.87mm
  recalc_face_normals: SKIPPED (v38, geometric only)
  geometric orientation: reversed 247 bowl faces to face -Y, still wrong=0
  UV分配: 9844 loops, avg=(0.5786,0.1021), u=[0.0000,1.0000] v=[0.0000,1.0000]
  Saved: E:\WangZhen_Project\AI\ShuZiRen\Hermes\SZRYanJiu\v3_QuadRemesher_交付\01A眼窝与眼球\models\01_1_eye_socket.blend
  00:02.985  render           | Saved: 'E:\WangZhen_Project\AI\ShuZiRen\Hermes\SZRYanJiu\v3_QuadRemesher_交付\01A眼窝与眼球\screenshots\v39_norm_front.png'
  00:03.391  render           | Saved: 'E:\WangZhen_Project\AI\ShuZiRen\Hermes\SZRYanJiu\v3_QuadRemesher_交付\01A眼窝与眼球\screenshots\v39_norm_sideL.png'
  00:04.250  render           | Saved: 'E:\WangZhen_Project\AI\ShuZiRen\Hermes\SZRYanJiu\v3_QuadRemesher_交付\01A眼窝与眼球\screenshots\v39_tex_front.png'
  00:04.672  render           | Saved: 'E:\WangZhen_Project\AI\ShuZiRen\Hermes\SZRYanJiu\v3_QuadRemesher_交付\01A眼窝与眼球\screenshots\v39_tex_sideL.png'
迭代188完成

--- 迭代 189 ---
  01:27.047  render           | Saved: 'E:\WangZhen_Project\AI\ShuZiRen\Hermes\SZRYanJiu\v3_QuadRemesher_交付\01A眼窝与眼球\screenshots\01_1_eye_socket_front.png'
  01:27.187  render           | Saved: 'E:\WangZhen_Project\AI\ShuZiRen\Hermes\SZRYanJiu\v3_QuadRemesher_交付\01A眼窝与眼球\screenshots\01_1_eye_socket_side.png'
  make_eye_cup L: boundary ring M=90 (of 1 rings), ring relaxed x12, jump avg=0.46mm max=0.79mm
  recalc_face_normals: SKIPPED (v38, geometric only)
  geometric orientation: reversed 1920 bowl faces to face -Y, still wrong=0
  UV分配: 10710 loops, avg=(0.0793,0.0632), u=[0.0000,1.0000] v=[0.0000,1.0000]
  make_eye_cup R: boundary ring M=89 (of 1 rings), ring relaxed x12, jump avg=0.47mm max=0.87mm
  recalc_face_normals: SKIPPED (v38, geometric only)
  geometric orientation: reversed 247 bowl faces to face -Y, still wrong=0
  UV分配: 9844 loops, avg=(0.5786,0.1021), u=[0.0000,1.0000] v=[0.0000,1.0000]
  Saved: E:\WangZhen_Project\AI\ShuZiRen\Hermes\SZRYanJiu\v3_QuadRemesher_交付\01A眼窝与眼球\models\01_1_eye_socket.blend
  00:02.969  render           | Saved: 'E:\WangZhen_Project\AI\ShuZiRen\Hermes\SZRYanJiu\v3_QuadRemesher_交付\01A眼窝与眼球\screenshots\v39_norm_front.png'
  00:03.359  render           | Saved: 'E:\WangZhen_Project\AI\ShuZiRen\Hermes\SZRYanJiu\v3_QuadRemesher_交付\01A眼窝与眼球\screenshots\v39_norm_sideL.png'
  00:04.219  render           | Saved: 'E:\WangZhen_Project\AI\ShuZiRen\Hermes\SZRYanJiu\v3_QuadRemesher_交付\01A眼窝与眼球\screenshots\v39_tex_front.png'
  00:04.640  render           | Saved: 'E:\WangZhen_Project\AI\ShuZiRen\Hermes\SZRYanJiu\v3_QuadRemesher_交付\01A眼窝与眼球\screenshots\v39_tex_sideL.png'
迭代189完成

--- 迭代 190 ---
  01:27.125  render           | Saved: 'E:\WangZhen_Project\AI\ShuZiRen\Hermes\SZRYanJiu\v3_QuadRemesher_交付\01A眼窝与眼球\screenshots\01_1_eye_socket_front.png'
  01:27.250  render           | Saved: 'E:\WangZhen_Project\AI\ShuZiRen\Hermes\SZRYanJiu\v3_QuadRemesher_交付\01A眼窝与眼球\screenshots\01_1_eye_socket_side.png'
  make_eye_cup L: boundary ring M=90 (of 1 rings), ring relaxed x12, jump avg=0.46mm max=0.79mm
  recalc_face_normals: SKIPPED (v38, geometric only)
  geometric orientation: reversed 1920 bowl faces to face -Y, still wrong=0
  UV分配: 10710 loops, avg=(0.0793,0.0632), u=[0.0000,1.0000] v=[0.0000,1.0000]
  make_eye_cup R: boundary ring M=89 (of 1 rings), ring relaxed x12, jump avg=0.47mm max=0.87mm
  recalc_face_normals: SKIPPED (v38, geometric only)
  geometric orientation: reversed 247 bowl faces to face -Y, still wrong=0
  UV分配: 9844 loops, avg=(0.5786,0.1021), u=[0.0000,1.0000] v=[0.0000,1.0000]
  Saved: E:\WangZhen_Project\AI\ShuZiRen\Hermes\SZRYanJiu\v3_QuadRemesher_交付\01A眼窝与眼球\models\01_1_eye_socket.blend
  00:02.985  render           | Saved: 'E:\WangZhen_Project\AI\ShuZiRen\Hermes\SZRYanJiu\v3_QuadRemesher_交付\01A眼窝与眼球\screenshots\v39_norm_front.png'
  00:03.375  render           | Saved: 'E:\WangZhen_Project\AI\ShuZiRen\Hermes\SZRYanJiu\v3_QuadRemesher_交付\01A眼窝与眼球\screenshots\v39_norm_sideL.png'
  00:04.219  render           | Saved: 'E:\WangZhen_Project\AI\ShuZiRen\Hermes\SZRYanJiu\v3_QuadRemesher_交付\01A眼窝与眼球\screenshots\v39_tex_front.png'
  00:04.641  render           | Saved: 'E:\WangZhen_Project\AI\ShuZiRen\Hermes\SZRYanJiu\v3_QuadRemesher_交付\01A眼窝与眼球\screenshots\v39_tex_sideL.png'
迭代190完成

--- 迭代 191 ---
  01:27.516  render           | Saved: 'E:\WangZhen_Project\AI\ShuZiRen\Hermes\SZRYanJiu\v3_QuadRemesher_交付\01A眼窝与眼球\screenshots\01_1_eye_socket_front.png'
  01:27.641  render           | Saved: 'E:\WangZhen_Project\AI\ShuZiRen\Hermes\SZRYanJiu\v3_QuadRemesher_交付\01A眼窝与眼球\screenshots\01_1_eye_socket_side.png'
  make_eye_cup L: boundary ring M=90 (of 1 rings), ring relaxed x12, jump avg=0.46mm max=0.79mm
  recalc_face_normals: SKIPPED (v38, geometric only)
  geometric orientation: reversed 1920 bowl faces to face -Y, still wrong=0
  UV分配: 10710 loops, avg=(0.0793,0.0632), u=[0.0000,1.0000] v=[0.0000,1.0000]
  make_eye_cup R: boundary ring M=89 (of 1 rings), ring relaxed x12, jump avg=0.47mm max=0.87mm
  recalc_face_normals: SKIPPED (v38, geometric only)
  geometric orientation: reversed 247 bowl faces to face -Y, still wrong=0
  UV分配: 9844 loops, avg=(0.5786,0.1021), u=[0.0000,1.0000] v=[0.0000,1.0000]
  Saved: E:\WangZhen_Project\AI\ShuZiRen\Hermes\SZRYanJiu\v3_QuadRemesher_交付\01A眼窝与眼球\models\01_1_eye_socket.blend
  00:02.969  render           | Saved: 'E:\WangZhen_Project\AI\ShuZiRen\Hermes\SZRYanJiu\v3_QuadRemesher_交付\01A眼窝与眼球\screenshots\v39_norm_front.png'
  00:03.344  render           | Saved: 'E:\WangZhen_Project\AI\ShuZiRen\Hermes\SZRYanJiu\v3_QuadRemesher_交付\01A眼窝与眼球\screenshots\v39_norm_sideL.png'
  00:04.203  render           | Saved: 'E:\WangZhen_Project\AI\ShuZiRen\Hermes\SZRYanJiu\v3_QuadRemesher_交付\01A眼窝与眼球\screenshots\v39_tex_front.png'
  00:04.625  render           | Saved: 'E:\WangZhen_Project\AI\ShuZiRen\Hermes\SZRYanJiu\v3_QuadRemesher_交付\01A眼窝与眼球\screenshots\v39_tex_sideL.png'
迭代191完成

--- 迭代 192 ---
  01:27.266  render           | Saved: 'E:\WangZhen_Project\AI\ShuZiRen\Hermes\SZRYanJiu\v3_QuadRemesher_交付\01A眼窝与眼球\screenshots\01_1_eye_socket_front.png'
  01:27.391  render           | Saved: 'E:\WangZhen_Project\AI\ShuZiRen\Hermes\SZRYanJiu\v3_QuadRemesher_交付\01A眼窝与眼球\screenshots\01_1_eye_socket_side.png'
  make_eye_cup L: boundary ring M=90 (of 1 rings), ring relaxed x12, jump avg=0.46mm max=0.79mm
  recalc_face_normals: SKIPPED (v38, geometric only)
  geometric orientation: reversed 1920 bowl faces to face -Y, still wrong=0
  UV分配: 10710 loops, avg=(0.0793,0.0632), u=[0.0000,1.0000] v=[0.0000,1.0000]
  make_eye_cup R: boundary ring M=89 (of 1 rings), ring relaxed x12, jump avg=0.47mm max=0.87mm
  recalc_face_normals: SKIPPED (v38, geometric only)
  geometric orientation: reversed 247 bowl faces to face -Y, still wrong=0
  UV分配: 9844 loops, avg=(0.5786,0.1021), u=[0.0000,1.0000] v=[0.0000,1.0000]
  Saved: E:\WangZhen_Project\AI\ShuZiRen\Hermes\SZRYanJiu\v3_QuadRemesher_交付\01A眼窝与眼球\models\01_1_eye_socket.blend
  00:02.985  render           | Saved: 'E:\WangZhen_Project\AI\ShuZiRen\Hermes\SZRYanJiu\v3_QuadRemesher_交付\01A眼窝与眼球\screenshots\v39_norm_front.png'
  00:03.375  render           | Saved: 'E:\WangZhen_Project\AI\ShuZiRen\Hermes\SZRYanJiu\v3_QuadRemesher_交付\01A眼窝与眼球\screenshots\v39_norm_sideL.png'
  00:04.219  render           | Saved: 'E:\WangZhen_Project\AI\ShuZiRen\Hermes\SZRYanJiu\v3_QuadRemesher_交付\01A眼窝与眼球\screenshots\v39_tex_front.png'
  00:04.641  render           | Saved: 'E:\WangZhen_Project\AI\ShuZiRen\Hermes\SZRYanJiu\v3_QuadRemesher_交付\01A眼窝与眼球\screenshots\v39_tex_sideL.png'
迭代192完成

--- 迭代 193 ---
  01:27.109  render           | Saved: 'E:\WangZhen_Project\AI\ShuZiRen\Hermes\SZRYanJiu\v3_QuadRemesher_交付\01A眼窝与眼球\screenshots\01_1_eye_socket_front.png'
  01:27.234  render           | Saved: 'E:\WangZhen_Project\AI\ShuZiRen\Hermes\SZRYanJiu\v3_QuadRemesher_交付\01A眼窝与眼球\screenshots\01_1_eye_socket_side.png'
  make_eye_cup L: boundary ring M=90 (of 1 rings), ring relaxed x12, jump avg=0.46mm max=0.79mm
  recalc_face_normals: SKIPPED (v38, geometric only)
  geometric orientation: reversed 1920 bowl faces to face -Y, still wrong=0
  UV分配: 10710 loops, avg=(0.0793,0.0632), u=[0.0000,1.0000] v=[0.0000,1.0000]
  make_eye_cup R: boundary ring M=89 (of 1 rings), ring relaxed x12, jump avg=0.47mm max=0.87mm
  recalc_face_normals: SKIPPED (v38, geometric only)
  geometric orientation: reversed 247 bowl faces to face -Y, still wrong=0
  UV分配: 9844 loops, avg=(0.5786,0.1021), u=[0.0000,1.0000] v=[0.0000,1.0000]
  Saved: E:\WangZhen_Project\AI\ShuZiRen\Hermes\SZRYanJiu\v3_QuadRemesher_交付\01A眼窝与眼球\models\01_1_eye_socket.blend
  00:02.984  render           | Saved: 'E:\WangZhen_Project\AI\ShuZiRen\Hermes\SZRYanJiu\v3_QuadRemesher_交付\01A眼窝与眼球\screenshots\v39_norm_front.png'
  00:03.390  render           | Saved: 'E:\WangZhen_Project\AI\ShuZiRen\Hermes\SZRYanJiu\v3_QuadRemesher_交付\01A眼窝与眼球\screenshots\v39_norm_sideL.png'
  00:04.250  render           | Saved: 'E:\WangZhen_Project\AI\ShuZiRen\Hermes\SZRYanJiu\v3_QuadRemesher_交付\01A眼窝与眼球\screenshots\v39_tex_front.png'
  00:04.671  render           | Saved: 'E:\WangZhen_Project\AI\ShuZiRen\Hermes\SZRYanJiu\v3_QuadRemesher_交付\01A眼窝与眼球\screenshots\v39_tex_sideL.png'
迭代193完成

--- 迭代 194 ---
  01:27.469  render           | Saved: 'E:\WangZhen_Project\AI\ShuZiRen\Hermes\SZRYanJiu\v3_QuadRemesher_交付\01A眼窝与眼球\screenshots\01_1_eye_socket_front.png'
  01:27.609  render           | Saved: 'E:\WangZhen_Project\AI\ShuZiRen\Hermes\SZRYanJiu\v3_QuadRemesher_交付\01A眼窝与眼球\screenshots\01_1_eye_socket_side.png'
  make_eye_cup L: boundary ring M=90 (of 1 rings), ring relaxed x12, jump avg=0.46mm max=0.79mm
  recalc_face_normals: SKIPPED (v38, geometric only)
  geometric orientation: reversed 1920 bowl faces to face -Y, still wrong=0
  UV分配: 10710 loops, avg=(0.0793,0.0632), u=[0.0000,1.0000] v=[0.0000,1.0000]
  make_eye_cup R: boundary ring M=89 (of 1 rings), ring relaxed x12, jump avg=0.47mm max=0.87mm
  recalc_face_normals: SKIPPED (v38, geometric only)
  geometric orientation: reversed 247 bowl faces to face -Y, still wrong=0
  UV分配: 9844 loops, avg=(0.5786,0.1021), u=[0.0000,1.0000] v=[0.0000,1.0000]
  Saved: E:\WangZhen_Project\AI\ShuZiRen\Hermes\SZRYanJiu\v3_QuadRemesher_交付\01A眼窝与眼球\models\01_1_eye_socket.blend
  00:02.984  render           | Saved: 'E:\WangZhen_Project\AI\ShuZiRen\Hermes\SZRYanJiu\v3_QuadRemesher_交付\01A眼窝与眼球\screenshots\v39_norm_front.png'
  00:03.375  render           | Saved: 'E:\WangZhen_Project\AI\ShuZiRen\Hermes\SZRYanJiu\v3_QuadRemesher_交付\01A眼窝与眼球\screenshots\v39_norm_sideL.png'
  00:04.250  render           | Saved: 'E:\WangZhen_Project\AI\ShuZiRen\Hermes\SZRYanJiu\v3_QuadRemesher_交付\01A眼窝与眼球\screenshots\v39_tex_front.png'
  00:04.656  render           | Saved: 'E:\WangZhen_Project\AI\ShuZiRen\Hermes\SZRYanJiu\v3_QuadRemesher_交付\01A眼窝与眼球\screenshots\v39_tex_sideL.png'
迭代194完成

--- 迭代 195 ---
  01:27.047  render           | Saved: 'E:\WangZhen_Project\AI\ShuZiRen\Hermes\SZRYanJiu\v3_QuadRemesher_交付\01A眼窝与眼球\screenshots\01_1_eye_socket_front.png'
  01:27.188  render           | Saved: 'E:\WangZhen_Project\AI\ShuZiRen\Hermes\SZRYanJiu\v3_QuadRemesher_交付\01A眼窝与眼球\screenshots\01_1_eye_socket_side.png'
  make_eye_cup L: boundary ring M=90 (of 1 rings), ring relaxed x12, jump avg=0.46mm max=0.79mm
  recalc_face_normals: SKIPPED (v38, geometric only)
  geometric orientation: reversed 1920 bowl faces to face -Y, still wrong=0
  UV分配: 10710 loops, avg=(0.0793,0.0632), u=[0.0000,1.0000] v=[0.0000,1.0000]
  make_eye_cup R: boundary ring M=89 (of 1 rings), ring relaxed x12, jump avg=0.47mm max=0.87mm
  recalc_face_normals: SKIPPED (v38, geometric only)
  geometric orientation: reversed 247 bowl faces to face -Y, still wrong=0
  UV分配: 9844 loops, avg=(0.5786,0.1021), u=[0.0000,1.0000] v=[0.0000,1.0000]
  Saved: E:\WangZhen_Project\AI\ShuZiRen\Hermes\SZRYanJiu\v3_QuadRemesher_交付\01A眼窝与眼球\models\01_1_eye_socket.blend
  00:02.953  render           | Saved: 'E:\WangZhen_Project\AI\ShuZiRen\Hermes\SZRYanJiu\v3_QuadRemesher_交付\01A眼窝与眼球\screenshots\v39_norm_front.png'
  00:03.359  render           | Saved: 'E:\WangZhen_Project\AI\ShuZiRen\Hermes\SZRYanJiu\v3_QuadRemesher_交付\01A眼窝与眼球\screenshots\v39_norm_sideL.png'
  00:04.219  render           | Saved: 'E:\WangZhen_Project\AI\ShuZiRen\Hermes\SZRYanJiu\v3_QuadRemesher_交付\01A眼窝与眼球\screenshots\v39_tex_front.png'
  00:04.640  render           | Saved: 'E:\WangZhen_Project\AI\ShuZiRen\Hermes\SZRYanJiu\v3_QuadRemesher_交付\01A眼窝与眼球\screenshots\v39_tex_sideL.png'
迭代195完成

--- 迭代 196 ---
  01:27.266  render           | Saved: 'E:\WangZhen_Project\AI\ShuZiRen\Hermes\SZRYanJiu\v3_QuadRemesher_交付\01A眼窝与眼球\screenshots\01_1_eye_socket_front.png'
  01:27.391  render           | Saved: 'E:\WangZhen_Project\AI\ShuZiRen\Hermes\SZRYanJiu\v3_QuadRemesher_交付\01A眼窝与眼球\screenshots\01_1_eye_socket_side.png'
  make_eye_cup L: boundary ring M=90 (of 1 rings), ring relaxed x12, jump avg=0.46mm max=0.79mm
  recalc_face_normals: SKIPPED (v38, geometric only)
  geometric orientation: reversed 1920 bowl faces to face -Y, still wrong=0
  UV分配: 10710 loops, avg=(0.0793,0.0632), u=[0.0000,1.0000] v=[0.0000,1.0000]
  make_eye_cup R: boundary ring M=89 (of 1 rings), ring relaxed x12, jump avg=0.47mm max=0.87mm
  recalc_face_normals: SKIPPED (v38, geometric only)
  geometric orientation: reversed 247 bowl faces to face -Y, still wrong=0
  UV分配: 9844 loops, avg=(0.5786,0.1021), u=[0.0000,1.0000] v=[0.0000,1.0000]
  Saved: E:\WangZhen_Project\AI\ShuZiRen\Hermes\SZRYanJiu\v3_QuadRemesher_交付\01A眼窝与眼球\models\01_1_eye_socket.blend
  00:02.953  render           | Saved: 'E:\WangZhen_Project\AI\ShuZiRen\Hermes\SZRYanJiu\v3_QuadRemesher_交付\01A眼窝与眼球\screenshots\v39_norm_front.png'
  00:03.375  render           | Saved: 'E:\WangZhen_Project\AI\ShuZiRen\Hermes\SZRYanJiu\v3_QuadRemesher_交付\01A眼窝与眼球\screenshots\v39_norm_sideL.png'
  00:04.219  render           | Saved: 'E:\WangZhen_Project\AI\ShuZiRen\Hermes\SZRYanJiu\v3_QuadRemesher_交付\01A眼窝与眼球\screenshots\v39_tex_front.png'
  00:04.641  render           | Saved: 'E:\WangZhen_Project\AI\ShuZiRen\Hermes\SZRYanJiu\v3_QuadRemesher_交付\01A眼窝与眼球\screenshots\v39_tex_sideL.png'
迭代196完成

--- 迭代 197 ---
  01:27.125  render           | Saved: 'E:\WangZhen_Project\AI\ShuZiRen\Hermes\SZRYanJiu\v3_QuadRemesher_交付\01A眼窝与眼球\screenshots\01_1_eye_socket_front.png'
  01:27.250  render           | Saved: 'E:\WangZhen_Project\AI\ShuZiRen\Hermes\SZRYanJiu\v3_QuadRemesher_交付\01A眼窝与眼球\screenshots\01_1_eye_socket_side.png'
  make_eye_cup L: boundary ring M=90 (of 1 rings), ring relaxed x12, jump avg=0.46mm max=0.79mm
  recalc_face_normals: SKIPPED (v38, geometric only)
  geometric orientation: reversed 1920 bowl faces to face -Y, still wrong=0
  UV分配: 10710 loops, avg=(0.0793,0.0632), u=[0.0000,1.0000] v=[0.0000,1.0000]
  make_eye_cup R: boundary ring M=89 (of 1 rings), ring relaxed x12, jump avg=0.47mm max=0.87mm
  recalc_face_normals: SKIPPED (v38, geometric only)
  geometric orientation: reversed 247 bowl faces to face -Y, still wrong=0
  UV分配: 9844 loops, avg=(0.5786,0.1021), u=[0.0000,1.0000] v=[0.0000,1.0000]
  Saved: E:\WangZhen_Project\AI\ShuZiRen\Hermes\SZRYanJiu\v3_QuadRemesher_交付\01A眼窝与眼球\models\01_1_eye_socket.blend
  00:02.969  render           | Saved: 'E:\WangZhen_Project\AI\ShuZiRen\Hermes\SZRYanJiu\v3_QuadRemesher_交付\01A眼窝与眼球\screenshots\v39_norm_front.png'
  00:03.360  render           | Saved: 'E:\WangZhen_Project\AI\ShuZiRen\Hermes\SZRYanJiu\v3_QuadRemesher_交付\01A眼窝与眼球\screenshots\v39_norm_sideL.png'
  00:04.219  render           | Saved: 'E:\WangZhen_Project\AI\ShuZiRen\Hermes\SZRYanJiu\v3_QuadRemesher_交付\01A眼窝与眼球\screenshots\v39_tex_front.png'
  00:04.641  render           | Saved: 'E:\WangZhen_Project\AI\ShuZiRen\Hermes\SZRYanJiu\v3_QuadRemesher_交付\01A眼窝与眼球\screenshots\v39_tex_sideL.png'
迭代197完成

--- 迭代 198 ---
  01:27.297  render           | Saved: 'E:\WangZhen_Project\AI\ShuZiRen\Hermes\SZRYanJiu\v3_QuadRemesher_交付\01A眼窝与眼球\screenshots\01_1_eye_socket_front.png'
  01:27.422  render           | Saved: 'E:\WangZhen_Project\AI\ShuZiRen\Hermes\SZRYanJiu\v3_QuadRemesher_交付\01A眼窝与眼球\screenshots\01_1_eye_socket_side.png'
  make_eye_cup L: boundary ring M=90 (of 1 rings), ring relaxed x12, jump avg=0.46mm max=0.79mm
  recalc_face_normals: SKIPPED (v38, geometric only)
  geometric orientation: reversed 1920 bowl faces to face -Y, still wrong=0
  UV分配: 10710 loops, avg=(0.0793,0.0632), u=[0.0000,1.0000] v=[0.0000,1.0000]
  make_eye_cup R: boundary ring M=89 (of 1 rings), ring relaxed x12, jump avg=0.47mm max=0.87mm
  recalc_face_normals: SKIPPED (v38, geometric only)
  geometric orientation: reversed 247 bowl faces to face -Y, still wrong=0
  UV分配: 9844 loops, avg=(0.5786,0.1021), u=[0.0000,1.0000] v=[0.0000,1.0000]
  Saved: E:\WangZhen_Project\AI\ShuZiRen\Hermes\SZRYanJiu\v3_QuadRemesher_交付\01A眼窝与眼球\models\01_1_eye_socket.blend
  00:02.985  render           | Saved: 'E:\WangZhen_Project\AI\ShuZiRen\Hermes\SZRYanJiu\v3_QuadRemesher_交付\01A眼窝与眼球\screenshots\v39_norm_front.png'
  00:03.391  render           | Saved: 'E:\WangZhen_Project\AI\ShuZiRen\Hermes\SZRYanJiu\v3_QuadRemesher_交付\01A眼窝与眼球\screenshots\v39_norm_sideL.png'
  00:04.250  render           | Saved: 'E:\WangZhen_Project\AI\ShuZiRen\Hermes\SZRYanJiu\v3_QuadRemesher_交付\01A眼窝与眼球\screenshots\v39_tex_front.png'
  00:04.672  render           | Saved: 'E:\WangZhen_Project\AI\ShuZiRen\Hermes\SZRYanJiu\v3_QuadRemesher_交付\01A眼窝与眼球\screenshots\v39_tex_sideL.png'
迭代198完成

--- 迭代 199 ---
  01:27.218  render           | Saved: 'E:\WangZhen_Project\AI\ShuZiRen\Hermes\SZRYanJiu\v3_QuadRemesher_交付\01A眼窝与眼球\screenshots\01_1_eye_socket_front.png'
  01:27.343  render           | Saved: 'E:\WangZhen_Project\AI\ShuZiRen\Hermes\SZRYanJiu\v3_QuadRemesher_交付\01A眼窝与眼球\screenshots\01_1_eye_socket_side.png'
  make_eye_cup L: boundary ring M=90 (of 1 rings), ring relaxed x12, jump avg=0.46mm max=0.79mm
  recalc_face_normals: SKIPPED (v38, geometric only)
  geometric orientation: reversed 1920 bowl faces to face -Y, still wrong=0
  UV分配: 10710 loops, avg=(0.0793,0.0632), u=[0.0000,1.0000] v=[0.0000,1.0000]
  make_eye_cup R: boundary ring M=89 (of 1 rings), ring relaxed x12, jump avg=0.47mm max=0.87mm
  recalc_face_normals: SKIPPED (v38, geometric only)
  geometric orientation: reversed 247 bowl faces to face -Y, still wrong=0
  UV分配: 9844 loops, avg=(0.5786,0.1021), u=[0.0000,1.0000] v=[0.0000,1.0000]
  Saved: E:\WangZhen_Project\AI\ShuZiRen\Hermes\SZRYanJiu\v3_QuadRemesher_交付\01A眼窝与眼球\models\01_1_eye_socket.blend
  00:03.032  render           | Saved: 'E:\WangZhen_Project\AI\ShuZiRen\Hermes\SZRYanJiu\v3_QuadRemesher_交付\01A眼窝与眼球\screenshots\v39_norm_front.png'
  00:03.438  render           | Saved: 'E:\WangZhen_Project\AI\ShuZiRen\Hermes\SZRYanJiu\v3_QuadRemesher_交付\01A眼窝与眼球\screenshots\v39_norm_sideL.png'
  00:04.282  render           | Saved: 'E:\WangZhen_Project\AI\ShuZiRen\Hermes\SZRYanJiu\v3_QuadRemesher_交付\01A眼窝与眼球\screenshots\v39_tex_front.png'
  00:04.704  render           | Saved: 'E:\WangZhen_Project\AI\ShuZiRen\Hermes\SZRYanJiu\v3_QuadRemesher_交付\01A眼窝与眼球\screenshots\v39_tex_sideL.png'
迭代199完成

--- 迭代 200 ---
  01:27.156  render           | Saved: 'E:\WangZhen_Project\AI\ShuZiRen\Hermes\SZRYanJiu\v3_QuadRemesher_交付\01A眼窝与眼球\screenshots\01_1_eye_socket_front.png'
  01:27.281  render           | Saved: 'E:\WangZhen_Project\AI\ShuZiRen\Hermes\SZRYanJiu\v3_QuadRemesher_交付\01A眼窝与眼球\screenshots\01_1_eye_socket_side.png'
  make_eye_cup L: boundary ring M=90 (of 1 rings), ring relaxed x12, jump avg=0.46mm max=0.79mm
  recalc_face_normals: SKIPPED (v38, geometric only)
  geometric orientation: reversed 1920 bowl faces to face -Y, still wrong=0
  UV分配: 10710 loops, avg=(0.0793,0.0632), u=[0.0000,1.0000] v=[0.0000,1.0000]
  make_eye_cup R: boundary ring M=89 (of 1 rings), ring relaxed x12, jump avg=0.47mm max=0.87mm
  recalc_face_normals: SKIPPED (v38, geometric only)
  geometric orientation: reversed 247 bowl faces to face -Y, still wrong=0
  UV分配: 9844 loops, avg=(0.5786,0.1021), u=[0.0000,1.0000] v=[0.0000,1.0000]
  Saved: E:\WangZhen_Project\AI\ShuZiRen\Hermes\SZRYanJiu\v3_QuadRemesher_交付\01A眼窝与眼球\models\01_1_eye_socket.blend
  00:02.969  render           | Saved: 'E:\WangZhen_Project\AI\ShuZiRen\Hermes\SZRYanJiu\v3_QuadRemesher_交付\01A眼窝与眼球\screenshots\v39_norm_front.png'
  00:03.375  render           | Saved: 'E:\WangZhen_Project\AI\ShuZiRen\Hermes\SZRYanJiu\v3_QuadRemesher_交付\01A眼窝与眼球\screenshots\v39_norm_sideL.png'
  00:04.219  render           | Saved: 'E:\WangZhen_Project\AI\ShuZiRen\Hermes\SZRYanJiu\v3_QuadRemesher_交付\01A眼窝与眼球\screenshots\v39_tex_front.png'
  00:04.641  render           | Saved: 'E:\WangZhen_Project\AI\ShuZiRen\Hermes\SZRYanJiu\v3_QuadRemesher_交付\01A眼窝与眼球\screenshots\v39_tex_sideL.png'
迭代200完成

--- 迭代 201 ---
  01:27.359  render           | Saved: 'E:\WangZhen_Project\AI\ShuZiRen\Hermes\SZRYanJiu\v3_QuadRemesher_交付\01A眼窝与眼球\screenshots\01_1_eye_socket_front.png'
  01:27.500  render           | Saved: 'E:\WangZhen_Project\AI\ShuZiRen\Hermes\SZRYanJiu\v3_QuadRemesher_交付\01A眼窝与眼球\screenshots\01_1_eye_socket_side.png'
  make_eye_cup L: boundary ring M=90 (of 1 rings), ring relaxed x12, jump avg=0.46mm max=0.79mm
  recalc_face_normals: SKIPPED (v38, geometric only)
  geometric orientation: reversed 1920 bowl faces to face -Y, still wrong=0
  UV分配: 10710 loops, avg=(0.0793,0.0632), u=[0.0000,1.0000] v=[0.0000,1.0000]
  make_eye_cup R: boundary ring M=89 (of 1 rings), ring relaxed x12, jump avg=0.47mm max=0.87mm
  recalc_face_normals: SKIPPED (v38, geometric only)
  geometric orientation: reversed 247 bowl faces to face -Y, still wrong=0
  UV分配: 9844 loops, avg=(0.5786,0.1021), u=[0.0000,1.0000] v=[0.0000,1.0000]
  Saved: E:\WangZhen_Project\AI\ShuZiRen\Hermes\SZRYanJiu\v3_QuadRemesher_交付\01A眼窝与眼球\models\01_1_eye_socket.blend
  00:02.984  render           | Saved: 'E:\WangZhen_Project\AI\ShuZiRen\Hermes\SZRYanJiu\v3_QuadRemesher_交付\01A眼窝与眼球\screenshots\v39_norm_front.png'
  00:03.375  render           | Saved: 'E:\WangZhen_Project\AI\ShuZiRen\Hermes\SZRYanJiu\v3_QuadRemesher_交付\01A眼窝与眼球\screenshots\v39_norm_sideL.png'
  00:04.219  render           | Saved: 'E:\WangZhen_Project\AI\ShuZiRen\Hermes\SZRYanJiu\v3_QuadRemesher_交付\01A眼窝与眼球\screenshots\v39_tex_front.png'
  00:04.641  render           | Saved: 'E:\WangZhen_Project\AI\ShuZiRen\Hermes\SZRYanJiu\v3_QuadRemesher_交付\01A眼窝与眼球\screenshots\v39_tex_sideL.png'
迭代201完成

--- 迭代 202 ---
  01:27.594  render           | Saved: 'E:\WangZhen_Project\AI\ShuZiRen\Hermes\SZRYanJiu\v3_QuadRemesher_交付\01A眼窝与眼球\screenshots\01_1_eye_socket_front.png'
  01:27.719  render           | Saved: 'E:\WangZhen_Project\AI\ShuZiRen\Hermes\SZRYanJiu\v3_QuadRemesher_交付\01A眼窝与眼球\screenshots\01_1_eye_socket_side.png'
  make_eye_cup L: boundary ring M=90 (of 1 rings), ring relaxed x12, jump avg=0.46mm max=0.79mm
  recalc_face_normals: SKIPPED (v38, geometric only)
  geometric orientation: reversed 1920 bowl faces to face -Y, still wrong=0
  UV分配: 10710 loops, avg=(0.0793,0.0632), u=[0.0000,1.0000] v=[0.0000,1.0000]
  make_eye_cup R: boundary ring M=89 (of 1 rings), ring relaxed x12, jump avg=0.47mm max=0.87mm
  recalc_face_normals: SKIPPED (v38, geometric only)
  geometric orientation: reversed 247 bowl faces to face -Y, still wrong=0
  UV分配: 9844 loops, avg=(0.5786,0.1021), u=[0.0000,1.0000] v=[0.0000,1.0000]
  Saved: E:\WangZhen_Project\AI\ShuZiRen\Hermes\SZRYanJiu\v3_QuadRemesher_交付\01A眼窝与眼球\models\01_1_eye_socket.blend
  00:02.968  render           | Saved: 'E:\WangZhen_Project\AI\ShuZiRen\Hermes\SZRYanJiu\v3_QuadRemesher_交付\01A眼窝与眼球\screenshots\v39_norm_front.png'
  00:03.375  render           | Saved: 'E:\WangZhen_Project\AI\ShuZiRen\Hermes\SZRYanJiu\v3_QuadRemesher_交付\01A眼窝与眼球\screenshots\v39_norm_sideL.png'
  00:04.218  render           | Saved: 'E:\WangZhen_Project\AI\ShuZiRen\Hermes\SZRYanJiu\v3_QuadRemesher_交付\01A眼窝与眼球\screenshots\v39_tex_front.png'
  00:04.640  render           | Saved: 'E:\WangZhen_Project\AI\ShuZiRen\Hermes\SZRYanJiu\v3_QuadRemesher_交付\01A眼窝与眼球\screenshots\v39_tex_sideL.png'
迭代202完成

--- 迭代 203 ---
  01:27.063  render           | Saved: 'E:\WangZhen_Project\AI\ShuZiRen\Hermes\SZRYanJiu\v3_QuadRemesher_交付\01A眼窝与眼球\screenshots\01_1_eye_socket_front.png'
  01:27.203  render           | Saved: 'E:\WangZhen_Project\AI\ShuZiRen\Hermes\SZRYanJiu\v3_QuadRemesher_交付\01A眼窝与眼球\screenshots\01_1_eye_socket_side.png'
  make_eye_cup L: boundary ring M=90 (of 1 rings), ring relaxed x12, jump avg=0.46mm max=0.79mm
  recalc_face_normals: SKIPPED (v38, geometric only)
  geometric orientation: reversed 1920 bowl faces to face -Y, still wrong=0
  UV分配: 10710 loops, avg=(0.0793,0.0632), u=[0.0000,1.0000] v=[0.0000,1.0000]
  make_eye_cup R: boundary ring M=89 (of 1 rings), ring relaxed x12, jump avg=0.47mm max=0.87mm
  recalc_face_normals: SKIPPED (v38, geometric only)
  geometric orientation: reversed 247 bowl faces to face -Y, still wrong=0
  UV分配: 9844 loops, avg=(0.5786,0.1021), u=[0.0000,1.0000] v=[0.0000,1.0000]
  Saved: E:\WangZhen_Project\AI\ShuZiRen\Hermes\SZRYanJiu\v3_QuadRemesher_交付\01A眼窝与眼球\models\01_1_eye_socket.blend
  00:02.969  render           | Saved: 'E:\WangZhen_Project\AI\ShuZiRen\Hermes\SZRYanJiu\v3_QuadRemesher_交付\01A眼窝与眼球\screenshots\v39_norm_front.png'
  00:03.375  render           | Saved: 'E:\WangZhen_Project\AI\ShuZiRen\Hermes\SZRYanJiu\v3_QuadRemesher_交付\01A眼窝与眼球\screenshots\v39_norm_sideL.png'
  00:04.219  render           | Saved: 'E:\WangZhen_Project\AI\ShuZiRen\Hermes\SZRYanJiu\v3_QuadRemesher_交付\01A眼窝与眼球\screenshots\v39_tex_front.png'
  00:04.641  render           | Saved: 'E:\WangZhen_Project\AI\ShuZiRen\Hermes\SZRYanJiu\v3_QuadRemesher_交付\01A眼窝与眼球\screenshots\v39_tex_sideL.png'
迭代203完成

--- 迭代 204 ---
  01:27.531  render           | Saved: 'E:\WangZhen_Project\AI\ShuZiRen\Hermes\SZRYanJiu\v3_QuadRemesher_交付\01A眼窝与眼球\screenshots\01_1_eye_socket_front.png'
  01:27.672  render           | Saved: 'E:\WangZhen_Project\AI\ShuZiRen\Hermes\SZRYanJiu\v3_QuadRemesher_交付\01A眼窝与眼球\screenshots\01_1_eye_socket_side.png'
  make_eye_cup L: boundary ring M=90 (of 1 rings), ring relaxed x12, jump avg=0.46mm max=0.79mm
  recalc_face_normals: SKIPPED (v38, geometric only)
  geometric orientation: reversed 1920 bowl faces to face -Y, still wrong=0
  UV分配: 10710 loops, avg=(0.0793,0.0632), u=[0.0000,1.0000] v=[0.0000,1.0000]
  make_eye_cup R: boundary ring M=89 (of 1 rings), ring relaxed x12, jump avg=0.47mm max=0.87mm
  recalc_face_normals: SKIPPED (v38, geometric only)
  geometric orientation: reversed 247 bowl faces to face -Y, still wrong=0
  UV分配: 9844 loops, avg=(0.5786,0.1021), u=[0.0000,1.0000] v=[0.0000,1.0000]
  Saved: E:\WangZhen_Project\AI\ShuZiRen\Hermes\SZRYanJiu\v3_QuadRemesher_交付\01A眼窝与眼球\models\01_1_eye_socket.blend
  00:03.000  render           | Saved: 'E:\WangZhen_Project\AI\ShuZiRen\Hermes\SZRYanJiu\v3_QuadRemesher_交付\01A眼窝与眼球\screenshots\v39_norm_front.png'
  00:03.390  render           | Saved: 'E:\WangZhen_Project\AI\ShuZiRen\Hermes\SZRYanJiu\v3_QuadRemesher_交付\01A眼窝与眼球\screenshots\v39_norm_sideL.png'
  00:04.234  render           | Saved: 'E:\WangZhen_Project\AI\ShuZiRen\Hermes\SZRYanJiu\v3_QuadRemesher_交付\01A眼窝与眼球\screenshots\v39_tex_front.png'
  00:04.640  render           | Saved: 'E:\WangZhen_Project\AI\ShuZiRen\Hermes\SZRYanJiu\v3_QuadRemesher_交付\01A眼窝与眼球\screenshots\v39_tex_sideL.png'
迭代204完成

--- 迭代 205 ---
  01:28.203  render           | Saved: 'E:\WangZhen_Project\AI\ShuZiRen\Hermes\SZRYanJiu\v3_QuadRemesher_交付\01A眼窝与眼球\screenshots\01_1_eye_socket_front.png'
  01:28.328  render           | Saved: 'E:\WangZhen_Project\AI\ShuZiRen\Hermes\SZRYanJiu\v3_QuadRemesher_交付\01A眼窝与眼球\screenshots\01_1_eye_socket_side.png'
  make_eye_cup L: boundary ring M=90 (of 1 rings), ring relaxed x12, jump avg=0.46mm max=0.79mm
  recalc_face_normals: SKIPPED (v38, geometric only)
  geometric orientation: reversed 1920 bowl faces to face -Y, still wrong=0
  UV分配: 10710 loops, avg=(0.0793,0.0632), u=[0.0000,1.0000] v=[0.0000,1.0000]
  make_eye_cup R: boundary ring M=89 (of 1 rings), ring relaxed x12, jump avg=0.47mm max=0.87mm
  recalc_face_normals: SKIPPED (v38, geometric only)
  geometric orientation: reversed 247 bowl faces to face -Y, still wrong=0
  UV分配: 9844 loops, avg=(0.5786,0.1021), u=[0.0000,1.0000] v=[0.0000,1.0000]
  Saved: E:\WangZhen_Project\AI\ShuZiRen\Hermes\SZRYanJiu\v3_QuadRemesher_交付\01A眼窝与眼球\models\01_1_eye_socket.blend
  00:02.984  render           | Saved: 'E:\WangZhen_Project\AI\ShuZiRen\Hermes\SZRYanJiu\v3_QuadRemesher_交付\01A眼窝与眼球\screenshots\v39_norm_front.png'
  00:03.375  render           | Saved: 'E:\WangZhen_Project\AI\ShuZiRen\Hermes\SZRYanJiu\v3_QuadRemesher_交付\01A眼窝与眼球\screenshots\v39_norm_sideL.png'
  00:04.219  render           | Saved: 'E:\WangZhen_Project\AI\ShuZiRen\Hermes\SZRYanJiu\v3_QuadRemesher_交付\01A眼窝与眼球\screenshots\v39_tex_front.png'
  00:04.656  render           | Saved: 'E:\WangZhen_Project\AI\ShuZiRen\Hermes\SZRYanJiu\v3_QuadRemesher_交付\01A眼窝与眼球\screenshots\v39_tex_sideL.png'
迭代205完成

--- 迭代 206 ---
  01:27.296  render           | Saved: 'E:\WangZhen_Project\AI\ShuZiRen\Hermes\SZRYanJiu\v3_QuadRemesher_交付\01A眼窝与眼球\screenshots\01_1_eye_socket_front.png'
  01:27.437  render           | Saved: 'E:\WangZhen_Project\AI\ShuZiRen\Hermes\SZRYanJiu\v3_QuadRemesher_交付\01A眼窝与眼球\screenshots\01_1_eye_socket_side.png'
  make_eye_cup L: boundary ring M=90 (of 1 rings), ring relaxed x12, jump avg=0.46mm max=0.79mm
  recalc_face_normals: SKIPPED (v38, geometric only)
  geometric orientation: reversed 1920 bowl faces to face -Y, still wrong=0
  UV分配: 10710 loops, avg=(0.0793,0.0632), u=[0.0000,1.0000] v=[0.0000,1.0000]
  make_eye_cup R: boundary ring M=89 (of 1 rings), ring relaxed x12, jump avg=0.47mm max=0.87mm
  recalc_face_normals: SKIPPED (v38, geometric only)
  geometric orientation: reversed 247 bowl faces to face -Y, still wrong=0
  UV分配: 9844 loops, avg=(0.5786,0.1021), u=[0.0000,1.0000] v=[0.0000,1.0000]
  Saved: E:\WangZhen_Project\AI\ShuZiRen\Hermes\SZRYanJiu\v3_QuadRemesher_交付\01A眼窝与眼球\models\01_1_eye_socket.blend
  00:03.016  render           | Saved: 'E:\WangZhen_Project\AI\ShuZiRen\Hermes\SZRYanJiu\v3_QuadRemesher_交付\01A眼窝与眼球\screenshots\v39_norm_front.png'
  00:03.406  render           | Saved: 'E:\WangZhen_Project\AI\ShuZiRen\Hermes\SZRYanJiu\v3_QuadRemesher_交付\01A眼窝与眼球\screenshots\v39_norm_sideL.png'
  00:04.266  render           | Saved: 'E:\WangZhen_Project\AI\ShuZiRen\Hermes\SZRYanJiu\v3_QuadRemesher_交付\01A眼窝与眼球\screenshots\v39_tex_front.png'
  00:04.688  render           | Saved: 'E:\WangZhen_Project\AI\ShuZiRen\Hermes\SZRYanJiu\v3_QuadRemesher_交付\01A眼窝与眼球\screenshots\v39_tex_sideL.png'
迭代206完成

--- 迭代 207 ---
  01:27.250  render           | Saved: 'E:\WangZhen_Project\AI\ShuZiRen\Hermes\SZRYanJiu\v3_QuadRemesher_交付\01A眼窝与眼球\screenshots\01_1_eye_socket_front.png'
  01:27.375  render           | Saved: 'E:\WangZhen_Project\AI\ShuZiRen\Hermes\SZRYanJiu\v3_QuadRemesher_交付\01A眼窝与眼球\screenshots\01_1_eye_socket_side.png'
  make_eye_cup L: boundary ring M=90 (of 1 rings), ring relaxed x12, jump avg=0.46mm max=0.79mm
  recalc_face_normals: SKIPPED (v38, geometric only)
  geometric orientation: reversed 1920 bowl faces to face -Y, still wrong=0
  UV分配: 10710 loops, avg=(0.0793,0.0632), u=[0.0000,1.0000] v=[0.0000,1.0000]
  make_eye_cup R: boundary ring M=89 (of 1 rings), ring relaxed x12, jump avg=0.47mm max=0.87mm
  recalc_face_normals: SKIPPED (v38, geometric only)
  geometric orientation: reversed 247 bowl faces to face -Y, still wrong=0
  UV分配: 9844 loops, avg=(0.5786,0.1021), u=[0.0000,1.0000] v=[0.0000,1.0000]
  Saved: E:\WangZhen_Project\AI\ShuZiRen\Hermes\SZRYanJiu\v3_QuadRemesher_交付\01A眼窝与眼球\models\01_1_eye_socket.blend
  00:03.000  render           | Saved: 'E:\WangZhen_Project\AI\ShuZiRen\Hermes\SZRYanJiu\v3_QuadRemesher_交付\01A眼窝与眼球\screenshots\v39_norm_front.png'
  00:03.391  render           | Saved: 'E:\WangZhen_Project\AI\ShuZiRen\Hermes\SZRYanJiu\v3_QuadRemesher_交付\01A眼窝与眼球\screenshots\v39_norm_sideL.png'
  00:04.250  render           | Saved: 'E:\WangZhen_Project\AI\ShuZiRen\Hermes\SZRYanJiu\v3_QuadRemesher_交付\01A眼窝与眼球\screenshots\v39_tex_front.png'
  00:04.672  render           | Saved: 'E:\WangZhen_Project\AI\ShuZiRen\Hermes\SZRYanJiu\v3_QuadRemesher_交付\01A眼窝与眼球\screenshots\v39_tex_sideL.png'
迭代207完成

--- 迭代 208 ---
  01:26.938  render           | Saved: 'E:\WangZhen_Project\AI\ShuZiRen\Hermes\SZRYanJiu\v3_QuadRemesher_交付\01A眼窝与眼球\screenshots\01_1_eye_socket_front.png'
  01:27.063  render           | Saved: 'E:\WangZhen_Project\AI\ShuZiRen\Hermes\SZRYanJiu\v3_QuadRemesher_交付\01A眼窝与眼球\screenshots\01_1_eye_socket_side.png'
  make_eye_cup L: boundary ring M=90 (of 1 rings), ring relaxed x12, jump avg=0.46mm max=0.79mm
  recalc_face_normals: SKIPPED (v38, geometric only)
  geometric orientation: reversed 1920 bowl faces to face -Y, still wrong=0
  UV分配: 10710 loops, avg=(0.0793,0.0632), u=[0.0000,1.0000] v=[0.0000,1.0000]
  make_eye_cup R: boundary ring M=89 (of 1 rings), ring relaxed x12, jump avg=0.47mm max=0.87mm
  recalc_face_normals: SKIPPED (v38, geometric only)
  geometric orientation: reversed 247 bowl faces to face -Y, still wrong=0
  UV分配: 9844 loops, avg=(0.5786,0.1021), u=[0.0000,1.0000] v=[0.0000,1.0000]
  Saved: E:\WangZhen_Project\AI\ShuZiRen\Hermes\SZRYanJiu\v3_QuadRemesher_交付\01A眼窝与眼球\models\01_1_eye_socket.blend
  00:03.000  render           | Saved: 'E:\WangZhen_Project\AI\ShuZiRen\Hermes\SZRYanJiu\v3_QuadRemesher_交付\01A眼窝与眼球\screenshots\v39_norm_front.png'
  00:03.390  render           | Saved: 'E:\WangZhen_Project\AI\ShuZiRen\Hermes\SZRYanJiu\v3_QuadRemesher_交付\01A眼窝与眼球\screenshots\v39_norm_sideL.png'
  00:04.234  render           | Saved: 'E:\WangZhen_Project\AI\ShuZiRen\Hermes\SZRYanJiu\v3_QuadRemesher_交付\01A眼窝与眼球\screenshots\v39_tex_front.png'
  00:04.656  render           | Saved: 'E:\WangZhen_Project\AI\ShuZiRen\Hermes\SZRYanJiu\v3_QuadRemesher_交付\01A眼窝与眼球\screenshots\v39_tex_sideL.png'
迭代208完成

--- 迭代 209 ---
  01:27.984  render           | Saved: 'E:\WangZhen_Project\AI\ShuZiRen\Hermes\SZRYanJiu\v3_QuadRemesher_交付\01A眼窝与眼球\screenshots\01_1_eye_socket_front.png'
  01:28.109  render           | Saved: 'E:\WangZhen_Project\AI\ShuZiRen\Hermes\SZRYanJiu\v3_QuadRemesher_交付\01A眼窝与眼球\screenshots\01_1_eye_socket_side.png'
  make_eye_cup L: boundary ring M=90 (of 1 rings), ring relaxed x12, jump avg=0.46mm max=0.79mm
  recalc_face_normals: SKIPPED (v38, geometric only)
  geometric orientation: reversed 1920 bowl faces to face -Y, still wrong=0
  UV分配: 10710 loops, avg=(0.0793,0.0632), u=[0.0000,1.0000] v=[0.0000,1.0000]
  make_eye_cup R: boundary ring M=89 (of 1 rings), ring relaxed x12, jump avg=0.47mm max=0.87mm
  recalc_face_normals: SKIPPED (v38, geometric only)
  geometric orientation: reversed 247 bowl faces to face -Y, still wrong=0
  UV分配: 9844 loops, avg=(0.5786,0.1021), u=[0.0000,1.0000] v=[0.0000,1.0000]
  Saved: E:\WangZhen_Project\AI\ShuZiRen\Hermes\SZRYanJiu\v3_QuadRemesher_交付\01A眼窝与眼球\models\01_1_eye_socket.blend
  00:03.063  render           | Saved: 'E:\WangZhen_Project\AI\ShuZiRen\Hermes\SZRYanJiu\v3_QuadRemesher_交付\01A眼窝与眼球\screenshots\v39_norm_front.png'
  00:03.469  render           | Saved: 'E:\WangZhen_Project\AI\ShuZiRen\Hermes\SZRYanJiu\v3_QuadRemesher_交付\01A眼窝与眼球\screenshots\v39_norm_sideL.png'
  00:04.313  render           | Saved: 'E:\WangZhen_Project\AI\ShuZiRen\Hermes\SZRYanJiu\v3_QuadRemesher_交付\01A眼窝与眼球\screenshots\v39_tex_front.png'
  00:04.734  render           | Saved: 'E:\WangZhen_Project\AI\ShuZiRen\Hermes\SZRYanJiu\v3_QuadRemesher_交付\01A眼窝与眼球\screenshots\v39_tex_sideL.png'
迭代209完成

--- 迭代 210 ---
  01:27.328  render           | Saved: 'E:\WangZhen_Project\AI\ShuZiRen\Hermes\SZRYanJiu\v3_QuadRemesher_交付\01A眼窝与眼球\screenshots\01_1_eye_socket_front.png'
  01:27.469  render           | Saved: 'E:\WangZhen_Project\AI\ShuZiRen\Hermes\SZRYanJiu\v3_QuadRemesher_交付\01A眼窝与眼球\screenshots\01_1_eye_socket_side.png'
  make_eye_cup L: boundary ring M=90 (of 1 rings), ring relaxed x12, jump avg=0.46mm max=0.79mm
  recalc_face_normals: SKIPPED (v38, geometric only)
  geometric orientation: reversed 1920 bowl faces to face -Y, still wrong=0
  UV分配: 10710 loops, avg=(0.0793,0.0632), u=[0.0000,1.0000] v=[0.0000,1.0000]
  make_eye_cup R: boundary ring M=89 (of 1 rings), ring relaxed x12, jump avg=0.47mm max=0.87mm
  recalc_face_normals: SKIPPED (v38, geometric only)
  geometric orientation: reversed 247 bowl faces to face -Y, still wrong=0
  UV分配: 9844 loops, avg=(0.5786,0.1021), u=[0.0000,1.0000] v=[0.0000,1.0000]
  Saved: E:\WangZhen_Project\AI\ShuZiRen\Hermes\SZRYanJiu\v3_QuadRemesher_交付\01A眼窝与眼球\models\01_1_eye_socket.blend
  00:02.953  render           | Saved: 'E:\WangZhen_Project\AI\ShuZiRen\Hermes\SZRYanJiu\v3_QuadRemesher_交付\01A眼窝与眼球\screenshots\v39_norm_front.png'
  00:03.344  render           | Saved: 'E:\WangZhen_Project\AI\ShuZiRen\Hermes\SZRYanJiu\v3_QuadRemesher_交付\01A眼窝与眼球\screenshots\v39_norm_sideL.png'
  00:04.188  render           | Saved: 'E:\WangZhen_Project\AI\ShuZiRen\Hermes\SZRYanJiu\v3_QuadRemesher_交付\01A眼窝与眼球\screenshots\v39_tex_front.png'
  00:04.609  render           | Saved: 'E:\WangZhen_Project\AI\ShuZiRen\Hermes\SZRYanJiu\v3_QuadRemesher_交付\01A眼窝与眼球\screenshots\v39_tex_sideL.png'
迭代210完成

--- 迭代 211 ---
  01:27.110  render           | Saved: 'E:\WangZhen_Project\AI\ShuZiRen\Hermes\SZRYanJiu\v3_QuadRemesher_交付\01A眼窝与眼球\screenshots\01_1_eye_socket_front.png'
  01:27.235  render           | Saved: 'E:\WangZhen_Project\AI\ShuZiRen\Hermes\SZRYanJiu\v3_QuadRemesher_交付\01A眼窝与眼球\screenshots\01_1_eye_socket_side.png'
  make_eye_cup L: boundary ring M=90 (of 1 rings), ring relaxed x12, jump avg=0.46mm max=0.79mm
  recalc_face_normals: SKIPPED (v38, geometric only)
  geometric orientation: reversed 1920 bowl faces to face -Y, still wrong=0
  UV分配: 10710 loops, avg=(0.0793,0.0632), u=[0.0000,1.0000] v=[0.0000,1.0000]
  make_eye_cup R: boundary ring M=89 (of 1 rings), ring relaxed x12, jump avg=0.47mm max=0.87mm
  recalc_face_normals: SKIPPED (v38, geometric only)
  geometric orientation: reversed 247 bowl faces to face -Y, still wrong=0
  UV分配: 9844 loops, avg=(0.5786,0.1021), u=[0.0000,1.0000] v=[0.0000,1.0000]
  Saved: E:\WangZhen_Project\AI\ShuZiRen\Hermes\SZRYanJiu\v3_QuadRemesher_交付\01A眼窝与眼球\models\01_1_eye_socket.blend
  00:02.984  render           | Saved: 'E:\WangZhen_Project\AI\ShuZiRen\Hermes\SZRYanJiu\v3_QuadRemesher_交付\01A眼窝与眼球\screenshots\v39_norm_front.png'
  00:03.375  render           | Saved: 'E:\WangZhen_Project\AI\ShuZiRen\Hermes\SZRYanJiu\v3_QuadRemesher_交付\01A眼窝与眼球\screenshots\v39_norm_sideL.png'
  00:04.218  render           | Saved: 'E:\WangZhen_Project\AI\ShuZiRen\Hermes\SZRYanJiu\v3_QuadRemesher_交付\01A眼窝与眼球\screenshots\v39_tex_front.png'
  00:04.656  render           | Saved: 'E:\WangZhen_Project\AI\ShuZiRen\Hermes\SZRYanJiu\v3_QuadRemesher_交付\01A眼窝与眼球\screenshots\v39_tex_sideL.png'
迭代211完成

--- 迭代 212 ---
  01:27.235  render           | Saved: 'E:\WangZhen_Project\AI\ShuZiRen\Hermes\SZRYanJiu\v3_QuadRemesher_交付\01A眼窝与眼球\screenshots\01_1_eye_socket_front.png'
  01:27.375  render           | Saved: 'E:\WangZhen_Project\AI\ShuZiRen\Hermes\SZRYanJiu\v3_QuadRemesher_交付\01A眼窝与眼球\screenshots\01_1_eye_socket_side.png'
  make_eye_cup L: boundary ring M=90 (of 1 rings), ring relaxed x12, jump avg=0.46mm max=0.79mm
  recalc_face_normals: SKIPPED (v38, geometric only)
  geometric orientation: reversed 1920 bowl faces to face -Y, still wrong=0
  UV分配: 10710 loops, avg=(0.0793,0.0632), u=[0.0000,1.0000] v=[0.0000,1.0000]
  make_eye_cup R: boundary ring M=89 (of 1 rings), ring relaxed x12, jump avg=0.47mm max=0.87mm
  recalc_face_normals: SKIPPED (v38, geometric only)
  geometric orientation: reversed 247 bowl faces to face -Y, still wrong=0
  UV分配: 9844 loops, avg=(0.5786,0.1021), u=[0.0000,1.0000] v=[0.0000,1.0000]
  Saved: E:\WangZhen_Project\AI\ShuZiRen\Hermes\SZRYanJiu\v3_QuadRemesher_交付\01A眼窝与眼球\models\01_1_eye_socket.blend
  00:02.969  render           | Saved: 'E:\WangZhen_Project\AI\ShuZiRen\Hermes\SZRYanJiu\v3_QuadRemesher_交付\01A眼窝与眼球\screenshots\v39_norm_front.png'
  00:03.344  render           | Saved: 'E:\WangZhen_Project\AI\ShuZiRen\Hermes\SZRYanJiu\v3_QuadRemesher_交付\01A眼窝与眼球\screenshots\v39_norm_sideL.png'
  00:04.203  render           | Saved: 'E:\WangZhen_Project\AI\ShuZiRen\Hermes\SZRYanJiu\v3_QuadRemesher_交付\01A眼窝与眼球\screenshots\v39_tex_front.png'
  00:04.625  render           | Saved: 'E:\WangZhen_Project\AI\ShuZiRen\Hermes\SZRYanJiu\v3_QuadRemesher_交付\01A眼窝与眼球\screenshots\v39_tex_sideL.png'
迭代212完成

--- 迭代 213 ---
  01:26.906  render           | Saved: 'E:\WangZhen_Project\AI\ShuZiRen\Hermes\SZRYanJiu\v3_QuadRemesher_交付\01A眼窝与眼球\screenshots\01_1_eye_socket_front.png'
  01:27.062  render           | Saved: 'E:\WangZhen_Project\AI\ShuZiRen\Hermes\SZRYanJiu\v3_QuadRemesher_交付\01A眼窝与眼球\screenshots\01_1_eye_socket_side.png'
  make_eye_cup L: boundary ring M=90 (of 1 rings), ring relaxed x12, jump avg=0.46mm max=0.79mm
  recalc_face_normals: SKIPPED (v38, geometric only)
  geometric orientation: reversed 1920 bowl faces to face -Y, still wrong=0
  UV分配: 10710 loops, avg=(0.0793,0.0632), u=[0.0000,1.0000] v=[0.0000,1.0000]
  make_eye_cup R: boundary ring M=89 (of 1 rings), ring relaxed x12, jump avg=0.47mm max=0.87mm
  recalc_face_normals: SKIPPED (v38, geometric only)
  geometric orientation: reversed 247 bowl faces to face -Y, still wrong=0
  UV分配: 9844 loops, avg=(0.5786,0.1021), u=[0.0000,1.0000] v=[0.0000,1.0000]
  Saved: E:\WangZhen_Project\AI\ShuZiRen\Hermes\SZRYanJiu\v3_QuadRemesher_交付\01A眼窝与眼球\models\01_1_eye_socket.blend
  00:02.984  render           | Saved: 'E:\WangZhen_Project\AI\ShuZiRen\Hermes\SZRYanJiu\v3_QuadRemesher_交付\01A眼窝与眼球\screenshots\v39_norm_front.png'
  00:03.391  render           | Saved: 'E:\WangZhen_Project\AI\ShuZiRen\Hermes\SZRYanJiu\v3_QuadRemesher_交付\01A眼窝与眼球\screenshots\v39_norm_sideL.png'
  00:04.234  render           | Saved: 'E:\WangZhen_Project\AI\ShuZiRen\Hermes\SZRYanJiu\v3_QuadRemesher_交付\01A眼窝与眼球\screenshots\v39_tex_front.png'
  00:04.672  render           | Saved: 'E:\WangZhen_Project\AI\ShuZiRen\Hermes\SZRYanJiu\v3_QuadRemesher_交付\01A眼窝与眼球\screenshots\v39_tex_sideL.png'
迭代213完成

--- 迭代 214 ---
  01:27.078  render           | Saved: 'E:\WangZhen_Project\AI\ShuZiRen\Hermes\SZRYanJiu\v3_QuadRemesher_交付\01A眼窝与眼球\screenshots\01_1_eye_socket_front.png'
  01:27.203  render           | Saved: 'E:\WangZhen_Project\AI\ShuZiRen\Hermes\SZRYanJiu\v3_QuadRemesher_交付\01A眼窝与眼球\screenshots\01_1_eye_socket_side.png'
  make_eye_cup L: boundary ring M=90 (of 1 rings), ring relaxed x12, jump avg=0.46mm max=0.79mm
  recalc_face_normals: SKIPPED (v38, geometric only)
  geometric orientation: reversed 1920 bowl faces to face -Y, still wrong=0
  UV分配: 10710 loops, avg=(0.0793,0.0632), u=[0.0000,1.0000] v=[0.0000,1.0000]
  make_eye_cup R: boundary ring M=89 (of 1 rings), ring relaxed x12, jump avg=0.47mm max=0.87mm
  recalc_face_normals: SKIPPED (v38, geometric only)
  geometric orientation: reversed 247 bowl faces to face -Y, still wrong=0
  UV分配: 9844 loops, avg=(0.5786,0.1021), u=[0.0000,1.0000] v=[0.0000,1.0000]
  Saved: E:\WangZhen_Project\AI\ShuZiRen\Hermes\SZRYanJiu\v3_QuadRemesher_交付\01A眼窝与眼球\models\01_1_eye_socket.blend
  00:02.985  render           | Saved: 'E:\WangZhen_Project\AI\ShuZiRen\Hermes\SZRYanJiu\v3_QuadRemesher_交付\01A眼窝与眼球\screenshots\v39_norm_front.png'
  00:03.391  render           | Saved: 'E:\WangZhen_Project\AI\ShuZiRen\Hermes\SZRYanJiu\v3_QuadRemesher_交付\01A眼窝与眼球\screenshots\v39_norm_sideL.png'
  00:04.235  render           | Saved: 'E:\WangZhen_Project\AI\ShuZiRen\Hermes\SZRYanJiu\v3_QuadRemesher_交付\01A眼窝与眼球\screenshots\v39_tex_front.png'
  00:04.657  render           | Saved: 'E:\WangZhen_Project\AI\ShuZiRen\Hermes\SZRYanJiu\v3_QuadRemesher_交付\01A眼窝与眼球\screenshots\v39_tex_sideL.png'
迭代214完成

--- 迭代 215 ---
  01:27.203  render           | Saved: 'E:\WangZhen_Project\AI\ShuZiRen\Hermes\SZRYanJiu\v3_QuadRemesher_交付\01A眼窝与眼球\screenshots\01_1_eye_socket_front.png'
  01:27.328  render           | Saved: 'E:\WangZhen_Project\AI\ShuZiRen\Hermes\SZRYanJiu\v3_QuadRemesher_交付\01A眼窝与眼球\screenshots\01_1_eye_socket_side.png'
  make_eye_cup L: boundary ring M=90 (of 1 rings), ring relaxed x12, jump avg=0.46mm max=0.79mm
  recalc_face_normals: SKIPPED (v38, geometric only)
  geometric orientation: reversed 1920 bowl faces to face -Y, still wrong=0
  UV分配: 10710 loops, avg=(0.0793,0.0632), u=[0.0000,1.0000] v=[0.0000,1.0000]
  make_eye_cup R: boundary ring M=89 (of 1 rings), ring relaxed x12, jump avg=0.47mm max=0.87mm
  recalc_face_normals: SKIPPED (v38, geometric only)
  geometric orientation: reversed 247 bowl faces to face -Y, still wrong=0
  UV分配: 9844 loops, avg=(0.5786,0.1021), u=[0.0000,1.0000] v=[0.0000,1.0000]
  Saved: E:\WangZhen_Project\AI\ShuZiRen\Hermes\SZRYanJiu\v3_QuadRemesher_交付\01A眼窝与眼球\models\01_1_eye_socket.blend
  00:03.016  render           | Saved: 'E:\WangZhen_Project\AI\ShuZiRen\Hermes\SZRYanJiu\v3_QuadRemesher_交付\01A眼窝与眼球\screenshots\v39_norm_front.png'
  00:03.407  render           | Saved: 'E:\WangZhen_Project\AI\ShuZiRen\Hermes\SZRYanJiu\v3_QuadRemesher_交付\01A眼窝与眼球\screenshots\v39_norm_sideL.png'
  00:04.266  render           | Saved: 'E:\WangZhen_Project\AI\ShuZiRen\Hermes\SZRYanJiu\v3_QuadRemesher_交付\01A眼窝与眼球\screenshots\v39_tex_front.png'
  00:04.672  render           | Saved: 'E:\WangZhen_Project\AI\ShuZiRen\Hermes\SZRYanJiu\v3_QuadRemesher_交付\01A眼窝与眼球\screenshots\v39_tex_sideL.png'
迭代215完成

--- 迭代 216 ---
  01:27.391  render           | Saved: 'E:\WangZhen_Project\AI\ShuZiRen\Hermes\SZRYanJiu\v3_QuadRemesher_交付\01A眼窝与眼球\screenshots\01_1_eye_socket_front.png'
  01:27.532  render           | Saved: 'E:\WangZhen_Project\AI\ShuZiRen\Hermes\SZRYanJiu\v3_QuadRemesher_交付\01A眼窝与眼球\screenshots\01_1_eye_socket_side.png'
  make_eye_cup L: boundary ring M=90 (of 1 rings), ring relaxed x12, jump avg=0.46mm max=0.79mm
  recalc_face_normals: SKIPPED (v38, geometric only)
  geometric orientation: reversed 1920 bowl faces to face -Y, still wrong=0
  UV分配: 10710 loops, avg=(0.0793,0.0632), u=[0.0000,1.0000] v=[0.0000,1.0000]
  make_eye_cup R: boundary ring M=89 (of 1 rings), ring relaxed x12, jump avg=0.47mm max=0.87mm
  recalc_face_normals: SKIPPED (v38, geometric only)
  geometric orientation: reversed 247 bowl faces to face -Y, still wrong=0
  UV分配: 9844 loops, avg=(0.5786,0.1021), u=[0.0000,1.0000] v=[0.0000,1.0000]
  Saved: E:\WangZhen_Project\AI\ShuZiRen\Hermes\SZRYanJiu\v3_QuadRemesher_交付\01A眼窝与眼球\models\01_1_eye_socket.blend
  00:02.984  render           | Saved: 'E:\WangZhen_Project\AI\ShuZiRen\Hermes\SZRYanJiu\v3_QuadRemesher_交付\01A眼窝与眼球\screenshots\v39_norm_front.png'
  00:03.375  render           | Saved: 'E:\WangZhen_Project\AI\ShuZiRen\Hermes\SZRYanJiu\v3_QuadRemesher_交付\01A眼窝与眼球\screenshots\v39_norm_sideL.png'
  00:04.250  render           | Saved: 'E:\WangZhen_Project\AI\ShuZiRen\Hermes\SZRYanJiu\v3_QuadRemesher_交付\01A眼窝与眼球\screenshots\v39_tex_front.png'
  00:04.672  render           | Saved: 'E:\WangZhen_Project\AI\ShuZiRen\Hermes\SZRYanJiu\v3_QuadRemesher_交付\01A眼窝与眼球\screenshots\v39_tex_sideL.png'
迭代216完成

--- 迭代 217 ---
  01:27.344  render           | Saved: 'E:\WangZhen_Project\AI\ShuZiRen\Hermes\SZRYanJiu\v3_QuadRemesher_交付\01A眼窝与眼球\screenshots\01_1_eye_socket_front.png'
  01:27.469  render           | Saved: 'E:\WangZhen_Project\AI\ShuZiRen\Hermes\SZRYanJiu\v3_QuadRemesher_交付\01A眼窝与眼球\screenshots\01_1_eye_socket_side.png'
  make_eye_cup L: boundary ring M=90 (of 1 rings), ring relaxed x12, jump avg=0.46mm max=0.79mm
  recalc_face_normals: SKIPPED (v38, geometric only)
  geometric orientation: reversed 1920 bowl faces to face -Y, still wrong=0
  UV分配: 10710 loops, avg=(0.0793,0.0632), u=[0.0000,1.0000] v=[0.0000,1.0000]
  make_eye_cup R: boundary ring M=89 (of 1 rings), ring relaxed x12, jump avg=0.47mm max=0.87mm
  recalc_face_normals: SKIPPED (v38, geometric only)
  geometric orientation: reversed 247 bowl faces to face -Y, still wrong=0
  UV分配: 9844 loops, avg=(0.5786,0.1021), u=[0.0000,1.0000] v=[0.0000,1.0000]
  Saved: E:\WangZhen_Project\AI\ShuZiRen\Hermes\SZRYanJiu\v3_QuadRemesher_交付\01A眼窝与眼球\models\01_1_eye_socket.blend
  00:03.015  render           | Saved: 'E:\WangZhen_Project\AI\ShuZiRen\Hermes\SZRYanJiu\v3_QuadRemesher_交付\01A眼窝与眼球\screenshots\v39_norm_front.png'
  00:03.406  render           | Saved: 'E:\WangZhen_Project\AI\ShuZiRen\Hermes\SZRYanJiu\v3_QuadRemesher_交付\01A眼窝与眼球\screenshots\v39_norm_sideL.png'
  00:04.250  render           | Saved: 'E:\WangZhen_Project\AI\ShuZiRen\Hermes\SZRYanJiu\v3_QuadRemesher_交付\01A眼窝与眼球\screenshots\v39_tex_front.png'
  00:04.656  render           | Saved: 'E:\WangZhen_Project\AI\ShuZiRen\Hermes\SZRYanJiu\v3_QuadRemesher_交付\01A眼窝与眼球\screenshots\v39_tex_sideL.png'
迭代217完成

--- 迭代 218 ---
  01:28.797  render           | Saved: 'E:\WangZhen_Project\AI\ShuZiRen\Hermes\SZRYanJiu\v3_QuadRemesher_交付\01A眼窝与眼球\screenshots\01_1_eye_socket_front.png'
  01:28.937  render           | Saved: 'E:\WangZhen_Project\AI\ShuZiRen\Hermes\SZRYanJiu\v3_QuadRemesher_交付\01A眼窝与眼球\screenshots\01_1_eye_socket_side.png'
  make_eye_cup L: boundary ring M=90 (of 1 rings), ring relaxed x12, jump avg=0.46mm max=0.79mm
  recalc_face_normals: SKIPPED (v38, geometric only)
  geometric orientation: reversed 1920 bowl faces to face -Y, still wrong=0
  UV分配: 10710 loops, avg=(0.0793,0.0632), u=[0.0000,1.0000] v=[0.0000,1.0000]
  make_eye_cup R: boundary ring M=89 (of 1 rings), ring relaxed x12, jump avg=0.47mm max=0.87mm
  recalc_face_normals: SKIPPED (v38, geometric only)
  geometric orientation: reversed 247 bowl faces to face -Y, still wrong=0
  UV分配: 9844 loops, avg=(0.5786,0.1021), u=[0.0000,1.0000] v=[0.0000,1.0000]
  Saved: E:\WangZhen_Project\AI\ShuZiRen\Hermes\SZRYanJiu\v3_QuadRemesher_交付\01A眼窝与眼球\models\01_1_eye_socket.blend
  00:02.985  render           | Saved: 'E:\WangZhen_Project\AI\ShuZiRen\Hermes\SZRYanJiu\v3_QuadRemesher_交付\01A眼窝与眼球\screenshots\v39_norm_front.png'
  00:03.391  render           | Saved: 'E:\WangZhen_Project\AI\ShuZiRen\Hermes\SZRYanJiu\v3_QuadRemesher_交付\01A眼窝与眼球\screenshots\v39_norm_sideL.png'
  00:04.235  render           | Saved: 'E:\WangZhen_Project\AI\ShuZiRen\Hermes\SZRYanJiu\v3_QuadRemesher_交付\01A眼窝与眼球\screenshots\v39_tex_front.png'
  00:04.657  render           | Saved: 'E:\WangZhen_Project\AI\ShuZiRen\Hermes\SZRYanJiu\v3_QuadRemesher_交付\01A眼窝与眼球\screenshots\v39_tex_sideL.png'
迭代218完成

--- 迭代 219 ---
  01:27.422  render           | Saved: 'E:\WangZhen_Project\AI\ShuZiRen\Hermes\SZRYanJiu\v3_QuadRemesher_交付\01A眼窝与眼球\screenshots\01_1_eye_socket_front.png'
  01:27.547  render           | Saved: 'E:\WangZhen_Project\AI\ShuZiRen\Hermes\SZRYanJiu\v3_QuadRemesher_交付\01A眼窝与眼球\screenshots\01_1_eye_socket_side.png'
  make_eye_cup L: boundary ring M=90 (of 1 rings), ring relaxed x12, jump avg=0.46mm max=0.79mm
  recalc_face_normals: SKIPPED (v38, geometric only)
  geometric orientation: reversed 1920 bowl faces to face -Y, still wrong=0
  UV分配: 10710 loops, avg=(0.0793,0.0632), u=[0.0000,1.0000] v=[0.0000,1.0000]
  make_eye_cup R: boundary ring M=89 (of 1 rings), ring relaxed x12, jump avg=0.47mm max=0.87mm
  recalc_face_normals: SKIPPED (v38, geometric only)
  geometric orientation: reversed 247 bowl faces to face -Y, still wrong=0
  UV分配: 9844 loops, avg=(0.5786,0.1021), u=[0.0000,1.0000] v=[0.0000,1.0000]
  Saved: E:\WangZhen_Project\AI\ShuZiRen\Hermes\SZRYanJiu\v3_QuadRemesher_交付\01A眼窝与眼球\models\01_1_eye_socket.blend
  00:03.031  render           | Saved: 'E:\WangZhen_Project\AI\ShuZiRen\Hermes\SZRYanJiu\v3_QuadRemesher_交付\01A眼窝与眼球\screenshots\v39_norm_front.png'
  00:03.422  render           | Saved: 'E:\WangZhen_Project\AI\ShuZiRen\Hermes\SZRYanJiu\v3_QuadRemesher_交付\01A眼窝与眼球\screenshots\v39_norm_sideL.png'
  00:04.312  render           | Saved: 'E:\WangZhen_Project\AI\ShuZiRen\Hermes\SZRYanJiu\v3_QuadRemesher_交付\01A眼窝与眼球\screenshots\v39_tex_front.png'
  00:04.734  render           | Saved: 'E:\WangZhen_Project\AI\ShuZiRen\Hermes\SZRYanJiu\v3_QuadRemesher_交付\01A眼窝与眼球\screenshots\v39_tex_sideL.png'
迭代219完成

--- 迭代 220 ---
  01:27.296  render           | Saved: 'E:\WangZhen_Project\AI\ShuZiRen\Hermes\SZRYanJiu\v3_QuadRemesher_交付\01A眼窝与眼球\screenshots\01_1_eye_socket_front.png'
  01:27.421  render           | Saved: 'E:\WangZhen_Project\AI\ShuZiRen\Hermes\SZRYanJiu\v3_QuadRemesher_交付\01A眼窝与眼球\screenshots\01_1_eye_socket_side.png'
  make_eye_cup L: boundary ring M=90 (of 1 rings), ring relaxed x12, jump avg=0.46mm max=0.79mm
  recalc_face_normals: SKIPPED (v38, geometric only)
  geometric orientation: reversed 1920 bowl faces to face -Y, still wrong=0
  UV分配: 10710 loops, avg=(0.0793,0.0632), u=[0.0000,1.0000] v=[0.0000,1.0000]
  make_eye_cup R: boundary ring M=89 (of 1 rings), ring relaxed x12, jump avg=0.47mm max=0.87mm
  recalc_face_normals: SKIPPED (v38, geometric only)
  geometric orientation: reversed 247 bowl faces to face -Y, still wrong=0
  UV分配: 9844 loops, avg=(0.5786,0.1021), u=[0.0000,1.0000] v=[0.0000,1.0000]
  Saved: E:\WangZhen_Project\AI\ShuZiRen\Hermes\SZRYanJiu\v3_QuadRemesher_交付\01A眼窝与眼球\models\01_1_eye_socket.blend
  00:03.000  render           | Saved: 'E:\WangZhen_Project\AI\ShuZiRen\Hermes\SZRYanJiu\v3_QuadRemesher_交付\01A眼窝与眼球\screenshots\v39_norm_front.png'
  00:03.391  render           | Saved: 'E:\WangZhen_Project\AI\ShuZiRen\Hermes\SZRYanJiu\v3_QuadRemesher_交付\01A眼窝与眼球\screenshots\v39_norm_sideL.png'
  00:04.266  render           | Saved: 'E:\WangZhen_Project\AI\ShuZiRen\Hermes\SZRYanJiu\v3_QuadRemesher_交付\01A眼窝与眼球\screenshots\v39_tex_front.png'
  00:04.704  render           | Saved: 'E:\WangZhen_Project\AI\ShuZiRen\Hermes\SZRYanJiu\v3_QuadRemesher_交付\01A眼窝与眼球\screenshots\v39_tex_sideL.png'
迭代220完成

--- 迭代 221 ---
  01:27.110  render           | Saved: 'E:\WangZhen_Project\AI\ShuZiRen\Hermes\SZRYanJiu\v3_QuadRemesher_交付\01A眼窝与眼球\screenshots\01_1_eye_socket_front.png'
  01:27.235  render           | Saved: 'E:\WangZhen_Project\AI\ShuZiRen\Hermes\SZRYanJiu\v3_QuadRemesher_交付\01A眼窝与眼球\screenshots\01_1_eye_socket_side.png'
  make_eye_cup L: boundary ring M=90 (of 1 rings), ring relaxed x12, jump avg=0.46mm max=0.79mm
  recalc_face_normals: SKIPPED (v38, geometric only)
  geometric orientation: reversed 1920 bowl faces to face -Y, still wrong=0
  UV分配: 10710 loops, avg=(0.0793,0.0632), u=[0.0000,1.0000] v=[0.0000,1.0000]
  make_eye_cup R: boundary ring M=89 (of 1 rings), ring relaxed x12, jump avg=0.47mm max=0.87mm
  recalc_face_normals: SKIPPED (v38, geometric only)
  geometric orientation: reversed 247 bowl faces to face -Y, still wrong=0
  UV分配: 9844 loops, avg=(0.5786,0.1021), u=[0.0000,1.0000] v=[0.0000,1.0000]
  Saved: E:\WangZhen_Project\AI\ShuZiRen\Hermes\SZRYanJiu\v3_QuadRemesher_交付\01A眼窝与眼球\models\01_1_eye_socket.blend
  00:02.985  render           | Saved: 'E:\WangZhen_Project\AI\ShuZiRen\Hermes\SZRYanJiu\v3_QuadRemesher_交付\01A眼窝与眼球\screenshots\v39_norm_front.png'
  00:03.375  render           | Saved: 'E:\WangZhen_Project\AI\ShuZiRen\Hermes\SZRYanJiu\v3_QuadRemesher_交付\01A眼窝与眼球\screenshots\v39_norm_sideL.png'
  00:04.235  render           | Saved: 'E:\WangZhen_Project\AI\ShuZiRen\Hermes\SZRYanJiu\v3_QuadRemesher_交付\01A眼窝与眼球\screenshots\v39_tex_front.png'
  00:04.657  render           | Saved: 'E:\WangZhen_Project\AI\ShuZiRen\Hermes\SZRYanJiu\v3_QuadRemesher_交付\01A眼窝与眼球\screenshots\v39_tex_sideL.png'
迭代221完成

--- 迭代 222 ---
  01:27.235  render           | Saved: 'E:\WangZhen_Project\AI\ShuZiRen\Hermes\SZRYanJiu\v3_QuadRemesher_交付\01A眼窝与眼球\screenshots\01_1_eye_socket_front.png'
  01:27.375  render           | Saved: 'E:\WangZhen_Project\AI\ShuZiRen\Hermes\SZRYanJiu\v3_QuadRemesher_交付\01A眼窝与眼球\screenshots\01_1_eye_socket_side.png'
  make_eye_cup L: boundary ring M=90 (of 1 rings), ring relaxed x12, jump avg=0.46mm max=0.79mm
  recalc_face_normals: SKIPPED (v38, geometric only)
  geometric orientation: reversed 1920 bowl faces to face -Y, still wrong=0
  UV分配: 10710 loops, avg=(0.0793,0.0632), u=[0.0000,1.0000] v=[0.0000,1.0000]
  make_eye_cup R: boundary ring M=89 (of 1 rings), ring relaxed x12, jump avg=0.47mm max=0.87mm
  recalc_face_normals: SKIPPED (v38, geometric only)
  geometric orientation: reversed 247 bowl faces to face -Y, still wrong=0
  UV分配: 9844 loops, avg=(0.5786,0.1021), u=[0.0000,1.0000] v=[0.0000,1.0000]
  Saved: E:\WangZhen_Project\AI\ShuZiRen\Hermes\SZRYanJiu\v3_QuadRemesher_交付\01A眼窝与眼球\models\01_1_eye_socket.blend
  00:03.031  render           | Saved: 'E:\WangZhen_Project\AI\ShuZiRen\Hermes\SZRYanJiu\v3_QuadRemesher_交付\01A眼窝与眼球\screenshots\v39_norm_front.png'
  00:03.422  render           | Saved: 'E:\WangZhen_Project\AI\ShuZiRen\Hermes\SZRYanJiu\v3_QuadRemesher_交付\01A眼窝与眼球\screenshots\v39_norm_sideL.png'
  00:04.266  render           | Saved: 'E:\WangZhen_Project\AI\ShuZiRen\Hermes\SZRYanJiu\v3_QuadRemesher_交付\01A眼窝与眼球\screenshots\v39_tex_front.png'
  00:04.688  render           | Saved: 'E:\WangZhen_Project\AI\ShuZiRen\Hermes\SZRYanJiu\v3_QuadRemesher_交付\01A眼窝与眼球\screenshots\v39_tex_sideL.png'
迭代222完成

--- 迭代 223 ---
  01:27.031  render           | Saved: 'E:\WangZhen_Project\AI\ShuZiRen\Hermes\SZRYanJiu\v3_QuadRemesher_交付\01A眼窝与眼球\screenshots\01_1_eye_socket_front.png'
  01:27.156  render           | Saved: 'E:\WangZhen_Project\AI\ShuZiRen\Hermes\SZRYanJiu\v3_QuadRemesher_交付\01A眼窝与眼球\screenshots\01_1_eye_socket_side.png'
  make_eye_cup L: boundary ring M=90 (of 1 rings), ring relaxed x12, jump avg=0.46mm max=0.79mm
  recalc_face_normals: SKIPPED (v38, geometric only)
  geometric orientation: reversed 1920 bowl faces to face -Y, still wrong=0
  UV分配: 10710 loops, avg=(0.0793,0.0632), u=[0.0000,1.0000] v=[0.0000,1.0000]
  make_eye_cup R: boundary ring M=89 (of 1 rings), ring relaxed x12, jump avg=0.47mm max=0.87mm
  recalc_face_normals: SKIPPED (v38, geometric only)
  geometric orientation: reversed 247 bowl faces to face -Y, still wrong=0
  UV分配: 9844 loops, avg=(0.5786,0.1021), u=[0.0000,1.0000] v=[0.0000,1.0000]
  Saved: E:\WangZhen_Project\AI\ShuZiRen\Hermes\SZRYanJiu\v3_QuadRemesher_交付\01A眼窝与眼球\models\01_1_eye_socket.blend
  00:03.000  render           | Saved: 'E:\WangZhen_Project\AI\ShuZiRen\Hermes\SZRYanJiu\v3_QuadRemesher_交付\01A眼窝与眼球\screenshots\v39_norm_front.png'
  00:03.391  render           | Saved: 'E:\WangZhen_Project\AI\ShuZiRen\Hermes\SZRYanJiu\v3_QuadRemesher_交付\01A眼窝与眼球\screenshots\v39_norm_sideL.png'
  00:04.250  render           | Saved: 'E:\WangZhen_Project\AI\ShuZiRen\Hermes\SZRYanJiu\v3_QuadRemesher_交付\01A眼窝与眼球\screenshots\v39_tex_front.png'
  00:04.672  render           | Saved: 'E:\WangZhen_Project\AI\ShuZiRen\Hermes\SZRYanJiu\v3_QuadRemesher_交付\01A眼窝与眼球\screenshots\v39_tex_sideL.png'
迭代223完成

--- 迭代 224 ---
  01:27.547  render           | Saved: 'E:\WangZhen_Project\AI\ShuZiRen\Hermes\SZRYanJiu\v3_QuadRemesher_交付\01A眼窝与眼球\screenshots\01_1_eye_socket_front.png'
  01:27.672  render           | Saved: 'E:\WangZhen_Project\AI\ShuZiRen\Hermes\SZRYanJiu\v3_QuadRemesher_交付\01A眼窝与眼球\screenshots\01_1_eye_socket_side.png'
  make_eye_cup L: boundary ring M=90 (of 1 rings), ring relaxed x12, jump avg=0.46mm max=0.79mm
  recalc_face_normals: SKIPPED (v38, geometric only)
  geometric orientation: reversed 1920 bowl faces to face -Y, still wrong=0
  UV分配: 10710 loops, avg=(0.0793,0.0632), u=[0.0000,1.0000] v=[0.0000,1.0000]
  make_eye_cup R: boundary ring M=89 (of 1 rings), ring relaxed x12, jump avg=0.47mm max=0.87mm
  recalc_face_normals: SKIPPED (v38, geometric only)
  geometric orientation: reversed 247 bowl faces to face -Y, still wrong=0
  UV分配: 9844 loops, avg=(0.5786,0.1021), u=[0.0000,1.0000] v=[0.0000,1.0000]
  Saved: E:\WangZhen_Project\AI\ShuZiRen\Hermes\SZRYanJiu\v3_QuadRemesher_交付\01A眼窝与眼球\models\01_1_eye_socket.blend
  00:03.016  render           | Saved: 'E:\WangZhen_Project\AI\ShuZiRen\Hermes\SZRYanJiu\v3_QuadRemesher_交付\01A眼窝与眼球\screenshots\v39_norm_front.png'
  00:03.406  render           | Saved: 'E:\WangZhen_Project\AI\ShuZiRen\Hermes\SZRYanJiu\v3_QuadRemesher_交付\01A眼窝与眼球\screenshots\v39_norm_sideL.png'
  00:04.266  render           | Saved: 'E:\WangZhen_Project\AI\ShuZiRen\Hermes\SZRYanJiu\v3_QuadRemesher_交付\01A眼窝与眼球\screenshots\v39_tex_front.png'
  00:04.687  render           | Saved: 'E:\WangZhen_Project\AI\ShuZiRen\Hermes\SZRYanJiu\v3_QuadRemesher_交付\01A眼窝与眼球\screenshots\v39_tex_sideL.png'
迭代224完成

--- 迭代 225 ---
  01:27.297  render           | Saved: 'E:\WangZhen_Project\AI\ShuZiRen\Hermes\SZRYanJiu\v3_QuadRemesher_交付\01A眼窝与眼球\screenshots\01_1_eye_socket_front.png'
  01:27.422  render           | Saved: 'E:\WangZhen_Project\AI\ShuZiRen\Hermes\SZRYanJiu\v3_QuadRemesher_交付\01A眼窝与眼球\screenshots\01_1_eye_socket_side.png'
  make_eye_cup L: boundary ring M=90 (of 1 rings), ring relaxed x12, jump avg=0.46mm max=0.79mm
  recalc_face_normals: SKIPPED (v38, geometric only)
  geometric orientation: reversed 1920 bowl faces to face -Y, still wrong=0
  UV分配: 10710 loops, avg=(0.0793,0.0632), u=[0.0000,1.0000] v=[0.0000,1.0000]
  make_eye_cup R: boundary ring M=89 (of 1 rings), ring relaxed x12, jump avg=0.47mm max=0.87mm
  recalc_face_normals: SKIPPED (v38, geometric only)
  geometric orientation: reversed 247 bowl faces to face -Y, still wrong=0
  UV分配: 9844 loops, avg=(0.5786,0.1021), u=[0.0000,1.0000] v=[0.0000,1.0000]
  Saved: E:\WangZhen_Project\AI\ShuZiRen\Hermes\SZRYanJiu\v3_QuadRemesher_交付\01A眼窝与眼球\models\01_1_eye_socket.blend
  00:02.969  render           | Saved: 'E:\WangZhen_Project\AI\ShuZiRen\Hermes\SZRYanJiu\v3_QuadRemesher_交付\01A眼窝与眼球\screenshots\v39_norm_front.png'
  00:03.359  render           | Saved: 'E:\WangZhen_Project\AI\ShuZiRen\Hermes\SZRYanJiu\v3_QuadRemesher_交付\01A眼窝与眼球\screenshots\v39_norm_sideL.png'
  00:04.219  render           | Saved: 'E:\WangZhen_Project\AI\ShuZiRen\Hermes\SZRYanJiu\v3_QuadRemesher_交付\01A眼窝与眼球\screenshots\v39_tex_front.png'
  00:04.656  render           | Saved: 'E:\WangZhen_Project\AI\ShuZiRen\Hermes\SZRYanJiu\v3_QuadRemesher_交付\01A眼窝与眼球\screenshots\v39_tex_sideL.png'
迭代225完成

--- 迭代 226 ---
  01:27.531  render           | Saved: 'E:\WangZhen_Project\AI\ShuZiRen\Hermes\SZRYanJiu\v3_QuadRemesher_交付\01A眼窝与眼球\screenshots\01_1_eye_socket_front.png'
  01:27.656  render           | Saved: 'E:\WangZhen_Project\AI\ShuZiRen\Hermes\SZRYanJiu\v3_QuadRemesher_交付\01A眼窝与眼球\screenshots\01_1_eye_socket_side.png'
  make_eye_cup L: boundary ring M=90 (of 1 rings), ring relaxed x12, jump avg=0.46mm max=0.79mm
  recalc_face_normals: SKIPPED (v38, geometric only)
  geometric orientation: reversed 1920 bowl faces to face -Y, still wrong=0
  UV分配: 10710 loops, avg=(0.0793,0.0632), u=[0.0000,1.0000] v=[0.0000,1.0000]
  make_eye_cup R: boundary ring M=89 (of 1 rings), ring relaxed x12, jump avg=0.47mm max=0.87mm
  recalc_face_normals: SKIPPED (v38, geometric only)
  geometric orientation: reversed 247 bowl faces to face -Y, still wrong=0
  UV分配: 9844 loops, avg=(0.5786,0.1021), u=[0.0000,1.0000] v=[0.0000,1.0000]
  Saved: E:\WangZhen_Project\AI\ShuZiRen\Hermes\SZRYanJiu\v3_QuadRemesher_交付\01A眼窝与眼球\models\01_1_eye_socket.blend
  00:03.000  render           | Saved: 'E:\WangZhen_Project\AI\ShuZiRen\Hermes\SZRYanJiu\v3_QuadRemesher_交付\01A眼窝与眼球\screenshots\v39_norm_front.png'
  00:03.406  render           | Saved: 'E:\WangZhen_Project\AI\ShuZiRen\Hermes\SZRYanJiu\v3_QuadRemesher_交付\01A眼窝与眼球\screenshots\v39_norm_sideL.png'
  00:04.250  render           | Saved: 'E:\WangZhen_Project\AI\ShuZiRen\Hermes\SZRYanJiu\v3_QuadRemesher_交付\01A眼窝与眼球\screenshots\v39_tex_front.png'
  00:04.672  render           | Saved: 'E:\WangZhen_Project\AI\ShuZiRen\Hermes\SZRYanJiu\v3_QuadRemesher_交付\01A眼窝与眼球\screenshots\v39_tex_sideL.png'
迭代226完成

--- 迭代 227 ---
  01:27.438  render           | Saved: 'E:\WangZhen_Project\AI\ShuZiRen\Hermes\SZRYanJiu\v3_QuadRemesher_交付\01A眼窝与眼球\screenshots\01_1_eye_socket_front.png'
  01:27.563  render           | Saved: 'E:\WangZhen_Project\AI\ShuZiRen\Hermes\SZRYanJiu\v3_QuadRemesher_交付\01A眼窝与眼球\screenshots\01_1_eye_socket_side.png'
  make_eye_cup L: boundary ring M=90 (of 1 rings), ring relaxed x12, jump avg=0.46mm max=0.79mm
  recalc_face_normals: SKIPPED (v38, geometric only)
  geometric orientation: reversed 1920 bowl faces to face -Y, still wrong=0
  UV分配: 10710 loops, avg=(0.0793,0.0632), u=[0.0000,1.0000] v=[0.0000,1.0000]
  make_eye_cup R: boundary ring M=89 (of 1 rings), ring relaxed x12, jump avg=0.47mm max=0.87mm
  recalc_face_normals: SKIPPED (v38, geometric only)
  geometric orientation: reversed 247 bowl faces to face -Y, still wrong=0
  UV分配: 9844 loops, avg=(0.5786,0.1021), u=[0.0000,1.0000] v=[0.0000,1.0000]
  Saved: E:\WangZhen_Project\AI\ShuZiRen\Hermes\SZRYanJiu\v3_QuadRemesher_交付\01A眼窝与眼球\models\01_1_eye_socket.blend
  00:02.984  render           | Saved: 'E:\WangZhen_Project\AI\ShuZiRen\Hermes\SZRYanJiu\v3_QuadRemesher_交付\01A眼窝与眼球\screenshots\v39_norm_front.png'
  00:03.406  render           | Saved: 'E:\WangZhen_Project\AI\ShuZiRen\Hermes\SZRYanJiu\v3_QuadRemesher_交付\01A眼窝与眼球\screenshots\v39_norm_sideL.png'
  00:04.250  render           | Saved: 'E:\WangZhen_Project\AI\ShuZiRen\Hermes\SZRYanJiu\v3_QuadRemesher_交付\01A眼窝与眼球\screenshots\v39_tex_front.png'
  00:04.687  render           | Saved: 'E:\WangZhen_Project\AI\ShuZiRen\Hermes\SZRYanJiu\v3_QuadRemesher_交付\01A眼窝与眼球\screenshots\v39_tex_sideL.png'
迭代227完成

--- 迭代 228 ---
  01:27.062  render           | Saved: 'E:\WangZhen_Project\AI\ShuZiRen\Hermes\SZRYanJiu\v3_QuadRemesher_交付\01A眼窝与眼球\screenshots\01_1_eye_socket_front.png'
  01:27.187  render           | Saved: 'E:\WangZhen_Project\AI\ShuZiRen\Hermes\SZRYanJiu\v3_QuadRemesher_交付\01A眼窝与眼球\screenshots\01_1_eye_socket_side.png'
  make_eye_cup L: boundary ring M=90 (of 1 rings), ring relaxed x12, jump avg=0.46mm max=0.79mm
  recalc_face_normals: SKIPPED (v38, geometric only)
  geometric orientation: reversed 1920 bowl faces to face -Y, still wrong=0
  UV分配: 10710 loops, avg=(0.0793,0.0632), u=[0.0000,1.0000] v=[0.0000,1.0000]
  make_eye_cup R: boundary ring M=89 (of 1 rings), ring relaxed x12, jump avg=0.47mm max=0.87mm
  recalc_face_normals: SKIPPED (v38, geometric only)
  geometric orientation: reversed 247 bowl faces to face -Y, still wrong=0
  UV分配: 9844 loops, avg=(0.5786,0.1021), u=[0.0000,1.0000] v=[0.0000,1.0000]
  Saved: E:\WangZhen_Project\AI\ShuZiRen\Hermes\SZRYanJiu\v3_QuadRemesher_交付\01A眼窝与眼球\models\01_1_eye_socket.blend
  00:03.032  render           | Saved: 'E:\WangZhen_Project\AI\ShuZiRen\Hermes\SZRYanJiu\v3_QuadRemesher_交付\01A眼窝与眼球\screenshots\v39_norm_front.png'
  00:03.422  render           | Saved: 'E:\WangZhen_Project\AI\ShuZiRen\Hermes\SZRYanJiu\v3_QuadRemesher_交付\01A眼窝与眼球\screenshots\v39_norm_sideL.png'
  00:04.266  render           | Saved: 'E:\WangZhen_Project\AI\ShuZiRen\Hermes\SZRYanJiu\v3_QuadRemesher_交付\01A眼窝与眼球\screenshots\v39_tex_front.png'
  00:04.688  render           | Saved: 'E:\WangZhen_Project\AI\ShuZiRen\Hermes\SZRYanJiu\v3_QuadRemesher_交付\01A眼窝与眼球\screenshots\v39_tex_sideL.png'
迭代228完成

--- 迭代 229 ---
  01:27.375  render           | Saved: 'E:\WangZhen_Project\AI\ShuZiRen\Hermes\SZRYanJiu\v3_QuadRemesher_交付\01A眼窝与眼球\screenshots\01_1_eye_socket_front.png'
  01:27.516  render           | Saved: 'E:\WangZhen_Project\AI\ShuZiRen\Hermes\SZRYanJiu\v3_QuadRemesher_交付\01A眼窝与眼球\screenshots\01_1_eye_socket_side.png'
  make_eye_cup L: boundary ring M=90 (of 1 rings), ring relaxed x12, jump avg=0.46mm max=0.79mm
  recalc_face_normals: SKIPPED (v38, geometric only)
  geometric orientation: reversed 1920 bowl faces to face -Y, still wrong=0
  UV分配: 10710 loops, avg=(0.0793,0.0632), u=[0.0000,1.0000] v=[0.0000,1.0000]
  make_eye_cup R: boundary ring M=89 (of 1 rings), ring relaxed x12, jump avg=0.47mm max=0.87mm
  recalc_face_normals: SKIPPED (v38, geometric only)
  geometric orientation: reversed 247 bowl faces to face -Y, still wrong=0
  UV分配: 9844 loops, avg=(0.5786,0.1021), u=[0.0000,1.0000] v=[0.0000,1.0000]
  Saved: E:\WangZhen_Project\AI\ShuZiRen\Hermes\SZRYanJiu\v3_QuadRemesher_交付\01A眼窝与眼球\models\01_1_eye_socket.blend
  00:02.984  render           | Saved: 'E:\WangZhen_Project\AI\ShuZiRen\Hermes\SZRYanJiu\v3_QuadRemesher_交付\01A眼窝与眼球\screenshots\v39_norm_front.png'
  00:03.375  render           | Saved: 'E:\WangZhen_Project\AI\ShuZiRen\Hermes\SZRYanJiu\v3_QuadRemesher_交付\01A眼窝与眼球\screenshots\v39_norm_sideL.png'
  00:04.219  render           | Saved: 'E:\WangZhen_Project\AI\ShuZiRen\Hermes\SZRYanJiu\v3_QuadRemesher_交付\01A眼窝与眼球\screenshots\v39_tex_front.png'
  00:04.641  render           | Saved: 'E:\WangZhen_Project\AI\ShuZiRen\Hermes\SZRYanJiu\v3_QuadRemesher_交付\01A眼窝与眼球\screenshots\v39_tex_sideL.png'
迭代229完成

--- 迭代 230 ---
  01:27.250  render           | Saved: 'E:\WangZhen_Project\AI\ShuZiRen\Hermes\SZRYanJiu\v3_QuadRemesher_交付\01A眼窝与眼球\screenshots\01_1_eye_socket_front.png'
  01:27.359  render           | Saved: 'E:\WangZhen_Project\AI\ShuZiRen\Hermes\SZRYanJiu\v3_QuadRemesher_交付\01A眼窝与眼球\screenshots\01_1_eye_socket_side.png'
  make_eye_cup L: boundary ring M=90 (of 1 rings), ring relaxed x12, jump avg=0.46mm max=0.79mm
  recalc_face_normals: SKIPPED (v38, geometric only)
  geometric orientation: reversed 1920 bowl faces to face -Y, still wrong=0
  UV分配: 10710 loops, avg=(0.0793,0.0632), u=[0.0000,1.0000] v=[0.0000,1.0000]
  make_eye_cup R: boundary ring M=89 (of 1 rings), ring relaxed x12, jump avg=0.47mm max=0.87mm
  recalc_face_normals: SKIPPED (v38, geometric only)
  geometric orientation: reversed 247 bowl faces to face -Y, still wrong=0
  UV分配: 9844 loops, avg=(0.5786,0.1021), u=[0.0000,1.0000] v=[0.0000,1.0000]
  Saved: E:\WangZhen_Project\AI\ShuZiRen\Hermes\SZRYanJiu\v3_QuadRemesher_交付\01A眼窝与眼球\models\01_1_eye_socket.blend
  00:03.000  render           | Saved: 'E:\WangZhen_Project\AI\ShuZiRen\Hermes\SZRYanJiu\v3_QuadRemesher_交付\01A眼窝与眼球\screenshots\v39_norm_front.png'
  00:03.390  render           | Saved: 'E:\WangZhen_Project\AI\ShuZiRen\Hermes\SZRYanJiu\v3_QuadRemesher_交付\01A眼窝与眼球\screenshots\v39_norm_sideL.png'
  00:04.234  render           | Saved: 'E:\WangZhen_Project\AI\ShuZiRen\Hermes\SZRYanJiu\v3_QuadRemesher_交付\01A眼窝与眼球\screenshots\v39_tex_front.png'
  00:04.672  render           | Saved: 'E:\WangZhen_Project\AI\ShuZiRen\Hermes\SZRYanJiu\v3_QuadRemesher_交付\01A眼窝与眼球\screenshots\v39_tex_sideL.png'
迭代230完成

--- 迭代 231 ---
  01:27.078  render           | Saved: 'E:\WangZhen_Project\AI\ShuZiRen\Hermes\SZRYanJiu\v3_QuadRemesher_交付\01A眼窝与眼球\screenshots\01_1_eye_socket_front.png'
  01:27.219  render           | Saved: 'E:\WangZhen_Project\AI\ShuZiRen\Hermes\SZRYanJiu\v3_QuadRemesher_交付\01A眼窝与眼球\screenshots\01_1_eye_socket_side.png'
  make_eye_cup L: boundary ring M=90 (of 1 rings), ring relaxed x12, jump avg=0.46mm max=0.79mm
  recalc_face_normals: SKIPPED (v38, geometric only)
  geometric orientation: reversed 1920 bowl faces to face -Y, still wrong=0
  UV分配: 10710 loops, avg=(0.0793,0.0632), u=[0.0000,1.0000] v=[0.0000,1.0000]
  make_eye_cup R: boundary ring M=89 (of 1 rings), ring relaxed x12, jump avg=0.47mm max=0.87mm
  recalc_face_normals: SKIPPED (v38, geometric only)
  geometric orientation: reversed 247 bowl faces to face -Y, still wrong=0
  UV分配: 9844 loops, avg=(0.5786,0.1021), u=[0.0000,1.0000] v=[0.0000,1.0000]
  Saved: E:\WangZhen_Project\AI\ShuZiRen\Hermes\SZRYanJiu\v3_QuadRemesher_交付\01A眼窝与眼球\models\01_1_eye_socket.blend
  00:03.016  render           | Saved: 'E:\WangZhen_Project\AI\ShuZiRen\Hermes\SZRYanJiu\v3_QuadRemesher_交付\01A眼窝与眼球\screenshots\v39_norm_front.png'
  00:03.406  render           | Saved: 'E:\WangZhen_Project\AI\ShuZiRen\Hermes\SZRYanJiu\v3_QuadRemesher_交付\01A眼窝与眼球\screenshots\v39_norm_sideL.png'
  00:04.250  render           | Saved: 'E:\WangZhen_Project\AI\ShuZiRen\Hermes\SZRYanJiu\v3_QuadRemesher_交付\01A眼窝与眼球\screenshots\v39_tex_front.png'
  00:04.672  render           | Saved: 'E:\WangZhen_Project\AI\ShuZiRen\Hermes\SZRYanJiu\v3_QuadRemesher_交付\01A眼窝与眼球\screenshots\v39_tex_sideL.png'
迭代231完成

--- 迭代 232 ---
  01:27.125  render           | Saved: 'E:\WangZhen_Project\AI\ShuZiRen\Hermes\SZRYanJiu\v3_QuadRemesher_交付\01A眼窝与眼球\screenshots\01_1_eye_socket_front.png'
  01:27.250  render           | Saved: 'E:\WangZhen_Project\AI\ShuZiRen\Hermes\SZRYanJiu\v3_QuadRemesher_交付\01A眼窝与眼球\screenshots\01_1_eye_socket_side.png'
  make_eye_cup L: boundary ring M=90 (of 1 rings), ring relaxed x12, jump avg=0.46mm max=0.79mm
  recalc_face_normals: SKIPPED (v38, geometric only)
  geometric orientation: reversed 1920 bowl faces to face -Y, still wrong=0
  UV分配: 10710 loops, avg=(0.0793,0.0632), u=[0.0000,1.0000] v=[0.0000,1.0000]
  make_eye_cup R: boundary ring M=89 (of 1 rings), ring relaxed x12, jump avg=0.47mm max=0.87mm
  recalc_face_normals: SKIPPED (v38, geometric only)
  geometric orientation: reversed 247 bowl faces to face -Y, still wrong=0
  UV分配: 9844 loops, avg=(0.5786,0.1021), u=[0.0000,1.0000] v=[0.0000,1.0000]
  Saved: E:\WangZhen_Project\AI\ShuZiRen\Hermes\SZRYanJiu\v3_QuadRemesher_交付\01A眼窝与眼球\models\01_1_eye_socket.blend
  00:03.000  render           | Saved: 'E:\WangZhen_Project\AI\ShuZiRen\Hermes\SZRYanJiu\v3_QuadRemesher_交付\01A眼窝与眼球\screenshots\v39_norm_front.png'
  00:03.391  render           | Saved: 'E:\WangZhen_Project\AI\ShuZiRen\Hermes\SZRYanJiu\v3_QuadRemesher_交付\01A眼窝与眼球\screenshots\v39_norm_sideL.png'
  00:04.235  render           | Saved: 'E:\WangZhen_Project\AI\ShuZiRen\Hermes\SZRYanJiu\v3_QuadRemesher_交付\01A眼窝与眼球\screenshots\v39_tex_front.png'
  00:04.657  render           | Saved: 'E:\WangZhen_Project\AI\ShuZiRen\Hermes\SZRYanJiu\v3_QuadRemesher_交付\01A眼窝与眼球\screenshots\v39_tex_sideL.png'
迭代232完成

--- 迭代 233 ---
  01:27.188  render           | Saved: 'E:\WangZhen_Project\AI\ShuZiRen\Hermes\SZRYanJiu\v3_QuadRemesher_交付\01A眼窝与眼球\screenshots\01_1_eye_socket_front.png'
  01:27.328  render           | Saved: 'E:\WangZhen_Project\AI\ShuZiRen\Hermes\SZRYanJiu\v3_QuadRemesher_交付\01A眼窝与眼球\screenshots\01_1_eye_socket_side.png'
  make_eye_cup L: boundary ring M=90 (of 1 rings), ring relaxed x12, jump avg=0.46mm max=0.79mm
  recalc_face_normals: SKIPPED (v38, geometric only)
  geometric orientation: reversed 1920 bowl faces to face -Y, still wrong=0
  UV分配: 10710 loops, avg=(0.0793,0.0632), u=[0.0000,1.0000] v=[0.0000,1.0000]
  make_eye_cup R: boundary ring M=89 (of 1 rings), ring relaxed x12, jump avg=0.47mm max=0.87mm
  recalc_face_normals: SKIPPED (v38, geometric only)
  geometric orientation: reversed 247 bowl faces to face -Y, still wrong=0
  UV分配: 9844 loops, avg=(0.5786,0.1021), u=[0.0000,1.0000] v=[0.0000,1.0000]
  Saved: E:\WangZhen_Project\AI\ShuZiRen\Hermes\SZRYanJiu\v3_QuadRemesher_交付\01A眼窝与眼球\models\01_1_eye_socket.blend
  00:02.985  render           | Saved: 'E:\WangZhen_Project\AI\ShuZiRen\Hermes\SZRYanJiu\v3_QuadRemesher_交付\01A眼窝与眼球\screenshots\v39_norm_front.png'
  00:03.375  render           | Saved: 'E:\WangZhen_Project\AI\ShuZiRen\Hermes\SZRYanJiu\v3_QuadRemesher_交付\01A眼窝与眼球\screenshots\v39_norm_sideL.png'
  00:04.235  render           | Saved: 'E:\WangZhen_Project\AI\ShuZiRen\Hermes\SZRYanJiu\v3_QuadRemesher_交付\01A眼窝与眼球\screenshots\v39_tex_front.png'
  00:04.641  render           | Saved: 'E:\WangZhen_Project\AI\ShuZiRen\Hermes\SZRYanJiu\v3_QuadRemesher_交付\01A眼窝与眼球\screenshots\v39_tex_sideL.png'
迭代233完成

--- 迭代 234 ---
  01:27.250  render           | Saved: 'E:\WangZhen_Project\AI\ShuZiRen\Hermes\SZRYanJiu\v3_QuadRemesher_交付\01A眼窝与眼球\screenshots\01_1_eye_socket_front.png'
  01:27.360  render           | Saved: 'E:\WangZhen_Project\AI\ShuZiRen\Hermes\SZRYanJiu\v3_QuadRemesher_交付\01A眼窝与眼球\screenshots\01_1_eye_socket_side.png'
  make_eye_cup L: boundary ring M=90 (of 1 rings), ring relaxed x12, jump avg=0.46mm max=0.79mm
  recalc_face_normals: SKIPPED (v38, geometric only)
  geometric orientation: reversed 1920 bowl faces to face -Y, still wrong=0
  UV分配: 10710 loops, avg=(0.0793,0.0632), u=[0.0000,1.0000] v=[0.0000,1.0000]
  make_eye_cup R: boundary ring M=89 (of 1 rings), ring relaxed x12, jump avg=0.47mm max=0.87mm
  recalc_face_normals: SKIPPED (v38, geometric only)
  geometric orientation: reversed 247 bowl faces to face -Y, still wrong=0
  UV分配: 9844 loops, avg=(0.5786,0.1021), u=[0.0000,1.0000] v=[0.0000,1.0000]
  Saved: E:\WangZhen_Project\AI\ShuZiRen\Hermes\SZRYanJiu\v3_QuadRemesher_交付\01A眼窝与眼球\models\01_1_eye_socket.blend
  00:02.984  render           | Saved: 'E:\WangZhen_Project\AI\ShuZiRen\Hermes\SZRYanJiu\v3_QuadRemesher_交付\01A眼窝与眼球\screenshots\v39_norm_front.png'
  00:03.375  render           | Saved: 'E:\WangZhen_Project\AI\ShuZiRen\Hermes\SZRYanJiu\v3_QuadRemesher_交付\01A眼窝与眼球\screenshots\v39_norm_sideL.png'
  00:04.234  render           | Saved: 'E:\WangZhen_Project\AI\ShuZiRen\Hermes\SZRYanJiu\v3_QuadRemesher_交付\01A眼窝与眼球\screenshots\v39_tex_front.png'
  00:04.640  render           | Saved: 'E:\WangZhen_Project\AI\ShuZiRen\Hermes\SZRYanJiu\v3_QuadRemesher_交付\01A眼窝与眼球\screenshots\v39_tex_sideL.png'
迭代234完成

--- 迭代 235 ---
  01:27.281  render           | Saved: 'E:\WangZhen_Project\AI\ShuZiRen\Hermes\SZRYanJiu\v3_QuadRemesher_交付\01A眼窝与眼球\screenshots\01_1_eye_socket_front.png'
  01:27.406  render           | Saved: 'E:\WangZhen_Project\AI\ShuZiRen\Hermes\SZRYanJiu\v3_QuadRemesher_交付\01A眼窝与眼球\screenshots\01_1_eye_socket_side.png'
  make_eye_cup L: boundary ring M=90 (of 1 rings), ring relaxed x12, jump avg=0.46mm max=0.79mm
  recalc_face_normals: SKIPPED (v38, geometric only)
  geometric orientation: reversed 1920 bowl faces to face -Y, still wrong=0
  UV分配: 10710 loops, avg=(0.0793,0.0632), u=[0.0000,1.0000] v=[0.0000,1.0000]
  make_eye_cup R: boundary ring M=89 (of 1 rings), ring relaxed x12, jump avg=0.47mm max=0.87mm
  recalc_face_normals: SKIPPED (v38, geometric only)
  geometric orientation: reversed 247 bowl faces to face -Y, still wrong=0
  UV分配: 9844 loops, avg=(0.5786,0.1021), u=[0.0000,1.0000] v=[0.0000,1.0000]
  Saved: E:\WangZhen_Project\AI\ShuZiRen\Hermes\SZRYanJiu\v3_QuadRemesher_交付\01A眼窝与眼球\models\01_1_eye_socket.blend
  00:02.953  render           | Saved: 'E:\WangZhen_Project\AI\ShuZiRen\Hermes\SZRYanJiu\v3_QuadRemesher_交付\01A眼窝与眼球\screenshots\v39_norm_front.png'
  00:03.359  render           | Saved: 'E:\WangZhen_Project\AI\ShuZiRen\Hermes\SZRYanJiu\v3_QuadRemesher_交付\01A眼窝与眼球\screenshots\v39_norm_sideL.png'
  00:04.203  render           | Saved: 'E:\WangZhen_Project\AI\ShuZiRen\Hermes\SZRYanJiu\v3_QuadRemesher_交付\01A眼窝与眼球\screenshots\v39_tex_front.png'
  00:04.625  render           | Saved: 'E:\WangZhen_Project\AI\ShuZiRen\Hermes\SZRYanJiu\v3_QuadRemesher_交付\01A眼窝与眼球\screenshots\v39_tex_sideL.png'
迭代235完成

--- 迭代 236 ---
  01:27.203  render           | Saved: 'E:\WangZhen_Project\AI\ShuZiRen\Hermes\SZRYanJiu\v3_QuadRemesher_交付\01A眼窝与眼球\screenshots\01_1_eye_socket_front.png'
  01:27.328  render           | Saved: 'E:\WangZhen_Project\AI\ShuZiRen\Hermes\SZRYanJiu\v3_QuadRemesher_交付\01A眼窝与眼球\screenshots\01_1_eye_socket_side.png'
  make_eye_cup L: boundary ring M=90 (of 1 rings), ring relaxed x12, jump avg=0.46mm max=0.79mm
  recalc_face_normals: SKIPPED (v38, geometric only)
  geometric orientation: reversed 1920 bowl faces to face -Y, still wrong=0
  UV分配: 10710 loops, avg=(0.0793,0.0632), u=[0.0000,1.0000] v=[0.0000,1.0000]
  make_eye_cup R: boundary ring M=89 (of 1 rings), ring relaxed x12, jump avg=0.47mm max=0.87mm
  recalc_face_normals: SKIPPED (v38, geometric only)
  geometric orientation: reversed 247 bowl faces to face -Y, still wrong=0
  UV分配: 9844 loops, avg=(0.5786,0.1021), u=[0.0000,1.0000] v=[0.0000,1.0000]
  Saved: E:\WangZhen_Project\AI\ShuZiRen\Hermes\SZRYanJiu\v3_QuadRemesher_交付\01A眼窝与眼球\models\01_1_eye_socket.blend
  00:02.969  render           | Saved: 'E:\WangZhen_Project\AI\ShuZiRen\Hermes\SZRYanJiu\v3_QuadRemesher_交付\01A眼窝与眼球\screenshots\v39_norm_front.png'
  00:03.359  render           | Saved: 'E:\WangZhen_Project\AI\ShuZiRen\Hermes\SZRYanJiu\v3_QuadRemesher_交付\01A眼窝与眼球\screenshots\v39_norm_sideL.png'
  00:04.219  render           | Saved: 'E:\WangZhen_Project\AI\ShuZiRen\Hermes\SZRYanJiu\v3_QuadRemesher_交付\01A眼窝与眼球\screenshots\v39_tex_front.png'
  00:04.640  render           | Saved: 'E:\WangZhen_Project\AI\ShuZiRen\Hermes\SZRYanJiu\v3_QuadRemesher_交付\01A眼窝与眼球\screenshots\v39_tex_sideL.png'
迭代236完成

--- 迭代 237 ---
  01:27.172  render           | Saved: 'E:\WangZhen_Project\AI\ShuZiRen\Hermes\SZRYanJiu\v3_QuadRemesher_交付\01A眼窝与眼球\screenshots\01_1_eye_socket_front.png'
  01:27.297  render           | Saved: 'E:\WangZhen_Project\AI\ShuZiRen\Hermes\SZRYanJiu\v3_QuadRemesher_交付\01A眼窝与眼球\screenshots\01_1_eye_socket_side.png'
  make_eye_cup L: boundary ring M=90 (of 1 rings), ring relaxed x12, jump avg=0.46mm max=0.79mm
  recalc_face_normals: SKIPPED (v38, geometric only)
  geometric orientation: reversed 1920 bowl faces to face -Y, still wrong=0
  UV分配: 10710 loops, avg=(0.0793,0.0632), u=[0.0000,1.0000] v=[0.0000,1.0000]
  make_eye_cup R: boundary ring M=89 (of 1 rings), ring relaxed x12, jump avg=0.47mm max=0.87mm
  recalc_face_normals: SKIPPED (v38, geometric only)
  geometric orientation: reversed 247 bowl faces to face -Y, still wrong=0
  UV分配: 9844 loops, avg=(0.5786,0.1021), u=[0.0000,1.0000] v=[0.0000,1.0000]
  Saved: E:\WangZhen_Project\AI\ShuZiRen\Hermes\SZRYanJiu\v3_QuadRemesher_交付\01A眼窝与眼球\models\01_1_eye_socket.blend
  00:02.938  render           | Saved: 'E:\WangZhen_Project\AI\ShuZiRen\Hermes\SZRYanJiu\v3_QuadRemesher_交付\01A眼窝与眼球\screenshots\v39_norm_front.png'
  00:03.328  render           | Saved: 'E:\WangZhen_Project\AI\ShuZiRen\Hermes\SZRYanJiu\v3_QuadRemesher_交付\01A眼窝与眼球\screenshots\v39_norm_sideL.png'
  00:04.188  render           | Saved: 'E:\WangZhen_Project\AI\ShuZiRen\Hermes\SZRYanJiu\v3_QuadRemesher_交付\01A眼窝与眼球\screenshots\v39_tex_front.png'
  00:04.609  render           | Saved: 'E:\WangZhen_Project\AI\ShuZiRen\Hermes\SZRYanJiu\v3_QuadRemesher_交付\01A眼窝与眼球\screenshots\v39_tex_sideL.png'
迭代237完成

--- 迭代 238 ---
  01:26.969  render           | Saved: 'E:\WangZhen_Project\AI\ShuZiRen\Hermes\SZRYanJiu\v3_QuadRemesher_交付\01A眼窝与眼球\screenshots\01_1_eye_socket_front.png'
  01:27.094  render           | Saved: 'E:\WangZhen_Project\AI\ShuZiRen\Hermes\SZRYanJiu\v3_QuadRemesher_交付\01A眼窝与眼球\screenshots\01_1_eye_socket_side.png'
  make_eye_cup L: boundary ring M=90 (of 1 rings), ring relaxed x12, jump avg=0.46mm max=0.79mm
  recalc_face_normals: SKIPPED (v38, geometric only)
  geometric orientation: reversed 1920 bowl faces to face -Y, still wrong=0
  UV分配: 10710 loops, avg=(0.0793,0.0632), u=[0.0000,1.0000] v=[0.0000,1.0000]
  make_eye_cup R: boundary ring M=89 (of 1 rings), ring relaxed x12, jump avg=0.47mm max=0.87mm
  recalc_face_normals: SKIPPED (v38, geometric only)
  geometric orientation: reversed 247 bowl faces to face -Y, still wrong=0
  UV分配: 9844 loops, avg=(0.5786,0.1021), u=[0.0000,1.0000] v=[0.0000,1.0000]
  Saved: E:\WangZhen_Project\AI\ShuZiRen\Hermes\SZRYanJiu\v3_QuadRemesher_交付\01A眼窝与眼球\models\01_1_eye_socket.blend
  00:03.000  render           | Saved: 'E:\WangZhen_Project\AI\ShuZiRen\Hermes\SZRYanJiu\v3_QuadRemesher_交付\01A眼窝与眼球\screenshots\v39_norm_front.png'
  00:03.407  render           | Saved: 'E:\WangZhen_Project\AI\ShuZiRen\Hermes\SZRYanJiu\v3_QuadRemesher_交付\01A眼窝与眼球\screenshots\v39_norm_sideL.png'
  00:04.250  render           | Saved: 'E:\WangZhen_Project\AI\ShuZiRen\Hermes\SZRYanJiu\v3_QuadRemesher_交付\01A眼窝与眼球\screenshots\v39_tex_front.png'
  00:04.672  render           | Saved: 'E:\WangZhen_Project\AI\ShuZiRen\Hermes\SZRYanJiu\v3_QuadRemesher_交付\01A眼窝与眼球\screenshots\v39_tex_sideL.png'
迭代238完成

--- 迭代 239 ---
  01:27.438  render           | Saved: 'E:\WangZhen_Project\AI\ShuZiRen\Hermes\SZRYanJiu\v3_QuadRemesher_交付\01A眼窝与眼球\screenshots\01_1_eye_socket_front.png'
  01:27.563  render           | Saved: 'E:\WangZhen_Project\AI\ShuZiRen\Hermes\SZRYanJiu\v3_QuadRemesher_交付\01A眼窝与眼球\screenshots\01_1_eye_socket_side.png'
  make_eye_cup L: boundary ring M=90 (of 1 rings), ring relaxed x12, jump avg=0.46mm max=0.79mm
  recalc_face_normals: SKIPPED (v38, geometric only)
  geometric orientation: reversed 1920 bowl faces to face -Y, still wrong=0
  UV分配: 10710 loops, avg=(0.0793,0.0632), u=[0.0000,1.0000] v=[0.0000,1.0000]
  make_eye_cup R: boundary ring M=89 (of 1 rings), ring relaxed x12, jump avg=0.47mm max=0.87mm
  recalc_face_normals: SKIPPED (v38, geometric only)
  geometric orientation: reversed 247 bowl faces to face -Y, still wrong=0
  UV分配: 9844 loops, avg=(0.5786,0.1021), u=[0.0000,1.0000] v=[0.0000,1.0000]
  Saved: E:\WangZhen_Project\AI\ShuZiRen\Hermes\SZRYanJiu\v3_QuadRemesher_交付\01A眼窝与眼球\models\01_1_eye_socket.blend
  00:02.984  render           | Saved: 'E:\WangZhen_Project\AI\ShuZiRen\Hermes\SZRYanJiu\v3_QuadRemesher_交付\01A眼窝与眼球\screenshots\v39_norm_front.png'
  00:03.390  render           | Saved: 'E:\WangZhen_Project\AI\ShuZiRen\Hermes\SZRYanJiu\v3_QuadRemesher_交付\01A眼窝与眼球\screenshots\v39_norm_sideL.png'
  00:04.234  render           | Saved: 'E:\WangZhen_Project\AI\ShuZiRen\Hermes\SZRYanJiu\v3_QuadRemesher_交付\01A眼窝与眼球\screenshots\v39_tex_front.png'
  00:04.687  render           | Saved: 'E:\WangZhen_Project\AI\ShuZiRen\Hermes\SZRYanJiu\v3_QuadRemesher_交付\01A眼窝与眼球\screenshots\v39_tex_sideL.png'
迭代239完成

--- 迭代 240 ---
  01:27.188  render           | Saved: 'E:\WangZhen_Project\AI\ShuZiRen\Hermes\SZRYanJiu\v3_QuadRemesher_交付\01A眼窝与眼球\screenshots\01_1_eye_socket_front.png'
  01:27.313  render           | Saved: 'E:\WangZhen_Project\AI\ShuZiRen\Hermes\SZRYanJiu\v3_QuadRemesher_交付\01A眼窝与眼球\screenshots\01_1_eye_socket_side.png'
  make_eye_cup L: boundary ring M=90 (of 1 rings), ring relaxed x12, jump avg=0.46mm max=0.79mm
  recalc_face_normals: SKIPPED (v38, geometric only)
  geometric orientation: reversed 1920 bowl faces to face -Y, still wrong=0
  UV分配: 10710 loops, avg=(0.0793,0.0632), u=[0.0000,1.0000] v=[0.0000,1.0000]
  make_eye_cup R: boundary ring M=89 (of 1 rings), ring relaxed x12, jump avg=0.47mm max=0.87mm
  recalc_face_normals: SKIPPED (v38, geometric only)
  geometric orientation: reversed 247 bowl faces to face -Y, still wrong=0
  UV分配: 9844 loops, avg=(0.5786,0.1021), u=[0.0000,1.0000] v=[0.0000,1.0000]
  Saved: E:\WangZhen_Project\AI\ShuZiRen\Hermes\SZRYanJiu\v3_QuadRemesher_交付\01A眼窝与眼球\models\01_1_eye_socket.blend
  00:02.985  render           | Saved: 'E:\WangZhen_Project\AI\ShuZiRen\Hermes\SZRYanJiu\v3_QuadRemesher_交付\01A眼窝与眼球\screenshots\v39_norm_front.png'
  00:03.375  render           | Saved: 'E:\WangZhen_Project\AI\ShuZiRen\Hermes\SZRYanJiu\v3_QuadRemesher_交付\01A眼窝与眼球\screenshots\v39_norm_sideL.png'
  00:04.219  render           | Saved: 'E:\WangZhen_Project\AI\ShuZiRen\Hermes\SZRYanJiu\v3_QuadRemesher_交付\01A眼窝与眼球\screenshots\v39_tex_front.png'
  00:04.641  render           | Saved: 'E:\WangZhen_Project\AI\ShuZiRen\Hermes\SZRYanJiu\v3_QuadRemesher_交付\01A眼窝与眼球\screenshots\v39_tex_sideL.png'
迭代240完成

--- 迭代 241 ---
  01:27.188  render           | Saved: 'E:\WangZhen_Project\AI\ShuZiRen\Hermes\SZRYanJiu\v3_QuadRemesher_交付\01A眼窝与眼球\screenshots\01_1_eye_socket_front.png'
  01:27.313  render           | Saved: 'E:\WangZhen_Project\AI\ShuZiRen\Hermes\SZRYanJiu\v3_QuadRemesher_交付\01A眼窝与眼球\screenshots\01_1_eye_socket_side.png'
  make_eye_cup L: boundary ring M=90 (of 1 rings), ring relaxed x12, jump avg=0.46mm max=0.79mm
  recalc_face_normals: SKIPPED (v38, geometric only)
  geometric orientation: reversed 1920 bowl faces to face -Y, still wrong=0
  UV分配: 10710 loops, avg=(0.0793,0.0632), u=[0.0000,1.0000] v=[0.0000,1.0000]
  make_eye_cup R: boundary ring M=89 (of 1 rings), ring relaxed x12, jump avg=0.47mm max=0.87mm
  recalc_face_normals: SKIPPED (v38, geometric only)
  geometric orientation: reversed 247 bowl faces to face -Y, still wrong=0
  UV分配: 9844 loops, avg=(0.5786,0.1021), u=[0.0000,1.0000] v=[0.0000,1.0000]
  Saved: E:\WangZhen_Project\AI\ShuZiRen\Hermes\SZRYanJiu\v3_QuadRemesher_交付\01A眼窝与眼球\models\01_1_eye_socket.blend
  00:03.015  render           | Saved: 'E:\WangZhen_Project\AI\ShuZiRen\Hermes\SZRYanJiu\v3_QuadRemesher_交付\01A眼窝与眼球\screenshots\v39_norm_front.png'
  00:03.406  render           | Saved: 'E:\WangZhen_Project\AI\ShuZiRen\Hermes\SZRYanJiu\v3_QuadRemesher_交付\01A眼窝与眼球\screenshots\v39_norm_sideL.png'
  00:04.250  render           | Saved: 'E:\WangZhen_Project\AI\ShuZiRen\Hermes\SZRYanJiu\v3_QuadRemesher_交付\01A眼窝与眼球\screenshots\v39_tex_front.png'
  00:04.671  render           | Saved: 'E:\WangZhen_Project\AI\ShuZiRen\Hermes\SZRYanJiu\v3_QuadRemesher_交付\01A眼窝与眼球\screenshots\v39_tex_sideL.png'
迭代241完成

--- 迭代 242 ---
  01:27.188  render           | Saved: 'E:\WangZhen_Project\AI\ShuZiRen\Hermes\SZRYanJiu\v3_QuadRemesher_交付\01A眼窝与眼球\screenshots\01_1_eye_socket_front.png'
  01:27.313  render           | Saved: 'E:\WangZhen_Project\AI\ShuZiRen\Hermes\SZRYanJiu\v3_QuadRemesher_交付\01A眼窝与眼球\screenshots\01_1_eye_socket_side.png'
  make_eye_cup L: boundary ring M=90 (of 1 rings), ring relaxed x12, jump avg=0.46mm max=0.79mm
  recalc_face_normals: SKIPPED (v38, geometric only)
  geometric orientation: reversed 1920 bowl faces to face -Y, still wrong=0
  UV分配: 10710 loops, avg=(0.0793,0.0632), u=[0.0000,1.0000] v=[0.0000,1.0000]
  make_eye_cup R: boundary ring M=89 (of 1 rings), ring relaxed x12, jump avg=0.47mm max=0.87mm
  recalc_face_normals: SKIPPED (v38, geometric only)
  geometric orientation: reversed 247 bowl faces to face -Y, still wrong=0
  UV分配: 9844 loops, avg=(0.5786,0.1021), u=[0.0000,1.0000] v=[0.0000,1.0000]
  Saved: E:\WangZhen_Project\AI\ShuZiRen\Hermes\SZRYanJiu\v3_QuadRemesher_交付\01A眼窝与眼球\models\01_1_eye_socket.blend
  00:02.969  render           | Saved: 'E:\WangZhen_Project\AI\ShuZiRen\Hermes\SZRYanJiu\v3_QuadRemesher_交付\01A眼窝与眼球\screenshots\v39_norm_front.png'
  00:03.375  render           | Saved: 'E:\WangZhen_Project\AI\ShuZiRen\Hermes\SZRYanJiu\v3_QuadRemesher_交付\01A眼窝与眼球\screenshots\v39_norm_sideL.png'
  00:04.219  render           | Saved: 'E:\WangZhen_Project\AI\ShuZiRen\Hermes\SZRYanJiu\v3_QuadRemesher_交付\01A眼窝与眼球\screenshots\v39_tex_front.png'
  00:04.641  render           | Saved: 'E:\WangZhen_Project\AI\ShuZiRen\Hermes\SZRYanJiu\v3_QuadRemesher_交付\01A眼窝与眼球\screenshots\v39_tex_sideL.png'
迭代242完成

--- 迭代 243 ---
  01:27.235  render           | Saved: 'E:\WangZhen_Project\AI\ShuZiRen\Hermes\SZRYanJiu\v3_QuadRemesher_交付\01A眼窝与眼球\screenshots\01_1_eye_socket_front.png'
  01:27.375  render           | Saved: 'E:\WangZhen_Project\AI\ShuZiRen\Hermes\SZRYanJiu\v3_QuadRemesher_交付\01A眼窝与眼球\screenshots\01_1_eye_socket_side.png'
  make_eye_cup L: boundary ring M=90 (of 1 rings), ring relaxed x12, jump avg=0.46mm max=0.79mm
  recalc_face_normals: SKIPPED (v38, geometric only)
  geometric orientation: reversed 1920 bowl faces to face -Y, still wrong=0
  UV分配: 10710 loops, avg=(0.0793,0.0632), u=[0.0000,1.0000] v=[0.0000,1.0000]
  make_eye_cup R: boundary ring M=89 (of 1 rings), ring relaxed x12, jump avg=0.47mm max=0.87mm
  recalc_face_normals: SKIPPED (v38, geometric only)
  geometric orientation: reversed 247 bowl faces to face -Y, still wrong=0
  UV分配: 9844 loops, avg=(0.5786,0.1021), u=[0.0000,1.0000] v=[0.0000,1.0000]
  Saved: E:\WangZhen_Project\AI\ShuZiRen\Hermes\SZRYanJiu\v3_QuadRemesher_交付\01A眼窝与眼球\models\01_1_eye_socket.blend
  00:02.969  render           | Saved: 'E:\WangZhen_Project\AI\ShuZiRen\Hermes\SZRYanJiu\v3_QuadRemesher_交付\01A眼窝与眼球\screenshots\v39_norm_front.png'
  00:03.359  render           | Saved: 'E:\WangZhen_Project\AI\ShuZiRen\Hermes\SZRYanJiu\v3_QuadRemesher_交付\01A眼窝与眼球\screenshots\v39_norm_sideL.png'
  00:04.219  render           | Saved: 'E:\WangZhen_Project\AI\ShuZiRen\Hermes\SZRYanJiu\v3_QuadRemesher_交付\01A眼窝与眼球\screenshots\v39_tex_front.png'
  00:04.640  render           | Saved: 'E:\WangZhen_Project\AI\ShuZiRen\Hermes\SZRYanJiu\v3_QuadRemesher_交付\01A眼窝与眼球\screenshots\v39_tex_sideL.png'
迭代243完成

--- 迭代 244 ---
  01:27.391  render           | Saved: 'E:\WangZhen_Project\AI\ShuZiRen\Hermes\SZRYanJiu\v3_QuadRemesher_交付\01A眼窝与眼球\screenshots\01_1_eye_socket_front.png'
  01:27.516  render           | Saved: 'E:\WangZhen_Project\AI\ShuZiRen\Hermes\SZRYanJiu\v3_QuadRemesher_交付\01A眼窝与眼球\screenshots\01_1_eye_socket_side.png'
  make_eye_cup L: boundary ring M=90 (of 1 rings), ring relaxed x12, jump avg=0.46mm max=0.79mm
  recalc_face_normals: SKIPPED (v38, geometric only)
  geometric orientation: reversed 1920 bowl faces to face -Y, still wrong=0
  UV分配: 10710 loops, avg=(0.0793,0.0632), u=[0.0000,1.0000] v=[0.0000,1.0000]
  make_eye_cup R: boundary ring M=89 (of 1 rings), ring relaxed x12, jump avg=0.47mm max=0.87mm
  recalc_face_normals: SKIPPED (v38, geometric only)
  geometric orientation: reversed 247 bowl faces to face -Y, still wrong=0
  UV分配: 9844 loops, avg=(0.5786,0.1021), u=[0.0000,1.0000] v=[0.0000,1.0000]
  Saved: E:\WangZhen_Project\AI\ShuZiRen\Hermes\SZRYanJiu\v3_QuadRemesher_交付\01A眼窝与眼球\models\01_1_eye_socket.blend
  00:02.969  render           | Saved: 'E:\WangZhen_Project\AI\ShuZiRen\Hermes\SZRYanJiu\v3_QuadRemesher_交付\01A眼窝与眼球\screenshots\v39_norm_front.png'
  00:03.375  render           | Saved: 'E:\WangZhen_Project\AI\ShuZiRen\Hermes\SZRYanJiu\v3_QuadRemesher_交付\01A眼窝与眼球\screenshots\v39_norm_sideL.png'
  00:04.235  render           | Saved: 'E:\WangZhen_Project\AI\ShuZiRen\Hermes\SZRYanJiu\v3_QuadRemesher_交付\01A眼窝与眼球\screenshots\v39_tex_front.png'
  00:04.641  render           | Saved: 'E:\WangZhen_Project\AI\ShuZiRen\Hermes\SZRYanJiu\v3_QuadRemesher_交付\01A眼窝与眼球\screenshots\v39_tex_sideL.png'
迭代244完成

--- 迭代 245 ---
  01:27.313  render           | Saved: 'E:\WangZhen_Project\AI\ShuZiRen\Hermes\SZRYanJiu\v3_QuadRemesher_交付\01A眼窝与眼球\screenshots\01_1_eye_socket_front.png'
  01:27.453  render           | Saved: 'E:\WangZhen_Project\AI\ShuZiRen\Hermes\SZRYanJiu\v3_QuadRemesher_交付\01A眼窝与眼球\screenshots\01_1_eye_socket_side.png'
  make_eye_cup L: boundary ring M=90 (of 1 rings), ring relaxed x12, jump avg=0.46mm max=0.79mm
  recalc_face_normals: SKIPPED (v38, geometric only)
  geometric orientation: reversed 1920 bowl faces to face -Y, still wrong=0
  UV分配: 10710 loops, avg=(0.0793,0.0632), u=[0.0000,1.0000] v=[0.0000,1.0000]
  make_eye_cup R: boundary ring M=89 (of 1 rings), ring relaxed x12, jump avg=0.47mm max=0.87mm
  recalc_face_normals: SKIPPED (v38, geometric only)
  geometric orientation: reversed 247 bowl faces to face -Y, still wrong=0
  UV分配: 9844 loops, avg=(0.5786,0.1021), u=[0.0000,1.0000] v=[0.0000,1.0000]
  Saved: E:\WangZhen_Project\AI\ShuZiRen\Hermes\SZRYanJiu\v3_QuadRemesher_交付\01A眼窝与眼球\models\01_1_eye_socket.blend
  00:02.985  render           | Saved: 'E:\WangZhen_Project\AI\ShuZiRen\Hermes\SZRYanJiu\v3_QuadRemesher_交付\01A眼窝与眼球\screenshots\v39_norm_front.png'
  00:03.375  render           | Saved: 'E:\WangZhen_Project\AI\ShuZiRen\Hermes\SZRYanJiu\v3_QuadRemesher_交付\01A眼窝与眼球\screenshots\v39_norm_sideL.png'
  00:04.235  render           | Saved: 'E:\WangZhen_Project\AI\ShuZiRen\Hermes\SZRYanJiu\v3_QuadRemesher_交付\01A眼窝与眼球\screenshots\v39_tex_front.png'
  00:04.657  render           | Saved: 'E:\WangZhen_Project\AI\ShuZiRen\Hermes\SZRYanJiu\v3_QuadRemesher_交付\01A眼窝与眼球\screenshots\v39_tex_sideL.png'
迭代245完成

--- 迭代 246 ---
  01:27.218  render           | Saved: 'E:\WangZhen_Project\AI\ShuZiRen\Hermes\SZRYanJiu\v3_QuadRemesher_交付\01A眼窝与眼球\screenshots\01_1_eye_socket_front.png'
  01:27.343  render           | Saved: 'E:\WangZhen_Project\AI\ShuZiRen\Hermes\SZRYanJiu\v3_QuadRemesher_交付\01A眼窝与眼球\screenshots\01_1_eye_socket_side.png'
  make_eye_cup L: boundary ring M=90 (of 1 rings), ring relaxed x12, jump avg=0.46mm max=0.79mm
  recalc_face_normals: SKIPPED (v38, geometric only)
  geometric orientation: reversed 1920 bowl faces to face -Y, still wrong=0
  UV分配: 10710 loops, avg=(0.0793,0.0632), u=[0.0000,1.0000] v=[0.0000,1.0000]
  make_eye_cup R: boundary ring M=89 (of 1 rings), ring relaxed x12, jump avg=0.47mm max=0.87mm
  recalc_face_normals: SKIPPED (v38, geometric only)
  geometric orientation: reversed 247 bowl faces to face -Y, still wrong=0
  UV分配: 9844 loops, avg=(0.5786,0.1021), u=[0.0000,1.0000] v=[0.0000,1.0000]
  Saved: E:\WangZhen_Project\AI\ShuZiRen\Hermes\SZRYanJiu\v3_QuadRemesher_交付\01A眼窝与眼球\models\01_1_eye_socket.blend
  00:02.985  render           | Saved: 'E:\WangZhen_Project\AI\ShuZiRen\Hermes\SZRYanJiu\v3_QuadRemesher_交付\01A眼窝与眼球\screenshots\v39_norm_front.png'
  00:03.375  render           | Saved: 'E:\WangZhen_Project\AI\ShuZiRen\Hermes\SZRYanJiu\v3_QuadRemesher_交付\01A眼窝与眼球\screenshots\v39_norm_sideL.png'
  00:04.235  render           | Saved: 'E:\WangZhen_Project\AI\ShuZiRen\Hermes\SZRYanJiu\v3_QuadRemesher_交付\01A眼窝与眼球\screenshots\v39_tex_front.png'
  00:04.641  render           | Saved: 'E:\WangZhen_Project\AI\ShuZiRen\Hermes\SZRYanJiu\v3_QuadRemesher_交付\01A眼窝与眼球\screenshots\v39_tex_sideL.png'
迭代246完成

--- 迭代 247 ---
  01:27.157  render           | Saved: 'E:\WangZhen_Project\AI\ShuZiRen\Hermes\SZRYanJiu\v3_QuadRemesher_交付\01A眼窝与眼球\screenshots\01_1_eye_socket_front.png'
  01:27.282  render           | Saved: 'E:\WangZhen_Project\AI\ShuZiRen\Hermes\SZRYanJiu\v3_QuadRemesher_交付\01A眼窝与眼球\screenshots\01_1_eye_socket_side.png'
  make_eye_cup L: boundary ring M=90 (of 1 rings), ring relaxed x12, jump avg=0.46mm max=0.79mm
  recalc_face_normals: SKIPPED (v38, geometric only)
  geometric orientation: reversed 1920 bowl faces to face -Y, still wrong=0
  UV分配: 10710 loops, avg=(0.0793,0.0632), u=[0.0000,1.0000] v=[0.0000,1.0000]
  make_eye_cup R: boundary ring M=89 (of 1 rings), ring relaxed x12, jump avg=0.47mm max=0.87mm
  recalc_face_normals: SKIPPED (v38, geometric only)
  geometric orientation: reversed 247 bowl faces to face -Y, still wrong=0
  UV分配: 9844 loops, avg=(0.5786,0.1021), u=[0.0000,1.0000] v=[0.0000,1.0000]
  Saved: E:\WangZhen_Project\AI\ShuZiRen\Hermes\SZRYanJiu\v3_QuadRemesher_交付\01A眼窝与眼球\models\01_1_eye_socket.blend
  00:02.968  render           | Saved: 'E:\WangZhen_Project\AI\ShuZiRen\Hermes\SZRYanJiu\v3_QuadRemesher_交付\01A眼窝与眼球\screenshots\v39_norm_front.png'
  00:03.359  render           | Saved: 'E:\WangZhen_Project\AI\ShuZiRen\Hermes\SZRYanJiu\v3_QuadRemesher_交付\01A眼窝与眼球\screenshots\v39_norm_sideL.png'
  00:04.203  render           | Saved: 'E:\WangZhen_Project\AI\ShuZiRen\Hermes\SZRYanJiu\v3_QuadRemesher_交付\01A眼窝与眼球\screenshots\v39_tex_front.png'
  00:04.625  render           | Saved: 'E:\WangZhen_Project\AI\ShuZiRen\Hermes\SZRYanJiu\v3_QuadRemesher_交付\01A眼窝与眼球\screenshots\v39_tex_sideL.png'
迭代247完成

--- 迭代 248 ---
  01:27.719  render           | Saved: 'E:\WangZhen_Project\AI\ShuZiRen\Hermes\SZRYanJiu\v3_QuadRemesher_交付\01A眼窝与眼球\screenshots\01_1_eye_socket_front.png'
  01:27.844  render           | Saved: 'E:\WangZhen_Project\AI\ShuZiRen\Hermes\SZRYanJiu\v3_QuadRemesher_交付\01A眼窝与眼球\screenshots\01_1_eye_socket_side.png'
  make_eye_cup L: boundary ring M=90 (of 1 rings), ring relaxed x12, jump avg=0.46mm max=0.79mm
  recalc_face_normals: SKIPPED (v38, geometric only)
  geometric orientation: reversed 1920 bowl faces to face -Y, still wrong=0
  UV分配: 10710 loops, avg=(0.0793,0.0632), u=[0.0000,1.0000] v=[0.0000,1.0000]
  make_eye_cup R: boundary ring M=89 (of 1 rings), ring relaxed x12, jump avg=0.47mm max=0.87mm
  recalc_face_normals: SKIPPED (v38, geometric only)
  geometric orientation: reversed 247 bowl faces to face -Y, still wrong=0
  UV分配: 9844 loops, avg=(0.5786,0.1021), u=[0.0000,1.0000] v=[0.0000,1.0000]
  Saved: E:\WangZhen_Project\AI\ShuZiRen\Hermes\SZRYanJiu\v3_QuadRemesher_交付\01A眼窝与眼球\models\01_1_eye_socket.blend
  00:02.984  render           | Saved: 'E:\WangZhen_Project\AI\ShuZiRen\Hermes\SZRYanJiu\v3_QuadRemesher_交付\01A眼窝与眼球\screenshots\v39_norm_front.png'
  00:03.359  render           | Saved: 'E:\WangZhen_Project\AI\ShuZiRen\Hermes\SZRYanJiu\v3_QuadRemesher_交付\01A眼窝与眼球\screenshots\v39_norm_sideL.png'
  00:04.219  render           | Saved: 'E:\WangZhen_Project\AI\ShuZiRen\Hermes\SZRYanJiu\v3_QuadRemesher_交付\01A眼窝与眼球\screenshots\v39_tex_front.png'
  00:04.641  render           | Saved: 'E:\WangZhen_Project\AI\ShuZiRen\Hermes\SZRYanJiu\v3_QuadRemesher_交付\01A眼窝与眼球\screenshots\v39_tex_sideL.png'
迭代248完成

--- 迭代 249 ---
  01:26.985  render           | Saved: 'E:\WangZhen_Project\AI\ShuZiRen\Hermes\SZRYanJiu\v3_QuadRemesher_交付\01A眼窝与眼球\screenshots\01_1_eye_socket_front.png'
  01:27.110  render           | Saved: 'E:\WangZhen_Project\AI\ShuZiRen\Hermes\SZRYanJiu\v3_QuadRemesher_交付\01A眼窝与眼球\screenshots\01_1_eye_socket_side.png'
  make_eye_cup L: boundary ring M=90 (of 1 rings), ring relaxed x12, jump avg=0.46mm max=0.79mm
  recalc_face_normals: SKIPPED (v38, geometric only)
  geometric orientation: reversed 1920 bowl faces to face -Y, still wrong=0
  UV分配: 10710 loops, avg=(0.0793,0.0632), u=[0.0000,1.0000] v=[0.0000,1.0000]
  make_eye_cup R: boundary ring M=89 (of 1 rings), ring relaxed x12, jump avg=0.47mm max=0.87mm
  recalc_face_normals: SKIPPED (v38, geometric only)
  geometric orientation: reversed 247 bowl faces to face -Y, still wrong=0
  UV分配: 9844 loops, avg=(0.5786,0.1021), u=[0.0000,1.0000] v=[0.0000,1.0000]
  Saved: E:\WangZhen_Project\AI\ShuZiRen\Hermes\SZRYanJiu\v3_QuadRemesher_交付\01A眼窝与眼球\models\01_1_eye_socket.blend
  00:02.968  render           | Saved: 'E:\WangZhen_Project\AI\ShuZiRen\Hermes\SZRYanJiu\v3_QuadRemesher_交付\01A眼窝与眼球\screenshots\v39_norm_front.png'
  00:03.375  render           | Saved: 'E:\WangZhen_Project\AI\ShuZiRen\Hermes\SZRYanJiu\v3_QuadRemesher_交付\01A眼窝与眼球\screenshots\v39_norm_sideL.png'
  00:04.218  render           | Saved: 'E:\WangZhen_Project\AI\ShuZiRen\Hermes\SZRYanJiu\v3_QuadRemesher_交付\01A眼窝与眼球\screenshots\v39_tex_front.png'
  00:04.625  render           | Saved: 'E:\WangZhen_Project\AI\ShuZiRen\Hermes\SZRYanJiu\v3_QuadRemesher_交付\01A眼窝与眼球\screenshots\v39_tex_sideL.png'
迭代249完成

--- 迭代 250 ---
  01:27.422  render           | Saved: 'E:\WangZhen_Project\AI\ShuZiRen\Hermes\SZRYanJiu\v3_QuadRemesher_交付\01A眼窝与眼球\screenshots\01_1_eye_socket_front.png'
  01:27.547  render           | Saved: 'E:\WangZhen_Project\AI\ShuZiRen\Hermes\SZRYanJiu\v3_QuadRemesher_交付\01A眼窝与眼球\screenshots\01_1_eye_socket_side.png'
  make_eye_cup L: boundary ring M=90 (of 1 rings), ring relaxed x12, jump avg=0.46mm max=0.79mm
  recalc_face_normals: SKIPPED (v38, geometric only)
  geometric orientation: reversed 1920 bowl faces to face -Y, still wrong=0
  UV分配: 10710 loops, avg=(0.0793,0.0632), u=[0.0000,1.0000] v=[0.0000,1.0000]
  make_eye_cup R: boundary ring M=89 (of 1 rings), ring relaxed x12, jump avg=0.47mm max=0.87mm
  recalc_face_normals: SKIPPED (v38, geometric only)
  geometric orientation: reversed 247 bowl faces to face -Y, still wrong=0
  UV分配: 9844 loops, avg=(0.5786,0.1021), u=[0.0000,1.0000] v=[0.0000,1.0000]
  Saved: E:\WangZhen_Project\AI\ShuZiRen\Hermes\SZRYanJiu\v3_QuadRemesher_交付\01A眼窝与眼球\models\01_1_eye_socket.blend
  00:03.000  render           | Saved: 'E:\WangZhen_Project\AI\ShuZiRen\Hermes\SZRYanJiu\v3_QuadRemesher_交付\01A眼窝与眼球\screenshots\v39_norm_front.png'
  00:03.407  render           | Saved: 'E:\WangZhen_Project\AI\ShuZiRen\Hermes\SZRYanJiu\v3_QuadRemesher_交付\01A眼窝与眼球\screenshots\v39_norm_sideL.png'
  00:04.250  render           | Saved: 'E:\WangZhen_Project\AI\ShuZiRen\Hermes\SZRYanJiu\v3_QuadRemesher_交付\01A眼窝与眼球\screenshots\v39_tex_front.png'
  00:04.672  render           | Saved: 'E:\WangZhen_Project\AI\ShuZiRen\Hermes\SZRYanJiu\v3_QuadRemesher_交付\01A眼窝与眼球\screenshots\v39_tex_sideL.png'
迭代250完成

--- 迭代 251 ---
  01:27.562  render           | Saved: 'E:\WangZhen_Project\AI\ShuZiRen\Hermes\SZRYanJiu\v3_QuadRemesher_交付\01A眼窝与眼球\screenshots\01_1_eye_socket_front.png'
  01:27.687  render           | Saved: 'E:\WangZhen_Project\AI\ShuZiRen\Hermes\SZRYanJiu\v3_QuadRemesher_交付\01A眼窝与眼球\screenshots\01_1_eye_socket_side.png'
  make_eye_cup L: boundary ring M=90 (of 1 rings), ring relaxed x12, jump avg=0.46mm max=0.79mm
  recalc_face_normals: SKIPPED (v38, geometric only)
  geometric orientation: reversed 1920 bowl faces to face -Y, still wrong=0
  UV分配: 10710 loops, avg=(0.0793,0.0632), u=[0.0000,1.0000] v=[0.0000,1.0000]
  make_eye_cup R: boundary ring M=89 (of 1 rings), ring relaxed x12, jump avg=0.47mm max=0.87mm
  recalc_face_normals: SKIPPED (v38, geometric only)
  geometric orientation: reversed 247 bowl faces to face -Y, still wrong=0
  UV分配: 9844 loops, avg=(0.5786,0.1021), u=[0.0000,1.0000] v=[0.0000,1.0000]
  Saved: E:\WangZhen_Project\AI\ShuZiRen\Hermes\SZRYanJiu\v3_QuadRemesher_交付\01A眼窝与眼球\models\01_1_eye_socket.blend
  00:03.000  render           | Saved: 'E:\WangZhen_Project\AI\ShuZiRen\Hermes\SZRYanJiu\v3_QuadRemesher_交付\01A眼窝与眼球\screenshots\v39_norm_front.png'
  00:03.391  render           | Saved: 'E:\WangZhen_Project\AI\ShuZiRen\Hermes\SZRYanJiu\v3_QuadRemesher_交付\01A眼窝与眼球\screenshots\v39_norm_sideL.png'
  00:04.235  render           | Saved: 'E:\WangZhen_Project\AI\ShuZiRen\Hermes\SZRYanJiu\v3_QuadRemesher_交付\01A眼窝与眼球\screenshots\v39_tex_front.png'
  00:04.656  render           | Saved: 'E:\WangZhen_Project\AI\ShuZiRen\Hermes\SZRYanJiu\v3_QuadRemesher_交付\01A眼窝与眼球\screenshots\v39_tex_sideL.png'
迭代251完成

--- 迭代 252 ---
  01:27.312  render           | Saved: 'E:\WangZhen_Project\AI\ShuZiRen\Hermes\SZRYanJiu\v3_QuadRemesher_交付\01A眼窝与眼球\screenshots\01_1_eye_socket_front.png'
  01:27.437  render           | Saved: 'E:\WangZhen_Project\AI\ShuZiRen\Hermes\SZRYanJiu\v3_QuadRemesher_交付\01A眼窝与眼球\screenshots\01_1_eye_socket_side.png'
  make_eye_cup L: boundary ring M=90 (of 1 rings), ring relaxed x12, jump avg=0.46mm max=0.79mm
  recalc_face_normals: SKIPPED (v38, geometric only)
  geometric orientation: reversed 1920 bowl faces to face -Y, still wrong=0
  UV分配: 10710 loops, avg=(0.0793,0.0632), u=[0.0000,1.0000] v=[0.0000,1.0000]
  make_eye_cup R: boundary ring M=89 (of 1 rings), ring relaxed x12, jump avg=0.47mm max=0.87mm
  recalc_face_normals: SKIPPED (v38, geometric only)
  geometric orientation: reversed 247 bowl faces to face -Y, still wrong=0
  UV分配: 9844 loops, avg=(0.5786,0.1021), u=[0.0000,1.0000] v=[0.0000,1.0000]
  Saved: E:\WangZhen_Project\AI\ShuZiRen\Hermes\SZRYanJiu\v3_QuadRemesher_交付\01A眼窝与眼球\models\01_1_eye_socket.blend
  00:03.000  render           | Saved: 'E:\WangZhen_Project\AI\ShuZiRen\Hermes\SZRYanJiu\v3_QuadRemesher_交付\01A眼窝与眼球\screenshots\v39_norm_front.png'
  00:03.375  render           | Saved: 'E:\WangZhen_Project\AI\ShuZiRen\Hermes\SZRYanJiu\v3_QuadRemesher_交付\01A眼窝与眼球\screenshots\v39_norm_sideL.png'
  00:04.234  render           | Saved: 'E:\WangZhen_Project\AI\ShuZiRen\Hermes\SZRYanJiu\v3_QuadRemesher_交付\01A眼窝与眼球\screenshots\v39_tex_front.png'
  00:04.656  render           | Saved: 'E:\WangZhen_Project\AI\ShuZiRen\Hermes\SZRYanJiu\v3_QuadRemesher_交付\01A眼窝与眼球\screenshots\v39_tex_sideL.png'
迭代252完成

--- 迭代 253 ---
  01:27.469  render           | Saved: 'E:\WangZhen_Project\AI\ShuZiRen\Hermes\SZRYanJiu\v3_QuadRemesher_交付\01A眼窝与眼球\screenshots\01_1_eye_socket_front.png'
  01:27.594  render           | Saved: 'E:\WangZhen_Project\AI\ShuZiRen\Hermes\SZRYanJiu\v3_QuadRemesher_交付\01A眼窝与眼球\screenshots\01_1_eye_socket_side.png'
  make_eye_cup L: boundary ring M=90 (of 1 rings), ring relaxed x12, jump avg=0.46mm max=0.79mm
  recalc_face_normals: SKIPPED (v38, geometric only)
  geometric orientation: reversed 1920 bowl faces to face -Y, still wrong=0
  UV分配: 10710 loops, avg=(0.0793,0.0632), u=[0.0000,1.0000] v=[0.0000,1.0000]
  make_eye_cup R: boundary ring M=89 (of 1 rings), ring relaxed x12, jump avg=0.47mm max=0.87mm
  recalc_face_normals: SKIPPED (v38, geometric only)
  geometric orientation: reversed 247 bowl faces to face -Y, still wrong=0
  UV分配: 9844 loops, avg=(0.5786,0.1021), u=[0.0000,1.0000] v=[0.0000,1.0000]
  Saved: E:\WangZhen_Project\AI\ShuZiRen\Hermes\SZRYanJiu\v3_QuadRemesher_交付\01A眼窝与眼球\models\01_1_eye_socket.blend
  00:03.000  render           | Saved: 'E:\WangZhen_Project\AI\ShuZiRen\Hermes\SZRYanJiu\v3_QuadRemesher_交付\01A眼窝与眼球\screenshots\v39_norm_front.png'
  00:03.390  render           | Saved: 'E:\WangZhen_Project\AI\ShuZiRen\Hermes\SZRYanJiu\v3_QuadRemesher_交付\01A眼窝与眼球\screenshots\v39_norm_sideL.png'
  00:04.234  render           | Saved: 'E:\WangZhen_Project\AI\ShuZiRen\Hermes\SZRYanJiu\v3_QuadRemesher_交付\01A眼窝与眼球\screenshots\v39_tex_front.png'
  00:04.656  render           | Saved: 'E:\WangZhen_Project\AI\ShuZiRen\Hermes\SZRYanJiu\v3_QuadRemesher_交付\01A眼窝与眼球\screenshots\v39_tex_sideL.png'
迭代253完成

--- 迭代 254 ---
  01:27.718  render           | Saved: 'E:\WangZhen_Project\AI\ShuZiRen\Hermes\SZRYanJiu\v3_QuadRemesher_交付\01A眼窝与眼球\screenshots\01_1_eye_socket_front.png'
  01:27.859  render           | Saved: 'E:\WangZhen_Project\AI\ShuZiRen\Hermes\SZRYanJiu\v3_QuadRemesher_交付\01A眼窝与眼球\screenshots\01_1_eye_socket_side.png'
  make_eye_cup L: boundary ring M=90 (of 1 rings), ring relaxed x12, jump avg=0.46mm max=0.79mm
  recalc_face_normals: SKIPPED (v38, geometric only)
  geometric orientation: reversed 1920 bowl faces to face -Y, still wrong=0
  UV分配: 10710 loops, avg=(0.0793,0.0632), u=[0.0000,1.0000] v=[0.0000,1.0000]
  make_eye_cup R: boundary ring M=89 (of 1 rings), ring relaxed x12, jump avg=0.47mm max=0.87mm
  recalc_face_normals: SKIPPED (v38, geometric only)
  geometric orientation: reversed 247 bowl faces to face -Y, still wrong=0
  UV分配: 9844 loops, avg=(0.5786,0.1021), u=[0.0000,1.0000] v=[0.0000,1.0000]
  Saved: E:\WangZhen_Project\AI\ShuZiRen\Hermes\SZRYanJiu\v3_QuadRemesher_交付\01A眼窝与眼球\models\01_1_eye_socket.blend
  00:02.984  render           | Saved: 'E:\WangZhen_Project\AI\ShuZiRen\Hermes\SZRYanJiu\v3_QuadRemesher_交付\01A眼窝与眼球\screenshots\v39_norm_front.png'
  00:03.375  render           | Saved: 'E:\WangZhen_Project\AI\ShuZiRen\Hermes\SZRYanJiu\v3_QuadRemesher_交付\01A眼窝与眼球\screenshots\v39_norm_sideL.png'
  00:04.219  render           | Saved: 'E:\WangZhen_Project\AI\ShuZiRen\Hermes\SZRYanJiu\v3_QuadRemesher_交付\01A眼窝与眼球\screenshots\v39_tex_front.png'
  00:04.641  render           | Saved: 'E:\WangZhen_Project\AI\ShuZiRen\Hermes\SZRYanJiu\v3_QuadRemesher_交付\01A眼窝与眼球\screenshots\v39_tex_sideL.png'
迭代254完成

--- 迭代 255 ---
  01:26.968  render           | Saved: 'E:\WangZhen_Project\AI\ShuZiRen\Hermes\SZRYanJiu\v3_QuadRemesher_交付\01A眼窝与眼球\screenshots\01_1_eye_socket_front.png'
  01:27.093  render           | Saved: 'E:\WangZhen_Project\AI\ShuZiRen\Hermes\SZRYanJiu\v3_QuadRemesher_交付\01A眼窝与眼球\screenshots\01_1_eye_socket_side.png'
  make_eye_cup L: boundary ring M=90 (of 1 rings), ring relaxed x12, jump avg=0.46mm max=0.79mm
  recalc_face_normals: SKIPPED (v38, geometric only)
  geometric orientation: reversed 1920 bowl faces to face -Y, still wrong=0
  UV分配: 10710 loops, avg=(0.0793,0.0632), u=[0.0000,1.0000] v=[0.0000,1.0000]
  make_eye_cup R: boundary ring M=89 (of 1 rings), ring relaxed x12, jump avg=0.47mm max=0.87mm
  recalc_face_normals: SKIPPED (v38, geometric only)
  geometric orientation: reversed 247 bowl faces to face -Y, still wrong=0
  UV分配: 9844 loops, avg=(0.5786,0.1021), u=[0.0000,1.0000] v=[0.0000,1.0000]
  Saved: E:\WangZhen_Project\AI\ShuZiRen\Hermes\SZRYanJiu\v3_QuadRemesher_交付\01A眼窝与眼球\models\01_1_eye_socket.blend
  00:02.985  render           | Saved: 'E:\WangZhen_Project\AI\ShuZiRen\Hermes\SZRYanJiu\v3_QuadRemesher_交付\01A眼窝与眼球\screenshots\v39_norm_front.png'
  00:03.391  render           | Saved: 'E:\WangZhen_Project\AI\ShuZiRen\Hermes\SZRYanJiu\v3_QuadRemesher_交付\01A眼窝与眼球\screenshots\v39_norm_sideL.png'
  00:04.250  render           | Saved: 'E:\WangZhen_Project\AI\ShuZiRen\Hermes\SZRYanJiu\v3_QuadRemesher_交付\01A眼窝与眼球\screenshots\v39_tex_front.png'
  00:04.688  render           | Saved: 'E:\WangZhen_Project\AI\ShuZiRen\Hermes\SZRYanJiu\v3_QuadRemesher_交付\01A眼窝与眼球\screenshots\v39_tex_sideL.png'
迭代255完成

--- 迭代 256 ---
  01:27.125  render           | Saved: 'E:\WangZhen_Project\AI\ShuZiRen\Hermes\SZRYanJiu\v3_QuadRemesher_交付\01A眼窝与眼球\screenshots\01_1_eye_socket_front.png'
  01:27.250  render           | Saved: 'E:\WangZhen_Project\AI\ShuZiRen\Hermes\SZRYanJiu\v3_QuadRemesher_交付\01A眼窝与眼球\screenshots\01_1_eye_socket_side.png'
  make_eye_cup L: boundary ring M=90 (of 1 rings), ring relaxed x12, jump avg=0.46mm max=0.79mm
  recalc_face_normals: SKIPPED (v38, geometric only)
  geometric orientation: reversed 1920 bowl faces to face -Y, still wrong=0
  UV分配: 10710 loops, avg=(0.0793,0.0632), u=[0.0000,1.0000] v=[0.0000,1.0000]
  make_eye_cup R: boundary ring M=89 (of 1 rings), ring relaxed x12, jump avg=0.47mm max=0.87mm
  recalc_face_normals: SKIPPED (v38, geometric only)
  geometric orientation: reversed 247 bowl faces to face -Y, still wrong=0
  UV分配: 9844 loops, avg=(0.5786,0.1021), u=[0.0000,1.0000] v=[0.0000,1.0000]
  Saved: E:\WangZhen_Project\AI\ShuZiRen\Hermes\SZRYanJiu\v3_QuadRemesher_交付\01A眼窝与眼球\models\01_1_eye_socket.blend
  00:02.985  render           | Saved: 'E:\WangZhen_Project\AI\ShuZiRen\Hermes\SZRYanJiu\v3_QuadRemesher_交付\01A眼窝与眼球\screenshots\v39_norm_front.png'
  00:03.375  render           | Saved: 'E:\WangZhen_Project\AI\ShuZiRen\Hermes\SZRYanJiu\v3_QuadRemesher_交付\01A眼窝与眼球\screenshots\v39_norm_sideL.png'
  00:04.219  render           | Saved: 'E:\WangZhen_Project\AI\ShuZiRen\Hermes\SZRYanJiu\v3_QuadRemesher_交付\01A眼窝与眼球\screenshots\v39_tex_front.png'
  00:04.641  render           | Saved: 'E:\WangZhen_Project\AI\ShuZiRen\Hermes\SZRYanJiu\v3_QuadRemesher_交付\01A眼窝与眼球\screenshots\v39_tex_sideL.png'
迭代256完成

--- 迭代 257 ---
  01:27.453  render           | Saved: 'E:\WangZhen_Project\AI\ShuZiRen\Hermes\SZRYanJiu\v3_QuadRemesher_交付\01A眼窝与眼球\screenshots\01_1_eye_socket_front.png'
  01:27.578  render           | Saved: 'E:\WangZhen_Project\AI\ShuZiRen\Hermes\SZRYanJiu\v3_QuadRemesher_交付\01A眼窝与眼球\screenshots\01_1_eye_socket_side.png'
  make_eye_cup L: boundary ring M=90 (of 1 rings), ring relaxed x12, jump avg=0.46mm max=0.79mm
  recalc_face_normals: SKIPPED (v38, geometric only)
  geometric orientation: reversed 1920 bowl faces to face -Y, still wrong=0
  UV分配: 10710 loops, avg=(0.0793,0.0632), u=[0.0000,1.0000] v=[0.0000,1.0000]
  make_eye_cup R: boundary ring M=89 (of 1 rings), ring relaxed x12, jump avg=0.47mm max=0.87mm
  recalc_face_normals: SKIPPED (v38, geometric only)
  geometric orientation: reversed 247 bowl faces to face -Y, still wrong=0
  UV分配: 9844 loops, avg=(0.5786,0.1021), u=[0.0000,1.0000] v=[0.0000,1.0000]
  Saved: E:\WangZhen_Project\AI\ShuZiRen\Hermes\SZRYanJiu\v3_QuadRemesher_交付\01A眼窝与眼球\models\01_1_eye_socket.blend
  00:03.031  render           | Saved: 'E:\WangZhen_Project\AI\ShuZiRen\Hermes\SZRYanJiu\v3_QuadRemesher_交付\01A眼窝与眼球\screenshots\v39_norm_front.png'
  00:03.422  render           | Saved: 'E:\WangZhen_Project\AI\ShuZiRen\Hermes\SZRYanJiu\v3_QuadRemesher_交付\01A眼窝与眼球\screenshots\v39_norm_sideL.png'
  00:04.297  render           | Saved: 'E:\WangZhen_Project\AI\ShuZiRen\Hermes\SZRYanJiu\v3_QuadRemesher_交付\01A眼窝与眼球\screenshots\v39_tex_front.png'
  00:04.718  render           | Saved: 'E:\WangZhen_Project\AI\ShuZiRen\Hermes\SZRYanJiu\v3_QuadRemesher_交付\01A眼窝与眼球\screenshots\v39_tex_sideL.png'
迭代257完成

--- 迭代 258 ---
  01:27.984  render           | Saved: 'E:\WangZhen_Project\AI\ShuZiRen\Hermes\SZRYanJiu\v3_QuadRemesher_交付\01A眼窝与眼球\screenshots\01_1_eye_socket_front.png'
  01:28.125  render           | Saved: 'E:\WangZhen_Project\AI\ShuZiRen\Hermes\SZRYanJiu\v3_QuadRemesher_交付\01A眼窝与眼球\screenshots\01_1_eye_socket_side.png'
  make_eye_cup L: boundary ring M=90 (of 1 rings), ring relaxed x12, jump avg=0.46mm max=0.79mm
  recalc_face_normals: SKIPPED (v38, geometric only)
  geometric orientation: reversed 1920 bowl faces to face -Y, still wrong=0
  UV分配: 10710 loops, avg=(0.0793,0.0632), u=[0.0000,1.0000] v=[0.0000,1.0000]
  make_eye_cup R: boundary ring M=89 (of 1 rings), ring relaxed x12, jump avg=0.47mm max=0.87mm
  recalc_face_normals: SKIPPED (v38, geometric only)
  geometric orientation: reversed 247 bowl faces to face -Y, still wrong=0
  UV分配: 9844 loops, avg=(0.5786,0.1021), u=[0.0000,1.0000] v=[0.0000,1.0000]
  Saved: E:\WangZhen_Project\AI\ShuZiRen\Hermes\SZRYanJiu\v3_QuadRemesher_交付\01A眼窝与眼球\models\01_1_eye_socket.blend
  00:02.969  render           | Saved: 'E:\WangZhen_Project\AI\ShuZiRen\Hermes\SZRYanJiu\v3_QuadRemesher_交付\01A眼窝与眼球\screenshots\v39_norm_front.png'
  00:03.375  render           | Saved: 'E:\WangZhen_Project\AI\ShuZiRen\Hermes\SZRYanJiu\v3_QuadRemesher_交付\01A眼窝与眼球\screenshots\v39_norm_sideL.png'
  00:04.219  render           | Saved: 'E:\WangZhen_Project\AI\ShuZiRen\Hermes\SZRYanJiu\v3_QuadRemesher_交付\01A眼窝与眼球\screenshots\v39_tex_front.png'
  00:04.641  render           | Saved: 'E:\WangZhen_Project\AI\ShuZiRen\Hermes\SZRYanJiu\v3_QuadRemesher_交付\01A眼窝与眼球\screenshots\v39_tex_sideL.png'
迭代258完成

--- 迭代 259 ---
  01:27.141  render           | Saved: 'E:\WangZhen_Project\AI\ShuZiRen\Hermes\SZRYanJiu\v3_QuadRemesher_交付\01A眼窝与眼球\screenshots\01_1_eye_socket_front.png'
  01:27.266  render           | Saved: 'E:\WangZhen_Project\AI\ShuZiRen\Hermes\SZRYanJiu\v3_QuadRemesher_交付\01A眼窝与眼球\screenshots\01_1_eye_socket_side.png'
  make_eye_cup L: boundary ring M=90 (of 1 rings), ring relaxed x12, jump avg=0.46mm max=0.79mm
  recalc_face_normals: SKIPPED (v38, geometric only)
  geometric orientation: reversed 1920 bowl faces to face -Y, still wrong=0
  UV分配: 10710 loops, avg=(0.0793,0.0632), u=[0.0000,1.0000] v=[0.0000,1.0000]
  make_eye_cup R: boundary ring M=89 (of 1 rings), ring relaxed x12, jump avg=0.47mm max=0.87mm
  recalc_face_normals: SKIPPED (v38, geometric only)
  geometric orientation: reversed 247 bowl faces to face -Y, still wrong=0
  UV分配: 9844 loops, avg=(0.5786,0.1021), u=[0.0000,1.0000] v=[0.0000,1.0000]
  Saved: E:\WangZhen_Project\AI\ShuZiRen\Hermes\SZRYanJiu\v3_QuadRemesher_交付\01A眼窝与眼球\models\01_1_eye_socket.blend
  00:02.984  render           | Saved: 'E:\WangZhen_Project\AI\ShuZiRen\Hermes\SZRYanJiu\v3_QuadRemesher_交付\01A眼窝与眼球\screenshots\v39_norm_front.png'
  00:03.375  render           | Saved: 'E:\WangZhen_Project\AI\ShuZiRen\Hermes\SZRYanJiu\v3_QuadRemesher_交付\01A眼窝与眼球\screenshots\v39_norm_sideL.png'
  00:04.218  render           | Saved: 'E:\WangZhen_Project\AI\ShuZiRen\Hermes\SZRYanJiu\v3_QuadRemesher_交付\01A眼窝与眼球\screenshots\v39_tex_front.png'
  00:04.640  render           | Saved: 'E:\WangZhen_Project\AI\ShuZiRen\Hermes\SZRYanJiu\v3_QuadRemesher_交付\01A眼窝与眼球\screenshots\v39_tex_sideL.png'
迭代259完成

--- 迭代 260 ---
  01:27.140  render           | Saved: 'E:\WangZhen_Project\AI\ShuZiRen\Hermes\SZRYanJiu\v3_QuadRemesher_交付\01A眼窝与眼球\screenshots\01_1_eye_socket_front.png'
  01:27.281  render           | Saved: 'E:\WangZhen_Project\AI\ShuZiRen\Hermes\SZRYanJiu\v3_QuadRemesher_交付\01A眼窝与眼球\screenshots\01_1_eye_socket_side.png'
  make_eye_cup L: boundary ring M=90 (of 1 rings), ring relaxed x12, jump avg=0.46mm max=0.79mm
  recalc_face_normals: SKIPPED (v38, geometric only)
  geometric orientation: reversed 1920 bowl faces to face -Y, still wrong=0
  UV分配: 10710 loops, avg=(0.0793,0.0632), u=[0.0000,1.0000] v=[0.0000,1.0000]
  make_eye_cup R: boundary ring M=89 (of 1 rings), ring relaxed x12, jump avg=0.47mm max=0.87mm
  recalc_face_normals: SKIPPED (v38, geometric only)
  geometric orientation: reversed 247 bowl faces to face -Y, still wrong=0
  UV分配: 9844 loops, avg=(0.5786,0.1021), u=[0.0000,1.0000] v=[0.0000,1.0000]
  Saved: E:\WangZhen_Project\AI\ShuZiRen\Hermes\SZRYanJiu\v3_QuadRemesher_交付\01A眼窝与眼球\models\01_1_eye_socket.blend
  00:02.984  render           | Saved: 'E:\WangZhen_Project\AI\ShuZiRen\Hermes\SZRYanJiu\v3_QuadRemesher_交付\01A眼窝与眼球\screenshots\v39_norm_front.png'
  00:03.391  render           | Saved: 'E:\WangZhen_Project\AI\ShuZiRen\Hermes\SZRYanJiu\v3_QuadRemesher_交付\01A眼窝与眼球\screenshots\v39_norm_sideL.png'
  00:04.234  render           | Saved: 'E:\WangZhen_Project\AI\ShuZiRen\Hermes\SZRYanJiu\v3_QuadRemesher_交付\01A眼窝与眼球\screenshots\v39_tex_front.png'
  00:04.656  render           | Saved: 'E:\WangZhen_Project\AI\ShuZiRen\Hermes\SZRYanJiu\v3_QuadRemesher_交付\01A眼窝与眼球\screenshots\v39_tex_sideL.png'
迭代260完成

--- 迭代 261 ---
  01:27.516  render           | Saved: 'E:\WangZhen_Project\AI\ShuZiRen\Hermes\SZRYanJiu\v3_QuadRemesher_交付\01A眼窝与眼球\screenshots\01_1_eye_socket_front.png'
  01:27.641  render           | Saved: 'E:\WangZhen_Project\AI\ShuZiRen\Hermes\SZRYanJiu\v3_QuadRemesher_交付\01A眼窝与眼球\screenshots\01_1_eye_socket_side.png'
  make_eye_cup L: boundary ring M=90 (of 1 rings), ring relaxed x12, jump avg=0.46mm max=0.79mm
  recalc_face_normals: SKIPPED (v38, geometric only)
  geometric orientation: reversed 1920 bowl faces to face -Y, still wrong=0
  UV分配: 10710 loops, avg=(0.0793,0.0632), u=[0.0000,1.0000] v=[0.0000,1.0000]
  make_eye_cup R: boundary ring M=89 (of 1 rings), ring relaxed x12, jump avg=0.47mm max=0.87mm
  recalc_face_normals: SKIPPED (v38, geometric only)
  geometric orientation: reversed 247 bowl faces to face -Y, still wrong=0
  UV分配: 9844 loops, avg=(0.5786,0.1021), u=[0.0000,1.0000] v=[0.0000,1.0000]
  Saved: E:\WangZhen_Project\AI\ShuZiRen\Hermes\SZRYanJiu\v3_QuadRemesher_交付\01A眼窝与眼球\models\01_1_eye_socket.blend
  00:02.968  render           | Saved: 'E:\WangZhen_Project\AI\ShuZiRen\Hermes\SZRYanJiu\v3_QuadRemesher_交付\01A眼窝与眼球\screenshots\v39_norm_front.png'
  00:03.359  render           | Saved: 'E:\WangZhen_Project\AI\ShuZiRen\Hermes\SZRYanJiu\v3_QuadRemesher_交付\01A眼窝与眼球\screenshots\v39_norm_sideL.png'
  00:04.218  render           | Saved: 'E:\WangZhen_Project\AI\ShuZiRen\Hermes\SZRYanJiu\v3_QuadRemesher_交付\01A眼窝与眼球\screenshots\v39_tex_front.png'
  00:04.640  render           | Saved: 'E:\WangZhen_Project\AI\ShuZiRen\Hermes\SZRYanJiu\v3_QuadRemesher_交付\01A眼窝与眼球\screenshots\v39_tex_sideL.png'
迭代261完成

--- 迭代 262 ---
  01:27.438  render           | Saved: 'E:\WangZhen_Project\AI\ShuZiRen\Hermes\SZRYanJiu\v3_QuadRemesher_交付\01A眼窝与眼球\screenshots\01_1_eye_socket_front.png'
  01:27.563  render           | Saved: 'E:\WangZhen_Project\AI\ShuZiRen\Hermes\SZRYanJiu\v3_QuadRemesher_交付\01A眼窝与眼球\screenshots\01_1_eye_socket_side.png'
  make_eye_cup L: boundary ring M=90 (of 1 rings), ring relaxed x12, jump avg=0.46mm max=0.79mm
  recalc_face_normals: SKIPPED (v38, geometric only)
  geometric orientation: reversed 1920 bowl faces to face -Y, still wrong=0
  UV分配: 10710 loops, avg=(0.0793,0.0632), u=[0.0000,1.0000] v=[0.0000,1.0000]
  make_eye_cup R: boundary ring M=89 (of 1 rings), ring relaxed x12, jump avg=0.47mm max=0.87mm
  recalc_face_normals: SKIPPED (v38, geometric only)
  geometric orientation: reversed 247 bowl faces to face -Y, still wrong=0
  UV分配: 9844 loops, avg=(0.5786,0.1021), u=[0.0000,1.0000] v=[0.0000,1.0000]
  Saved: E:\WangZhen_Project\AI\ShuZiRen\Hermes\SZRYanJiu\v3_QuadRemesher_交付\01A眼窝与眼球\models\01_1_eye_socket.blend
  00:02.969  render           | Saved: 'E:\WangZhen_Project\AI\ShuZiRen\Hermes\SZRYanJiu\v3_QuadRemesher_交付\01A眼窝与眼球\screenshots\v39_norm_front.png'
  00:03.359  render           | Saved: 'E:\WangZhen_Project\AI\ShuZiRen\Hermes\SZRYanJiu\v3_QuadRemesher_交付\01A眼窝与眼球\screenshots\v39_norm_sideL.png'
  00:04.234  render           | Saved: 'E:\WangZhen_Project\AI\ShuZiRen\Hermes\SZRYanJiu\v3_QuadRemesher_交付\01A眼窝与眼球\screenshots\v39_tex_front.png'
  00:04.640  render           | Saved: 'E:\WangZhen_Project\AI\ShuZiRen\Hermes\SZRYanJiu\v3_QuadRemesher_交付\01A眼窝与眼球\screenshots\v39_tex_sideL.png'
迭代262完成

--- 迭代 263 ---
  01:27.156  render           | Saved: 'E:\WangZhen_Project\AI\ShuZiRen\Hermes\SZRYanJiu\v3_QuadRemesher_交付\01A眼窝与眼球\screenshots\01_1_eye_socket_front.png'
  01:27.297  render           | Saved: 'E:\WangZhen_Project\AI\ShuZiRen\Hermes\SZRYanJiu\v3_QuadRemesher_交付\01A眼窝与眼球\screenshots\01_1_eye_socket_side.png'
  make_eye_cup L: boundary ring M=90 (of 1 rings), ring relaxed x12, jump avg=0.46mm max=0.79mm
  recalc_face_normals: SKIPPED (v38, geometric only)
  geometric orientation: reversed 1920 bowl faces to face -Y, still wrong=0
  UV分配: 10710 loops, avg=(0.0793,0.0632), u=[0.0000,1.0000] v=[0.0000,1.0000]
  make_eye_cup R: boundary ring M=89 (of 1 rings), ring relaxed x12, jump avg=0.47mm max=0.87mm
  recalc_face_normals: SKIPPED (v38, geometric only)
  geometric orientation: reversed 247 bowl faces to face -Y, still wrong=0
  UV分配: 9844 loops, avg=(0.5786,0.1021), u=[0.0000,1.0000] v=[0.0000,1.0000]
  Saved: E:\WangZhen_Project\AI\ShuZiRen\Hermes\SZRYanJiu\v3_QuadRemesher_交付\01A眼窝与眼球\models\01_1_eye_socket.blend
  00:02.985  render           | Saved: 'E:\WangZhen_Project\AI\ShuZiRen\Hermes\SZRYanJiu\v3_QuadRemesher_交付\01A眼窝与眼球\screenshots\v39_norm_front.png'
  00:03.391  render           | Saved: 'E:\WangZhen_Project\AI\ShuZiRen\Hermes\SZRYanJiu\v3_QuadRemesher_交付\01A眼窝与眼球\screenshots\v39_norm_sideL.png'
  00:04.235  render           | Saved: 'E:\WangZhen_Project\AI\ShuZiRen\Hermes\SZRYanJiu\v3_QuadRemesher_交付\01A眼窝与眼球\screenshots\v39_tex_front.png'
  00:04.657  render           | Saved: 'E:\WangZhen_Project\AI\ShuZiRen\Hermes\SZRYanJiu\v3_QuadRemesher_交付\01A眼窝与眼球\screenshots\v39_tex_sideL.png'
迭代263完成

--- 迭代 264 ---
  01:27.390  render           | Saved: 'E:\WangZhen_Project\AI\ShuZiRen\Hermes\SZRYanJiu\v3_QuadRemesher_交付\01A眼窝与眼球\screenshots\01_1_eye_socket_front.png'
  01:27.515  render           | Saved: 'E:\WangZhen_Project\AI\ShuZiRen\Hermes\SZRYanJiu\v3_QuadRemesher_交付\01A眼窝与眼球\screenshots\01_1_eye_socket_side.png'
  make_eye_cup L: boundary ring M=90 (of 1 rings), ring relaxed x12, jump avg=0.46mm max=0.79mm
  recalc_face_normals: SKIPPED (v38, geometric only)
  geometric orientation: reversed 1920 bowl faces to face -Y, still wrong=0
  UV分配: 10710 loops, avg=(0.0793,0.0632), u=[0.0000,1.0000] v=[0.0000,1.0000]
  make_eye_cup R: boundary ring M=89 (of 1 rings), ring relaxed x12, jump avg=0.47mm max=0.87mm
  recalc_face_normals: SKIPPED (v38, geometric only)
  geometric orientation: reversed 247 bowl faces to face -Y, still wrong=0
  UV分配: 9844 loops, avg=(0.5786,0.1021), u=[0.0000,1.0000] v=[0.0000,1.0000]
  Saved: E:\WangZhen_Project\AI\ShuZiRen\Hermes\SZRYanJiu\v3_QuadRemesher_交付\01A眼窝与眼球\models\01_1_eye_socket.blend
  00:02.985  render           | Saved: 'E:\WangZhen_Project\AI\ShuZiRen\Hermes\SZRYanJiu\v3_QuadRemesher_交付\01A眼窝与眼球\screenshots\v39_norm_front.png'
  00:03.375  render           | Saved: 'E:\WangZhen_Project\AI\ShuZiRen\Hermes\SZRYanJiu\v3_QuadRemesher_交付\01A眼窝与眼球\screenshots\v39_norm_sideL.png'
  00:04.219  render           | Saved: 'E:\WangZhen_Project\AI\ShuZiRen\Hermes\SZRYanJiu\v3_QuadRemesher_交付\01A眼窝与眼球\screenshots\v39_tex_front.png'
  00:04.641  render           | Saved: 'E:\WangZhen_Project\AI\ShuZiRen\Hermes\SZRYanJiu\v3_QuadRemesher_交付\01A眼窝与眼球\screenshots\v39_tex_sideL.png'
迭代264完成

--- 迭代 265 ---
  01:27.281  render           | Saved: 'E:\WangZhen_Project\AI\ShuZiRen\Hermes\SZRYanJiu\v3_QuadRemesher_交付\01A眼窝与眼球\screenshots\01_1_eye_socket_front.png'
  01:27.406  render           | Saved: 'E:\WangZhen_Project\AI\ShuZiRen\Hermes\SZRYanJiu\v3_QuadRemesher_交付\01A眼窝与眼球\screenshots\01_1_eye_socket_side.png'
  make_eye_cup L: boundary ring M=90 (of 1 rings), ring relaxed x12, jump avg=0.46mm max=0.79mm
  recalc_face_normals: SKIPPED (v38, geometric only)
  geometric orientation: reversed 1920 bowl faces to face -Y, still wrong=0
  UV分配: 10710 loops, avg=(0.0793,0.0632), u=[0.0000,1.0000] v=[0.0000,1.0000]
  make_eye_cup R: boundary ring M=89 (of 1 rings), ring relaxed x12, jump avg=0.47mm max=0.87mm
  recalc_face_normals: SKIPPED (v38, geometric only)
  geometric orientation: reversed 247 bowl faces to face -Y, still wrong=0
  UV分配: 9844 loops, avg=(0.5786,0.1021), u=[0.0000,1.0000] v=[0.0000,1.0000]
  Saved: E:\WangZhen_Project\AI\ShuZiRen\Hermes\SZRYanJiu\v3_QuadRemesher_交付\01A眼窝与眼球\models\01_1_eye_socket.blend
  00:02.985  render           | Saved: 'E:\WangZhen_Project\AI\ShuZiRen\Hermes\SZRYanJiu\v3_QuadRemesher_交付\01A眼窝与眼球\screenshots\v39_norm_front.png'
  00:03.391  render           | Saved: 'E:\WangZhen_Project\AI\ShuZiRen\Hermes\SZRYanJiu\v3_QuadRemesher_交付\01A眼窝与眼球\screenshots\v39_norm_sideL.png'
  00:04.282  render           | Saved: 'E:\WangZhen_Project\AI\ShuZiRen\Hermes\SZRYanJiu\v3_QuadRemesher_交付\01A眼窝与眼球\screenshots\v39_tex_front.png'
  00:04.688  render           | Saved: 'E:\WangZhen_Project\AI\ShuZiRen\Hermes\SZRYanJiu\v3_QuadRemesher_交付\01A眼窝与眼球\screenshots\v39_tex_sideL.png'
迭代265完成

--- 迭代 266 ---
  01:27.219  render           | Saved: 'E:\WangZhen_Project\AI\ShuZiRen\Hermes\SZRYanJiu\v3_QuadRemesher_交付\01A眼窝与眼球\screenshots\01_1_eye_socket_front.png'
  01:27.344  render           | Saved: 'E:\WangZhen_Project\AI\ShuZiRen\Hermes\SZRYanJiu\v3_QuadRemesher_交付\01A眼窝与眼球\screenshots\01_1_eye_socket_side.png'
  make_eye_cup L: boundary ring M=90 (of 1 rings), ring relaxed x12, jump avg=0.46mm max=0.79mm
  recalc_face_normals: SKIPPED (v38, geometric only)
  geometric orientation: reversed 1920 bowl faces to face -Y, still wrong=0
  UV分配: 10710 loops, avg=(0.0793,0.0632), u=[0.0000,1.0000] v=[0.0000,1.0000]
  make_eye_cup R: boundary ring M=89 (of 1 rings), ring relaxed x12, jump avg=0.47mm max=0.87mm
  recalc_face_normals: SKIPPED (v38, geometric only)
  geometric orientation: reversed 247 bowl faces to face -Y, still wrong=0
  UV分配: 9844 loops, avg=(0.5786,0.1021), u=[0.0000,1.0000] v=[0.0000,1.0000]
  Saved: E:\WangZhen_Project\AI\ShuZiRen\Hermes\SZRYanJiu\v3_QuadRemesher_交付\01A眼窝与眼球\models\01_1_eye_socket.blend
  00:02.969  render           | Saved: 'E:\WangZhen_Project\AI\ShuZiRen\Hermes\SZRYanJiu\v3_QuadRemesher_交付\01A眼窝与眼球\screenshots\v39_norm_front.png'
  00:03.360  render           | Saved: 'E:\WangZhen_Project\AI\ShuZiRen\Hermes\SZRYanJiu\v3_QuadRemesher_交付\01A眼窝与眼球\screenshots\v39_norm_sideL.png'
  00:04.204  render           | Saved: 'E:\WangZhen_Project\AI\ShuZiRen\Hermes\SZRYanJiu\v3_QuadRemesher_交付\01A眼窝与眼球\screenshots\v39_tex_front.png'
  00:04.625  render           | Saved: 'E:\WangZhen_Project\AI\ShuZiRen\Hermes\SZRYanJiu\v3_QuadRemesher_交付\01A眼窝与眼球\screenshots\v39_tex_sideL.png'
迭代266完成

--- 迭代 267 ---
  01:27.218  render           | Saved: 'E:\WangZhen_Project\AI\ShuZiRen\Hermes\SZRYanJiu\v3_QuadRemesher_交付\01A眼窝与眼球\screenshots\01_1_eye_socket_front.png'
  01:27.343  render           | Saved: 'E:\WangZhen_Project\AI\ShuZiRen\Hermes\SZRYanJiu\v3_QuadRemesher_交付\01A眼窝与眼球\screenshots\01_1_eye_socket_side.png'
  make_eye_cup L: boundary ring M=90 (of 1 rings), ring relaxed x12, jump avg=0.46mm max=0.79mm
  recalc_face_normals: SKIPPED (v38, geometric only)
  geometric orientation: reversed 1920 bowl faces to face -Y, still wrong=0
  UV分配: 10710 loops, avg=(0.0793,0.0632), u=[0.0000,1.0000] v=[0.0000,1.0000]
  make_eye_cup R: boundary ring M=89 (of 1 rings), ring relaxed x12, jump avg=0.47mm max=0.87mm
  recalc_face_normals: SKIPPED (v38, geometric only)
  geometric orientation: reversed 247 bowl faces to face -Y, still wrong=0
  UV分配: 9844 loops, avg=(0.5786,0.1021), u=[0.0000,1.0000] v=[0.0000,1.0000]
  Saved: E:\WangZhen_Project\AI\ShuZiRen\Hermes\SZRYanJiu\v3_QuadRemesher_交付\01A眼窝与眼球\models\01_1_eye_socket.blend
  00:03.000  render           | Saved: 'E:\WangZhen_Project\AI\ShuZiRen\Hermes\SZRYanJiu\v3_QuadRemesher_交付\01A眼窝与眼球\screenshots\v39_norm_front.png'
  00:03.390  render           | Saved: 'E:\WangZhen_Project\AI\ShuZiRen\Hermes\SZRYanJiu\v3_QuadRemesher_交付\01A眼窝与眼球\screenshots\v39_norm_sideL.png'
  00:04.234  render           | Saved: 'E:\WangZhen_Project\AI\ShuZiRen\Hermes\SZRYanJiu\v3_QuadRemesher_交付\01A眼窝与眼球\screenshots\v39_tex_front.png'
  00:04.656  render           | Saved: 'E:\WangZhen_Project\AI\ShuZiRen\Hermes\SZRYanJiu\v3_QuadRemesher_交付\01A眼窝与眼球\screenshots\v39_tex_sideL.png'
迭代267完成

--- 迭代 268 ---
  01:27.281  render           | Saved: 'E:\WangZhen_Project\AI\ShuZiRen\Hermes\SZRYanJiu\v3_QuadRemesher_交付\01A眼窝与眼球\screenshots\01_1_eye_socket_front.png'
  01:27.422  render           | Saved: 'E:\WangZhen_Project\AI\ShuZiRen\Hermes\SZRYanJiu\v3_QuadRemesher_交付\01A眼窝与眼球\screenshots\01_1_eye_socket_side.png'
  make_eye_cup L: boundary ring M=90 (of 1 rings), ring relaxed x12, jump avg=0.46mm max=0.79mm
  recalc_face_normals: SKIPPED (v38, geometric only)
  geometric orientation: reversed 1920 bowl faces to face -Y, still wrong=0
  UV分配: 10710 loops, avg=(0.0793,0.0632), u=[0.0000,1.0000] v=[0.0000,1.0000]
  make_eye_cup R: boundary ring M=89 (of 1 rings), ring relaxed x12, jump avg=0.47mm max=0.87mm
  recalc_face_normals: SKIPPED (v38, geometric only)
  geometric orientation: reversed 247 bowl faces to face -Y, still wrong=0
  UV分配: 9844 loops, avg=(0.5786,0.1021), u=[0.0000,1.0000] v=[0.0000,1.0000]
  Saved: E:\WangZhen_Project\AI\ShuZiRen\Hermes\SZRYanJiu\v3_QuadRemesher_交付\01A眼窝与眼球\models\01_1_eye_socket.blend
  00:03.000  render           | Saved: 'E:\WangZhen_Project\AI\ShuZiRen\Hermes\SZRYanJiu\v3_QuadRemesher_交付\01A眼窝与眼球\screenshots\v39_norm_front.png'
  00:03.390  render           | Saved: 'E:\WangZhen_Project\AI\ShuZiRen\Hermes\SZRYanJiu\v3_QuadRemesher_交付\01A眼窝与眼球\screenshots\v39_norm_sideL.png'
  00:04.250  render           | Saved: 'E:\WangZhen_Project\AI\ShuZiRen\Hermes\SZRYanJiu\v3_QuadRemesher_交付\01A眼窝与眼球\screenshots\v39_tex_front.png'
  00:04.671  render           | Saved: 'E:\WangZhen_Project\AI\ShuZiRen\Hermes\SZRYanJiu\v3_QuadRemesher_交付\01A眼窝与眼球\screenshots\v39_tex_sideL.png'
迭代268完成

--- 迭代 269 ---
  01:27.031  render           | Saved: 'E:\WangZhen_Project\AI\ShuZiRen\Hermes\SZRYanJiu\v3_QuadRemesher_交付\01A眼窝与眼球\screenshots\01_1_eye_socket_front.png'
  01:27.156  render           | Saved: 'E:\WangZhen_Project\AI\ShuZiRen\Hermes\SZRYanJiu\v3_QuadRemesher_交付\01A眼窝与眼球\screenshots\01_1_eye_socket_side.png'
  make_eye_cup L: boundary ring M=90 (of 1 rings), ring relaxed x12, jump avg=0.46mm max=0.79mm
  recalc_face_normals: SKIPPED (v38, geometric only)
  geometric orientation: reversed 1920 bowl faces to face -Y, still wrong=0
  UV分配: 10710 loops, avg=(0.0793,0.0632), u=[0.0000,1.0000] v=[0.0000,1.0000]
  make_eye_cup R: boundary ring M=89 (of 1 rings), ring relaxed x12, jump avg=0.47mm max=0.87mm
  recalc_face_normals: SKIPPED (v38, geometric only)
  geometric orientation: reversed 247 bowl faces to face -Y, still wrong=0
  UV分配: 9844 loops, avg=(0.5786,0.1021), u=[0.0000,1.0000] v=[0.0000,1.0000]
  Saved: E:\WangZhen_Project\AI\ShuZiRen\Hermes\SZRYanJiu\v3_QuadRemesher_交付\01A眼窝与眼球\models\01_1_eye_socket.blend
  00:02.984  render           | Saved: 'E:\WangZhen_Project\AI\ShuZiRen\Hermes\SZRYanJiu\v3_QuadRemesher_交付\01A眼窝与眼球\screenshots\v39_norm_front.png'
  00:03.375  render           | Saved: 'E:\WangZhen_Project\AI\ShuZiRen\Hermes\SZRYanJiu\v3_QuadRemesher_交付\01A眼窝与眼球\screenshots\v39_norm_sideL.png'
  00:04.218  render           | Saved: 'E:\WangZhen_Project\AI\ShuZiRen\Hermes\SZRYanJiu\v3_QuadRemesher_交付\01A眼窝与眼球\screenshots\v39_tex_front.png'
  00:04.640  render           | Saved: 'E:\WangZhen_Project\AI\ShuZiRen\Hermes\SZRYanJiu\v3_QuadRemesher_交付\01A眼窝与眼球\screenshots\v39_tex_sideL.png'
迭代269完成

--- 迭代 270 ---
  01:27.109  render           | Saved: 'E:\WangZhen_Project\AI\ShuZiRen\Hermes\SZRYanJiu\v3_QuadRemesher_交付\01A眼窝与眼球\screenshots\01_1_eye_socket_front.png'
  01:27.234  render           | Saved: 'E:\WangZhen_Project\AI\ShuZiRen\Hermes\SZRYanJiu\v3_QuadRemesher_交付\01A眼窝与眼球\screenshots\01_1_eye_socket_side.png'
  make_eye_cup L: boundary ring M=90 (of 1 rings), ring relaxed x12, jump avg=0.46mm max=0.79mm
  recalc_face_normals: SKIPPED (v38, geometric only)
  geometric orientation: reversed 1920 bowl faces to face -Y, still wrong=0
  UV分配: 10710 loops, avg=(0.0793,0.0632), u=[0.0000,1.0000] v=[0.0000,1.0000]
  make_eye_cup R: boundary ring M=89 (of 1 rings), ring relaxed x12, jump avg=0.47mm max=0.87mm
  recalc_face_normals: SKIPPED (v38, geometric only)
  geometric orientation: reversed 247 bowl faces to face -Y, still wrong=0
  UV分配: 9844 loops, avg=(0.5786,0.1021), u=[0.0000,1.0000] v=[0.0000,1.0000]
  Saved: E:\WangZhen_Project\AI\ShuZiRen\Hermes\SZRYanJiu\v3_QuadRemesher_交付\01A眼窝与眼球\models\01_1_eye_socket.blend
  00:02.969  render           | Saved: 'E:\WangZhen_Project\AI\ShuZiRen\Hermes\SZRYanJiu\v3_QuadRemesher_交付\01A眼窝与眼球\screenshots\v39_norm_front.png'
  00:03.375  render           | Saved: 'E:\WangZhen_Project\AI\ShuZiRen\Hermes\SZRYanJiu\v3_QuadRemesher_交付\01A眼窝与眼球\screenshots\v39_norm_sideL.png'
  00:04.219  render           | Saved: 'E:\WangZhen_Project\AI\ShuZiRen\Hermes\SZRYanJiu\v3_QuadRemesher_交付\01A眼窝与眼球\screenshots\v39_tex_front.png'
  00:04.656  render           | Saved: 'E:\WangZhen_Project\AI\ShuZiRen\Hermes\SZRYanJiu\v3_QuadRemesher_交付\01A眼窝与眼球\screenshots\v39_tex_sideL.png'
迭代270完成

--- 迭代 271 ---
  01:27.250  render           | Saved: 'E:\WangZhen_Project\AI\ShuZiRen\Hermes\SZRYanJiu\v3_QuadRemesher_交付\01A眼窝与眼球\screenshots\01_1_eye_socket_front.png'
  01:27.390  render           | Saved: 'E:\WangZhen_Project\AI\ShuZiRen\Hermes\SZRYanJiu\v3_QuadRemesher_交付\01A眼窝与眼球\screenshots\01_1_eye_socket_side.png'
  make_eye_cup L: boundary ring M=90 (of 1 rings), ring relaxed x12, jump avg=0.46mm max=0.79mm
  recalc_face_normals: SKIPPED (v38, geometric only)
  geometric orientation: reversed 1920 bowl faces to face -Y, still wrong=0
  UV分配: 10710 loops, avg=(0.0793,0.0632), u=[0.0000,1.0000] v=[0.0000,1.0000]
  make_eye_cup R: boundary ring M=89 (of 1 rings), ring relaxed x12, jump avg=0.47mm max=0.87mm
  recalc_face_normals: SKIPPED (v38, geometric only)
  geometric orientation: reversed 247 bowl faces to face -Y, still wrong=0
  UV分配: 9844 loops, avg=(0.5786,0.1021), u=[0.0000,1.0000] v=[0.0000,1.0000]
  Saved: E:\WangZhen_Project\AI\ShuZiRen\Hermes\SZRYanJiu\v3_QuadRemesher_交付\01A眼窝与眼球\models\01_1_eye_socket.blend
  00:03.000  render           | Saved: 'E:\WangZhen_Project\AI\ShuZiRen\Hermes\SZRYanJiu\v3_QuadRemesher_交付\01A眼窝与眼球\screenshots\v39_norm_front.png'
  00:03.391  render           | Saved: 'E:\WangZhen_Project\AI\ShuZiRen\Hermes\SZRYanJiu\v3_QuadRemesher_交付\01A眼窝与眼球\screenshots\v39_norm_sideL.png'
  00:04.250  render           | Saved: 'E:\WangZhen_Project\AI\ShuZiRen\Hermes\SZRYanJiu\v3_QuadRemesher_交付\01A眼窝与眼球\screenshots\v39_tex_front.png'
  00:04.672  render           | Saved: 'E:\WangZhen_Project\AI\ShuZiRen\Hermes\SZRYanJiu\v3_QuadRemesher_交付\01A眼窝与眼球\screenshots\v39_tex_sideL.png'
迭代271完成

--- 迭代 272 ---
  01:27.109  render           | Saved: 'E:\WangZhen_Project\AI\ShuZiRen\Hermes\SZRYanJiu\v3_QuadRemesher_交付\01A眼窝与眼球\screenshots\01_1_eye_socket_front.png'
  01:27.234  render           | Saved: 'E:\WangZhen_Project\AI\ShuZiRen\Hermes\SZRYanJiu\v3_QuadRemesher_交付\01A眼窝与眼球\screenshots\01_1_eye_socket_side.png'
  make_eye_cup L: boundary ring M=90 (of 1 rings), ring relaxed x12, jump avg=0.46mm max=0.79mm
  recalc_face_normals: SKIPPED (v38, geometric only)
  geometric orientation: reversed 1920 bowl faces to face -Y, still wrong=0
  UV分配: 10710 loops, avg=(0.0793,0.0632), u=[0.0000,1.0000] v=[0.0000,1.0000]
  make_eye_cup R: boundary ring M=89 (of 1 rings), ring relaxed x12, jump avg=0.47mm max=0.87mm
  recalc_face_normals: SKIPPED (v38, geometric only)
  geometric orientation: reversed 247 bowl faces to face -Y, still wrong=0
  UV分配: 9844 loops, avg=(0.5786,0.1021), u=[0.0000,1.0000] v=[0.0000,1.0000]
  Saved: E:\WangZhen_Project\AI\ShuZiRen\Hermes\SZRYanJiu\v3_QuadRemesher_交付\01A眼窝与眼球\models\01_1_eye_socket.blend
  00:02.984  render           | Saved: 'E:\WangZhen_Project\AI\ShuZiRen\Hermes\SZRYanJiu\v3_QuadRemesher_交付\01A眼窝与眼球\screenshots\v39_norm_front.png'
  00:03.375  render           | Saved: 'E:\WangZhen_Project\AI\ShuZiRen\Hermes\SZRYanJiu\v3_QuadRemesher_交付\01A眼窝与眼球\screenshots\v39_norm_sideL.png'
  00:04.219  render           | Saved: 'E:\WangZhen_Project\AI\ShuZiRen\Hermes\SZRYanJiu\v3_QuadRemesher_交付\01A眼窝与眼球\screenshots\v39_tex_front.png'
  00:04.641  render           | Saved: 'E:\WangZhen_Project\AI\ShuZiRen\Hermes\SZRYanJiu\v3_QuadRemesher_交付\01A眼窝与眼球\screenshots\v39_tex_sideL.png'
迭代272完成

--- 迭代 273 ---
  01:27.219  render           | Saved: 'E:\WangZhen_Project\AI\ShuZiRen\Hermes\SZRYanJiu\v3_QuadRemesher_交付\01A眼窝与眼球\screenshots\01_1_eye_socket_front.png'
  01:27.344  render           | Saved: 'E:\WangZhen_Project\AI\ShuZiRen\Hermes\SZRYanJiu\v3_QuadRemesher_交付\01A眼窝与眼球\screenshots\01_1_eye_socket_side.png'
  make_eye_cup L: boundary ring M=90 (of 1 rings), ring relaxed x12, jump avg=0.46mm max=0.79mm
  recalc_face_normals: SKIPPED (v38, geometric only)
  geometric orientation: reversed 1920 bowl faces to face -Y, still wrong=0
  UV分配: 10710 loops, avg=(0.0793,0.0632), u=[0.0000,1.0000] v=[0.0000,1.0000]
  make_eye_cup R: boundary ring M=89 (of 1 rings), ring relaxed x12, jump avg=0.47mm max=0.87mm
  recalc_face_normals: SKIPPED (v38, geometric only)
  geometric orientation: reversed 247 bowl faces to face -Y, still wrong=0
  UV分配: 9844 loops, avg=(0.5786,0.1021), u=[0.0000,1.0000] v=[0.0000,1.0000]
  Saved: E:\WangZhen_Project\AI\ShuZiRen\Hermes\SZRYanJiu\v3_QuadRemesher_交付\01A眼窝与眼球\models\01_1_eye_socket.blend
  00:02.953  render           | Saved: 'E:\WangZhen_Project\AI\ShuZiRen\Hermes\SZRYanJiu\v3_QuadRemesher_交付\01A眼窝与眼球\screenshots\v39_norm_front.png'
  00:03.344  render           | Saved: 'E:\WangZhen_Project\AI\ShuZiRen\Hermes\SZRYanJiu\v3_QuadRemesher_交付\01A眼窝与眼球\screenshots\v39_norm_sideL.png'
  00:04.187  render           | Saved: 'E:\WangZhen_Project\AI\ShuZiRen\Hermes\SZRYanJiu\v3_QuadRemesher_交付\01A眼窝与眼球\screenshots\v39_tex_front.png'
  00:04.609  render           | Saved: 'E:\WangZhen_Project\AI\ShuZiRen\Hermes\SZRYanJiu\v3_QuadRemesher_交付\01A眼窝与眼球\screenshots\v39_tex_sideL.png'
迭代273完成

--- 迭代 274 ---
  01:27.485  render           | Saved: 'E:\WangZhen_Project\AI\ShuZiRen\Hermes\SZRYanJiu\v3_QuadRemesher_交付\01A眼窝与眼球\screenshots\01_1_eye_socket_front.png'
  01:27.610  render           | Saved: 'E:\WangZhen_Project\AI\ShuZiRen\Hermes\SZRYanJiu\v3_QuadRemesher_交付\01A眼窝与眼球\screenshots\01_1_eye_socket_side.png'
  make_eye_cup L: boundary ring M=90 (of 1 rings), ring relaxed x12, jump avg=0.46mm max=0.79mm
  recalc_face_normals: SKIPPED (v38, geometric only)
  geometric orientation: reversed 1920 bowl faces to face -Y, still wrong=0
  UV分配: 10710 loops, avg=(0.0793,0.0632), u=[0.0000,1.0000] v=[0.0000,1.0000]
  make_eye_cup R: boundary ring M=89 (of 1 rings), ring relaxed x12, jump avg=0.47mm max=0.87mm
  recalc_face_normals: SKIPPED (v38, geometric only)
  geometric orientation: reversed 247 bowl faces to face -Y, still wrong=0
  UV分配: 9844 loops, avg=(0.5786,0.1021), u=[0.0000,1.0000] v=[0.0000,1.0000]
  Saved: E:\WangZhen_Project\AI\ShuZiRen\Hermes\SZRYanJiu\v3_QuadRemesher_交付\01A眼窝与眼球\models\01_1_eye_socket.blend
  00:02.969  render           | Saved: 'E:\WangZhen_Project\AI\ShuZiRen\Hermes\SZRYanJiu\v3_QuadRemesher_交付\01A眼窝与眼球\screenshots\v39_norm_front.png'
  00:03.359  render           | Saved: 'E:\WangZhen_Project\AI\ShuZiRen\Hermes\SZRYanJiu\v3_QuadRemesher_交付\01A眼窝与眼球\screenshots\v39_norm_sideL.png'
  00:04.219  render           | Saved: 'E:\WangZhen_Project\AI\ShuZiRen\Hermes\SZRYanJiu\v3_QuadRemesher_交付\01A眼窝与眼球\screenshots\v39_tex_front.png'
  00:04.656  render           | Saved: 'E:\WangZhen_Project\AI\ShuZiRen\Hermes\SZRYanJiu\v3_QuadRemesher_交付\01A眼窝与眼球\screenshots\v39_tex_sideL.png'
迭代274完成

--- 迭代 275 ---
  01:27.296  render           | Saved: 'E:\WangZhen_Project\AI\ShuZiRen\Hermes\SZRYanJiu\v3_QuadRemesher_交付\01A眼窝与眼球\screenshots\01_1_eye_socket_front.png'
  01:27.421  render           | Saved: 'E:\WangZhen_Project\AI\ShuZiRen\Hermes\SZRYanJiu\v3_QuadRemesher_交付\01A眼窝与眼球\screenshots\01_1_eye_socket_side.png'
  make_eye_cup L: boundary ring M=90 (of 1 rings), ring relaxed x12, jump avg=0.46mm max=0.79mm
  recalc_face_normals: SKIPPED (v38, geometric only)
  geometric orientation: reversed 1920 bowl faces to face -Y, still wrong=0
  UV分配: 10710 loops, avg=(0.0793,0.0632), u=[0.0000,1.0000] v=[0.0000,1.0000]
  make_eye_cup R: boundary ring M=89 (of 1 rings), ring relaxed x12, jump avg=0.47mm max=0.87mm
  recalc_face_normals: SKIPPED (v38, geometric only)
  geometric orientation: reversed 247 bowl faces to face -Y, still wrong=0
  UV分配: 9844 loops, avg=(0.5786,0.1021), u=[0.0000,1.0000] v=[0.0000,1.0000]
  Saved: E:\WangZhen_Project\AI\ShuZiRen\Hermes\SZRYanJiu\v3_QuadRemesher_交付\01A眼窝与眼球\models\01_1_eye_socket.blend
  00:02.969  render           | Saved: 'E:\WangZhen_Project\AI\ShuZiRen\Hermes\SZRYanJiu\v3_QuadRemesher_交付\01A眼窝与眼球\screenshots\v39_norm_front.png'
  00:03.375  render           | Saved: 'E:\WangZhen_Project\AI\ShuZiRen\Hermes\SZRYanJiu\v3_QuadRemesher_交付\01A眼窝与眼球\screenshots\v39_norm_sideL.png'
  00:04.250  render           | Saved: 'E:\WangZhen_Project\AI\ShuZiRen\Hermes\SZRYanJiu\v3_QuadRemesher_交付\01A眼窝与眼球\screenshots\v39_tex_front.png'
  00:04.657  render           | Saved: 'E:\WangZhen_Project\AI\ShuZiRen\Hermes\SZRYanJiu\v3_QuadRemesher_交付\01A眼窝与眼球\screenshots\v39_tex_sideL.png'
迭代275完成

--- 迭代 276 ---
  01:27.360  render           | Saved: 'E:\WangZhen_Project\AI\ShuZiRen\Hermes\SZRYanJiu\v3_QuadRemesher_交付\01A眼窝与眼球\screenshots\01_1_eye_socket_front.png'
  01:27.485  render           | Saved: 'E:\WangZhen_Project\AI\ShuZiRen\Hermes\SZRYanJiu\v3_QuadRemesher_交付\01A眼窝与眼球\screenshots\01_1_eye_socket_side.png'
  make_eye_cup L: boundary ring M=90 (of 1 rings), ring relaxed x12, jump avg=0.46mm max=0.79mm
  recalc_face_normals: SKIPPED (v38, geometric only)
  geometric orientation: reversed 1920 bowl faces to face -Y, still wrong=0
  UV分配: 10710 loops, avg=(0.0793,0.0632), u=[0.0000,1.0000] v=[0.0000,1.0000]
  make_eye_cup R: boundary ring M=89 (of 1 rings), ring relaxed x12, jump avg=0.47mm max=0.87mm
  recalc_face_normals: SKIPPED (v38, geometric only)
  geometric orientation: reversed 247 bowl faces to face -Y, still wrong=0
  UV分配: 9844 loops, avg=(0.5786,0.1021), u=[0.0000,1.0000] v=[0.0000,1.0000]
  Saved: E:\WangZhen_Project\AI\ShuZiRen\Hermes\SZRYanJiu\v3_QuadRemesher_交付\01A眼窝与眼球\models\01_1_eye_socket.blend
  00:02.985  render           | Saved: 'E:\WangZhen_Project\AI\ShuZiRen\Hermes\SZRYanJiu\v3_QuadRemesher_交付\01A眼窝与眼球\screenshots\v39_norm_front.png'
  00:03.391  render           | Saved: 'E:\WangZhen_Project\AI\ShuZiRen\Hermes\SZRYanJiu\v3_QuadRemesher_交付\01A眼窝与眼球\screenshots\v39_norm_sideL.png'
  00:04.235  render           | Saved: 'E:\WangZhen_Project\AI\ShuZiRen\Hermes\SZRYanJiu\v3_QuadRemesher_交付\01A眼窝与眼球\screenshots\v39_tex_front.png'
  00:04.656  render           | Saved: 'E:\WangZhen_Project\AI\ShuZiRen\Hermes\SZRYanJiu\v3_QuadRemesher_交付\01A眼窝与眼球\screenshots\v39_tex_sideL.png'
迭代276完成

--- 迭代 277 ---
  01:27.047  render           | Saved: 'E:\WangZhen_Project\AI\ShuZiRen\Hermes\SZRYanJiu\v3_QuadRemesher_交付\01A眼窝与眼球\screenshots\01_1_eye_socket_front.png'
  01:27.172  render           | Saved: 'E:\WangZhen_Project\AI\ShuZiRen\Hermes\SZRYanJiu\v3_QuadRemesher_交付\01A眼窝与眼球\screenshots\01_1_eye_socket_side.png'
  make_eye_cup L: boundary ring M=90 (of 1 rings), ring relaxed x12, jump avg=0.46mm max=0.79mm
  recalc_face_normals: SKIPPED (v38, geometric only)
  geometric orientation: reversed 1920 bowl faces to face -Y, still wrong=0
  UV分配: 10710 loops, avg=(0.0793,0.0632), u=[0.0000,1.0000] v=[0.0000,1.0000]
  make_eye_cup R: boundary ring M=89 (of 1 rings), ring relaxed x12, jump avg=0.47mm max=0.87mm
  recalc_face_normals: SKIPPED (v38, geometric only)
  geometric orientation: reversed 247 bowl faces to face -Y, still wrong=0
  UV分配: 9844 loops, avg=(0.5786,0.1021), u=[0.0000,1.0000] v=[0.0000,1.0000]
  Saved: E:\WangZhen_Project\AI\ShuZiRen\Hermes\SZRYanJiu\v3_QuadRemesher_交付\01A眼窝与眼球\models\01_1_eye_socket.blend
  00:03.000  render           | Saved: 'E:\WangZhen_Project\AI\ShuZiRen\Hermes\SZRYanJiu\v3_QuadRemesher_交付\01A眼窝与眼球\screenshots\v39_norm_front.png'
  00:03.390  render           | Saved: 'E:\WangZhen_Project\AI\ShuZiRen\Hermes\SZRYanJiu\v3_QuadRemesher_交付\01A眼窝与眼球\screenshots\v39_norm_sideL.png'
  00:04.250  render           | Saved: 'E:\WangZhen_Project\AI\ShuZiRen\Hermes\SZRYanJiu\v3_QuadRemesher_交付\01A眼窝与眼球\screenshots\v39_tex_front.png'
  00:04.656  render           | Saved: 'E:\WangZhen_Project\AI\ShuZiRen\Hermes\SZRYanJiu\v3_QuadRemesher_交付\01A眼窝与眼球\screenshots\v39_tex_sideL.png'
迭代277完成

--- 迭代 278 ---
  01:27.109  render           | Saved: 'E:\WangZhen_Project\AI\ShuZiRen\Hermes\SZRYanJiu\v3_QuadRemesher_交付\01A眼窝与眼球\screenshots\01_1_eye_socket_front.png'
  01:27.250  render           | Saved: 'E:\WangZhen_Project\AI\ShuZiRen\Hermes\SZRYanJiu\v3_QuadRemesher_交付\01A眼窝与眼球\screenshots\01_1_eye_socket_side.png'
  make_eye_cup L: boundary ring M=90 (of 1 rings), ring relaxed x12, jump avg=0.46mm max=0.79mm
  recalc_face_normals: SKIPPED (v38, geometric only)
  geometric orientation: reversed 1920 bowl faces to face -Y, still wrong=0
  UV分配: 10710 loops, avg=(0.0793,0.0632), u=[0.0000,1.0000] v=[0.0000,1.0000]
  make_eye_cup R: boundary ring M=89 (of 1 rings), ring relaxed x12, jump avg=0.47mm max=0.87mm
  recalc_face_normals: SKIPPED (v38, geometric only)
  geometric orientation: reversed 247 bowl faces to face -Y, still wrong=0
  UV分配: 9844 loops, avg=(0.5786,0.1021), u=[0.0000,1.0000] v=[0.0000,1.0000]
  Saved: E:\WangZhen_Project\AI\ShuZiRen\Hermes\SZRYanJiu\v3_QuadRemesher_交付\01A眼窝与眼球\models\01_1_eye_socket.blend
  00:02.969  render           | Saved: 'E:\WangZhen_Project\AI\ShuZiRen\Hermes\SZRYanJiu\v3_QuadRemesher_交付\01A眼窝与眼球\screenshots\v39_norm_front.png'
  00:03.359  render           | Saved: 'E:\WangZhen_Project\AI\ShuZiRen\Hermes\SZRYanJiu\v3_QuadRemesher_交付\01A眼窝与眼球\screenshots\v39_norm_sideL.png'
  00:04.203  render           | Saved: 'E:\WangZhen_Project\AI\ShuZiRen\Hermes\SZRYanJiu\v3_QuadRemesher_交付\01A眼窝与眼球\screenshots\v39_tex_front.png'
  00:04.625  render           | Saved: 'E:\WangZhen_Project\AI\ShuZiRen\Hermes\SZRYanJiu\v3_QuadRemesher_交付\01A眼窝与眼球\screenshots\v39_tex_sideL.png'
迭代278完成

--- 迭代 279 ---
  01:26.906  render           | Saved: 'E:\WangZhen_Project\AI\ShuZiRen\Hermes\SZRYanJiu\v3_QuadRemesher_交付\01A眼窝与眼球\screenshots\01_1_eye_socket_front.png'
  01:27.031  render           | Saved: 'E:\WangZhen_Project\AI\ShuZiRen\Hermes\SZRYanJiu\v3_QuadRemesher_交付\01A眼窝与眼球\screenshots\01_1_eye_socket_side.png'
  make_eye_cup L: boundary ring M=90 (of 1 rings), ring relaxed x12, jump avg=0.46mm max=0.79mm
  recalc_face_normals: SKIPPED (v38, geometric only)
  geometric orientation: reversed 1920 bowl faces to face -Y, still wrong=0
  UV分配: 10710 loops, avg=(0.0793,0.0632), u=[0.0000,1.0000] v=[0.0000,1.0000]
  make_eye_cup R: boundary ring M=89 (of 1 rings), ring relaxed x12, jump avg=0.47mm max=0.87mm
  recalc_face_normals: SKIPPED (v38, geometric only)
  geometric orientation: reversed 247 bowl faces to face -Y, still wrong=0
  UV分配: 9844 loops, avg=(0.5786,0.1021), u=[0.0000,1.0000] v=[0.0000,1.0000]
  Saved: E:\WangZhen_Project\AI\ShuZiRen\Hermes\SZRYanJiu\v3_QuadRemesher_交付\01A眼窝与眼球\models\01_1_eye_socket.blend
  00:03.078  render           | Saved: 'E:\WangZhen_Project\AI\ShuZiRen\Hermes\SZRYanJiu\v3_QuadRemesher_交付\01A眼窝与眼球\screenshots\v39_norm_front.png'
  00:03.484  render           | Saved: 'E:\WangZhen_Project\AI\ShuZiRen\Hermes\SZRYanJiu\v3_QuadRemesher_交付\01A眼窝与眼球\screenshots\v39_norm_sideL.png'
  00:04.344  render           | Saved: 'E:\WangZhen_Project\AI\ShuZiRen\Hermes\SZRYanJiu\v3_QuadRemesher_交付\01A眼窝与眼球\screenshots\v39_tex_front.png'
  00:04.765  render           | Saved: 'E:\WangZhen_Project\AI\ShuZiRen\Hermes\SZRYanJiu\v3_QuadRemesher_交付\01A眼窝与眼球\screenshots\v39_tex_sideL.png'
迭代279完成

--- 迭代 280 ---
  01:27.109  render           | Saved: 'E:\WangZhen_Project\AI\ShuZiRen\Hermes\SZRYanJiu\v3_QuadRemesher_交付\01A眼窝与眼球\screenshots\01_1_eye_socket_front.png'
  01:27.250  render           | Saved: 'E:\WangZhen_Project\AI\ShuZiRen\Hermes\SZRYanJiu\v3_QuadRemesher_交付\01A眼窝与眼球\screenshots\01_1_eye_socket_side.png'
  make_eye_cup L: boundary ring M=90 (of 1 rings), ring relaxed x12, jump avg=0.46mm max=0.79mm
  recalc_face_normals: SKIPPED (v38, geometric only)
  geometric orientation: reversed 1920 bowl faces to face -Y, still wrong=0
  UV分配: 10710 loops, avg=(0.0793,0.0632), u=[0.0000,1.0000] v=[0.0000,1.0000]
  make_eye_cup R: boundary ring M=89 (of 1 rings), ring relaxed x12, jump avg=0.47mm max=0.87mm
  recalc_face_normals: SKIPPED (v38, geometric only)
  geometric orientation: reversed 247 bowl faces to face -Y, still wrong=0
  UV分配: 9844 loops, avg=(0.5786,0.1021), u=[0.0000,1.0000] v=[0.0000,1.0000]
  Saved: E:\WangZhen_Project\AI\ShuZiRen\Hermes\SZRYanJiu\v3_QuadRemesher_交付\01A眼窝与眼球\models\01_1_eye_socket.blend
  00:02.985  render           | Saved: 'E:\WangZhen_Project\AI\ShuZiRen\Hermes\SZRYanJiu\v3_QuadRemesher_交付\01A眼窝与眼球\screenshots\v39_norm_front.png'
  00:03.375  render           | Saved: 'E:\WangZhen_Project\AI\ShuZiRen\Hermes\SZRYanJiu\v3_QuadRemesher_交付\01A眼窝与眼球\screenshots\v39_norm_sideL.png'
  00:04.219  render           | Saved: 'E:\WangZhen_Project\AI\ShuZiRen\Hermes\SZRYanJiu\v3_QuadRemesher_交付\01A眼窝与眼球\screenshots\v39_tex_front.png'
  00:04.641  render           | Saved: 'E:\WangZhen_Project\AI\ShuZiRen\Hermes\SZRYanJiu\v3_QuadRemesher_交付\01A眼窝与眼球\screenshots\v39_tex_sideL.png'
迭代280完成

--- 迭代 281 ---
  01:27.297  render           | Saved: 'E:\WangZhen_Project\AI\ShuZiRen\Hermes\SZRYanJiu\v3_QuadRemesher_交付\01A眼窝与眼球\screenshots\01_1_eye_socket_front.png'
  01:27.422  render           | Saved: 'E:\WangZhen_Project\AI\ShuZiRen\Hermes\SZRYanJiu\v3_QuadRemesher_交付\01A眼窝与眼球\screenshots\01_1_eye_socket_side.png'
  make_eye_cup L: boundary ring M=90 (of 1 rings), ring relaxed x12, jump avg=0.46mm max=0.79mm
  recalc_face_normals: SKIPPED (v38, geometric only)
  geometric orientation: reversed 1920 bowl faces to face -Y, still wrong=0
  UV分配: 10710 loops, avg=(0.0793,0.0632), u=[0.0000,1.0000] v=[0.0000,1.0000]
  make_eye_cup R: boundary ring M=89 (of 1 rings), ring relaxed x12, jump avg=0.47mm max=0.87mm
  recalc_face_normals: SKIPPED (v38, geometric only)
  geometric orientation: reversed 247 bowl faces to face -Y, still wrong=0
  UV分配: 9844 loops, avg=(0.5786,0.1021), u=[0.0000,1.0000] v=[0.0000,1.0000]
  Saved: E:\WangZhen_Project\AI\ShuZiRen\Hermes\SZRYanJiu\v3_QuadRemesher_交付\01A眼窝与眼球\models\01_1_eye_socket.blend
  00:03.016  render           | Saved: 'E:\WangZhen_Project\AI\ShuZiRen\Hermes\SZRYanJiu\v3_QuadRemesher_交付\01A眼窝与眼球\screenshots\v39_norm_front.png'
  00:03.406  render           | Saved: 'E:\WangZhen_Project\AI\ShuZiRen\Hermes\SZRYanJiu\v3_QuadRemesher_交付\01A眼窝与眼球\screenshots\v39_norm_sideL.png'
  00:04.250  render           | Saved: 'E:\WangZhen_Project\AI\ShuZiRen\Hermes\SZRYanJiu\v3_QuadRemesher_交付\01A眼窝与眼球\screenshots\v39_tex_front.png'
  00:04.672  render           | Saved: 'E:\WangZhen_Project\AI\ShuZiRen\Hermes\SZRYanJiu\v3_QuadRemesher_交付\01A眼窝与眼球\screenshots\v39_tex_sideL.png'
迭代281完成

--- 迭代 282 ---
  01:27.407  render           | Saved: 'E:\WangZhen_Project\AI\ShuZiRen\Hermes\SZRYanJiu\v3_QuadRemesher_交付\01A眼窝与眼球\screenshots\01_1_eye_socket_front.png'
  01:27.532  render           | Saved: 'E:\WangZhen_Project\AI\ShuZiRen\Hermes\SZRYanJiu\v3_QuadRemesher_交付\01A眼窝与眼球\screenshots\01_1_eye_socket_side.png'
  make_eye_cup L: boundary ring M=90 (of 1 rings), ring relaxed x12, jump avg=0.46mm max=0.79mm
  recalc_face_normals: SKIPPED (v38, geometric only)
  geometric orientation: reversed 1920 bowl faces to face -Y, still wrong=0
  UV分配: 10710 loops, avg=(0.0793,0.0632), u=[0.0000,1.0000] v=[0.0000,1.0000]
  make_eye_cup R: boundary ring M=89 (of 1 rings), ring relaxed x12, jump avg=0.47mm max=0.87mm
  recalc_face_normals: SKIPPED (v38, geometric only)
  geometric orientation: reversed 247 bowl faces to face -Y, still wrong=0
  UV分配: 9844 loops, avg=(0.5786,0.1021), u=[0.0000,1.0000] v=[0.0000,1.0000]
  Saved: E:\WangZhen_Project\AI\ShuZiRen\Hermes\SZRYanJiu\v3_QuadRemesher_交付\01A眼窝与眼球\models\01_1_eye_socket.blend
  00:03.000  render           | Saved: 'E:\WangZhen_Project\AI\ShuZiRen\Hermes\SZRYanJiu\v3_QuadRemesher_交付\01A眼窝与眼球\screenshots\v39_norm_front.png'
  00:03.391  render           | Saved: 'E:\WangZhen_Project\AI\ShuZiRen\Hermes\SZRYanJiu\v3_QuadRemesher_交付\01A眼窝与眼球\screenshots\v39_norm_sideL.png'
  00:04.235  render           | Saved: 'E:\WangZhen_Project\AI\ShuZiRen\Hermes\SZRYanJiu\v3_QuadRemesher_交付\01A眼窝与眼球\screenshots\v39_tex_front.png'
  00:04.656  render           | Saved: 'E:\WangZhen_Project\AI\ShuZiRen\Hermes\SZRYanJiu\v3_QuadRemesher_交付\01A眼窝与眼球\screenshots\v39_tex_sideL.png'
迭代282完成

--- 迭代 283 ---
  01:27.234  render           | Saved: 'E:\WangZhen_Project\AI\ShuZiRen\Hermes\SZRYanJiu\v3_QuadRemesher_交付\01A眼窝与眼球\screenshots\01_1_eye_socket_front.png'
  01:27.359  render           | Saved: 'E:\WangZhen_Project\AI\ShuZiRen\Hermes\SZRYanJiu\v3_QuadRemesher_交付\01A眼窝与眼球\screenshots\01_1_eye_socket_side.png'
  make_eye_cup L: boundary ring M=90 (of 1 rings), ring relaxed x12, jump avg=0.46mm max=0.79mm
  recalc_face_normals: SKIPPED (v38, geometric only)
  geometric orientation: reversed 1920 bowl faces to face -Y, still wrong=0
  UV分配: 10710 loops, avg=(0.0793,0.0632), u=[0.0000,1.0000] v=[0.0000,1.0000]
  make_eye_cup R: boundary ring M=89 (of 1 rings), ring relaxed x12, jump avg=0.47mm max=0.87mm
  recalc_face_normals: SKIPPED (v38, geometric only)
  geometric orientation: reversed 247 bowl faces to face -Y, still wrong=0
  UV分配: 9844 loops, avg=(0.5786,0.1021), u=[0.0000,1.0000] v=[0.0000,1.0000]
  Saved: E:\WangZhen_Project\AI\ShuZiRen\Hermes\SZRYanJiu\v3_QuadRemesher_交付\01A眼窝与眼球\models\01_1_eye_socket.blend
  00:03.031  render           | Saved: 'E:\WangZhen_Project\AI\ShuZiRen\Hermes\SZRYanJiu\v3_QuadRemesher_交付\01A眼窝与眼球\screenshots\v39_norm_front.png'
  00:03.437  render           | Saved: 'E:\WangZhen_Project\AI\ShuZiRen\Hermes\SZRYanJiu\v3_QuadRemesher_交付\01A眼窝与眼球\screenshots\v39_norm_sideL.png'
  00:04.296  render           | Saved: 'E:\WangZhen_Project\AI\ShuZiRen\Hermes\SZRYanJiu\v3_QuadRemesher_交付\01A眼窝与眼球\screenshots\v39_tex_front.png'
  00:04.718  render           | Saved: 'E:\WangZhen_Project\AI\ShuZiRen\Hermes\SZRYanJiu\v3_QuadRemesher_交付\01A眼窝与眼球\screenshots\v39_tex_sideL.png'
迭代283完成

--- 迭代 284 ---
  01:27.203  render           | Saved: 'E:\WangZhen_Project\AI\ShuZiRen\Hermes\SZRYanJiu\v3_QuadRemesher_交付\01A眼窝与眼球\screenshots\01_1_eye_socket_front.png'
  01:27.344  render           | Saved: 'E:\WangZhen_Project\AI\ShuZiRen\Hermes\SZRYanJiu\v3_QuadRemesher_交付\01A眼窝与眼球\screenshots\01_1_eye_socket_side.png'
  make_eye_cup L: boundary ring M=90 (of 1 rings), ring relaxed x12, jump avg=0.46mm max=0.79mm
  recalc_face_normals: SKIPPED (v38, geometric only)
  geometric orientation: reversed 1920 bowl faces to face -Y, still wrong=0
  UV分配: 10710 loops, avg=(0.0793,0.0632), u=[0.0000,1.0000] v=[0.0000,1.0000]
  make_eye_cup R: boundary ring M=89 (of 1 rings), ring relaxed x12, jump avg=0.47mm max=0.87mm
  recalc_face_normals: SKIPPED (v38, geometric only)
  geometric orientation: reversed 247 bowl faces to face -Y, still wrong=0
  UV分配: 9844 loops, avg=(0.5786,0.1021), u=[0.0000,1.0000] v=[0.0000,1.0000]
  Saved: E:\WangZhen_Project\AI\ShuZiRen\Hermes\SZRYanJiu\v3_QuadRemesher_交付\01A眼窝与眼球\models\01_1_eye_socket.blend
  00:03.000  render           | Saved: 'E:\WangZhen_Project\AI\ShuZiRen\Hermes\SZRYanJiu\v3_QuadRemesher_交付\01A眼窝与眼球\screenshots\v39_norm_front.png'
  00:03.390  render           | Saved: 'E:\WangZhen_Project\AI\ShuZiRen\Hermes\SZRYanJiu\v3_QuadRemesher_交付\01A眼窝与眼球\screenshots\v39_norm_sideL.png'
  00:04.250  render           | Saved: 'E:\WangZhen_Project\AI\ShuZiRen\Hermes\SZRYanJiu\v3_QuadRemesher_交付\01A眼窝与眼球\screenshots\v39_tex_front.png'
  00:04.671  render           | Saved: 'E:\WangZhen_Project\AI\ShuZiRen\Hermes\SZRYanJiu\v3_QuadRemesher_交付\01A眼窝与眼球\screenshots\v39_tex_sideL.png'
迭代284完成

--- 迭代 285 ---
  01:27.437  render           | Saved: 'E:\WangZhen_Project\AI\ShuZiRen\Hermes\SZRYanJiu\v3_QuadRemesher_交付\01A眼窝与眼球\screenshots\01_1_eye_socket_front.png'
  01:27.562  render           | Saved: 'E:\WangZhen_Project\AI\ShuZiRen\Hermes\SZRYanJiu\v3_QuadRemesher_交付\01A眼窝与眼球\screenshots\01_1_eye_socket_side.png'
  make_eye_cup L: boundary ring M=90 (of 1 rings), ring relaxed x12, jump avg=0.46mm max=0.79mm
  recalc_face_normals: SKIPPED (v38, geometric only)
  geometric orientation: reversed 1920 bowl faces to face -Y, still wrong=0
  UV分配: 10710 loops, avg=(0.0793,0.0632), u=[0.0000,1.0000] v=[0.0000,1.0000]
  make_eye_cup R: boundary ring M=89 (of 1 rings), ring relaxed x12, jump avg=0.47mm max=0.87mm
  recalc_face_normals: SKIPPED (v38, geometric only)
  geometric orientation: reversed 247 bowl faces to face -Y, still wrong=0
  UV分配: 9844 loops, avg=(0.5786,0.1021), u=[0.0000,1.0000] v=[0.0000,1.0000]
  Saved: E:\WangZhen_Project\AI\ShuZiRen\Hermes\SZRYanJiu\v3_QuadRemesher_交付\01A眼窝与眼球\models\01_1_eye_socket.blend
  00:03.000  render           | Saved: 'E:\WangZhen_Project\AI\ShuZiRen\Hermes\SZRYanJiu\v3_QuadRemesher_交付\01A眼窝与眼球\screenshots\v39_norm_front.png'
  00:03.406  render           | Saved: 'E:\WangZhen_Project\AI\ShuZiRen\Hermes\SZRYanJiu\v3_QuadRemesher_交付\01A眼窝与眼球\screenshots\v39_norm_sideL.png'
  00:04.250  render           | Saved: 'E:\WangZhen_Project\AI\ShuZiRen\Hermes\SZRYanJiu\v3_QuadRemesher_交付\01A眼窝与眼球\screenshots\v39_tex_front.png'
  00:04.688  render           | Saved: 'E:\WangZhen_Project\AI\ShuZiRen\Hermes\SZRYanJiu\v3_QuadRemesher_交付\01A眼窝与眼球\screenshots\v39_tex_sideL.png'
迭代285完成

--- 迭代 286 ---
  01:27.406  render           | Saved: 'E:\WangZhen_Project\AI\ShuZiRen\Hermes\SZRYanJiu\v3_QuadRemesher_交付\01A眼窝与眼球\screenshots\01_1_eye_socket_front.png'
  01:27.547  render           | Saved: 'E:\WangZhen_Project\AI\ShuZiRen\Hermes\SZRYanJiu\v3_QuadRemesher_交付\01A眼窝与眼球\screenshots\01_1_eye_socket_side.png'
  make_eye_cup L: boundary ring M=90 (of 1 rings), ring relaxed x12, jump avg=0.46mm max=0.79mm
  recalc_face_normals: SKIPPED (v38, geometric only)
  geometric orientation: reversed 1920 bowl faces to face -Y, still wrong=0
  UV分配: 10710 loops, avg=(0.0793,0.0632), u=[0.0000,1.0000] v=[0.0000,1.0000]
  make_eye_cup R: boundary ring M=89 (of 1 rings), ring relaxed x12, jump avg=0.47mm max=0.87mm
  recalc_face_normals: SKIPPED (v38, geometric only)
  geometric orientation: reversed 247 bowl faces to face -Y, still wrong=0
  UV分配: 9844 loops, avg=(0.5786,0.1021), u=[0.0000,1.0000] v=[0.0000,1.0000]
  Saved: E:\WangZhen_Project\AI\ShuZiRen\Hermes\SZRYanJiu\v3_QuadRemesher_交付\01A眼窝与眼球\models\01_1_eye_socket.blend
  00:03.000  render           | Saved: 'E:\WangZhen_Project\AI\ShuZiRen\Hermes\SZRYanJiu\v3_QuadRemesher_交付\01A眼窝与眼球\screenshots\v39_norm_front.png'
  00:03.406  render           | Saved: 'E:\WangZhen_Project\AI\ShuZiRen\Hermes\SZRYanJiu\v3_QuadRemesher_交付\01A眼窝与眼球\screenshots\v39_norm_sideL.png'
  00:04.250  render           | Saved: 'E:\WangZhen_Project\AI\ShuZiRen\Hermes\SZRYanJiu\v3_QuadRemesher_交付\01A眼窝与眼球\screenshots\v39_tex_front.png'
  00:04.687  render           | Saved: 'E:\WangZhen_Project\AI\ShuZiRen\Hermes\SZRYanJiu\v3_QuadRemesher_交付\01A眼窝与眼球\screenshots\v39_tex_sideL.png'
迭代286完成

--- 迭代 287 ---
  01:27.281  render           | Saved: 'E:\WangZhen_Project\AI\ShuZiRen\Hermes\SZRYanJiu\v3_QuadRemesher_交付\01A眼窝与眼球\screenshots\01_1_eye_socket_front.png'
  01:27.406  render           | Saved: 'E:\WangZhen_Project\AI\ShuZiRen\Hermes\SZRYanJiu\v3_QuadRemesher_交付\01A眼窝与眼球\screenshots\01_1_eye_socket_side.png'
  make_eye_cup L: boundary ring M=90 (of 1 rings), ring relaxed x12, jump avg=0.46mm max=0.79mm
  recalc_face_normals: SKIPPED (v38, geometric only)
  geometric orientation: reversed 1920 bowl faces to face -Y, still wrong=0
  UV分配: 10710 loops, avg=(0.0793,0.0632), u=[0.0000,1.0000] v=[0.0000,1.0000]
  make_eye_cup R: boundary ring M=89 (of 1 rings), ring relaxed x12, jump avg=0.47mm max=0.87mm
  recalc_face_normals: SKIPPED (v38, geometric only)
  geometric orientation: reversed 247 bowl faces to face -Y, still wrong=0
  UV分配: 9844 loops, avg=(0.5786,0.1021), u=[0.0000,1.0000] v=[0.0000,1.0000]
  Saved: E:\WangZhen_Project\AI\ShuZiRen\Hermes\SZRYanJiu\v3_QuadRemesher_交付\01A眼窝与眼球\models\01_1_eye_socket.blend
  00:03.000  render           | Saved: 'E:\WangZhen_Project\AI\ShuZiRen\Hermes\SZRYanJiu\v3_QuadRemesher_交付\01A眼窝与眼球\screenshots\v39_norm_front.png'
  00:03.375  render           | Saved: 'E:\WangZhen_Project\AI\ShuZiRen\Hermes\SZRYanJiu\v3_QuadRemesher_交付\01A眼窝与眼球\screenshots\v39_norm_sideL.png'
  00:04.219  render           | Saved: 'E:\WangZhen_Project\AI\ShuZiRen\Hermes\SZRYanJiu\v3_QuadRemesher_交付\01A眼窝与眼球\screenshots\v39_tex_front.png'
  00:04.641  render           | Saved: 'E:\WangZhen_Project\AI\ShuZiRen\Hermes\SZRYanJiu\v3_QuadRemesher_交付\01A眼窝与眼球\screenshots\v39_tex_sideL.png'
迭代287完成

--- 迭代 288 ---
  01:27.312  render           | Saved: 'E:\WangZhen_Project\AI\ShuZiRen\Hermes\SZRYanJiu\v3_QuadRemesher_交付\01A眼窝与眼球\screenshots\01_1_eye_socket_front.png'
  01:27.437  render           | Saved: 'E:\WangZhen_Project\AI\ShuZiRen\Hermes\SZRYanJiu\v3_QuadRemesher_交付\01A眼窝与眼球\screenshots\01_1_eye_socket_side.png'
  make_eye_cup L: boundary ring M=90 (of 1 rings), ring relaxed x12, jump avg=0.46mm max=0.79mm
  recalc_face_normals: SKIPPED (v38, geometric only)
  geometric orientation: reversed 1920 bowl faces to face -Y, still wrong=0
  UV分配: 10710 loops, avg=(0.0793,0.0632), u=[0.0000,1.0000] v=[0.0000,1.0000]
  make_eye_cup R: boundary ring M=89 (of 1 rings), ring relaxed x12, jump avg=0.47mm max=0.87mm
  recalc_face_normals: SKIPPED (v38, geometric only)
  geometric orientation: reversed 247 bowl faces to face -Y, still wrong=0
  UV分配: 9844 loops, avg=(0.5786,0.1021), u=[0.0000,1.0000] v=[0.0000,1.0000]
  Saved: E:\WangZhen_Project\AI\ShuZiRen\Hermes\SZRYanJiu\v3_QuadRemesher_交付\01A眼窝与眼球\models\01_1_eye_socket.blend
  00:02.985  render           | Saved: 'E:\WangZhen_Project\AI\ShuZiRen\Hermes\SZRYanJiu\v3_QuadRemesher_交付\01A眼窝与眼球\screenshots\v39_norm_front.png'
  00:03.391  render           | Saved: 'E:\WangZhen_Project\AI\ShuZiRen\Hermes\SZRYanJiu\v3_QuadRemesher_交付\01A眼窝与眼球\screenshots\v39_norm_sideL.png'
  00:04.235  render           | Saved: 'E:\WangZhen_Project\AI\ShuZiRen\Hermes\SZRYanJiu\v3_QuadRemesher_交付\01A眼窝与眼球\screenshots\v39_tex_front.png'
  00:04.657  render           | Saved: 'E:\WangZhen_Project\AI\ShuZiRen\Hermes\SZRYanJiu\v3_QuadRemesher_交付\01A眼窝与眼球\screenshots\v39_tex_sideL.png'
迭代288完成

--- 迭代 289 ---
  01:27.203  render           | Saved: 'E:\WangZhen_Project\AI\ShuZiRen\Hermes\SZRYanJiu\v3_QuadRemesher_交付\01A眼窝与眼球\screenshots\01_1_eye_socket_front.png'
  01:27.328  render           | Saved: 'E:\WangZhen_Project\AI\ShuZiRen\Hermes\SZRYanJiu\v3_QuadRemesher_交付\01A眼窝与眼球\screenshots\01_1_eye_socket_side.png'
  make_eye_cup L: boundary ring M=90 (of 1 rings), ring relaxed x12, jump avg=0.46mm max=0.79mm
  recalc_face_normals: SKIPPED (v38, geometric only)
  geometric orientation: reversed 1920 bowl faces to face -Y, still wrong=0
  UV分配: 10710 loops, avg=(0.0793,0.0632), u=[0.0000,1.0000] v=[0.0000,1.0000]
  make_eye_cup R: boundary ring M=89 (of 1 rings), ring relaxed x12, jump avg=0.47mm max=0.87mm
  recalc_face_normals: SKIPPED (v38, geometric only)
  geometric orientation: reversed 247 bowl faces to face -Y, still wrong=0
  UV分配: 9844 loops, avg=(0.5786,0.1021), u=[0.0000,1.0000] v=[0.0000,1.0000]
  Saved: E:\WangZhen_Project\AI\ShuZiRen\Hermes\SZRYanJiu\v3_QuadRemesher_交付\01A眼窝与眼球\models\01_1_eye_socket.blend
  00:03.032  render           | Saved: 'E:\WangZhen_Project\AI\ShuZiRen\Hermes\SZRYanJiu\v3_QuadRemesher_交付\01A眼窝与眼球\screenshots\v39_norm_front.png'
  00:03.422  render           | Saved: 'E:\WangZhen_Project\AI\ShuZiRen\Hermes\SZRYanJiu\v3_QuadRemesher_交付\01A眼窝与眼球\screenshots\v39_norm_sideL.png'
  00:04.266  render           | Saved: 'E:\WangZhen_Project\AI\ShuZiRen\Hermes\SZRYanJiu\v3_QuadRemesher_交付\01A眼窝与眼球\screenshots\v39_tex_front.png'
  00:04.688  render           | Saved: 'E:\WangZhen_Project\AI\ShuZiRen\Hermes\SZRYanJiu\v3_QuadRemesher_交付\01A眼窝与眼球\screenshots\v39_tex_sideL.png'
迭代289完成

--- 迭代 290 ---
  01:27.250  render           | Saved: 'E:\WangZhen_Project\AI\ShuZiRen\Hermes\SZRYanJiu\v3_QuadRemesher_交付\01A眼窝与眼球\screenshots\01_1_eye_socket_front.png'
  01:27.375  render           | Saved: 'E:\WangZhen_Project\AI\ShuZiRen\Hermes\SZRYanJiu\v3_QuadRemesher_交付\01A眼窝与眼球\screenshots\01_1_eye_socket_side.png'
  make_eye_cup L: boundary ring M=90 (of 1 rings), ring relaxed x12, jump avg=0.46mm max=0.79mm
  recalc_face_normals: SKIPPED (v38, geometric only)
  geometric orientation: reversed 1920 bowl faces to face -Y, still wrong=0
  UV分配: 10710 loops, avg=(0.0793,0.0632), u=[0.0000,1.0000] v=[0.0000,1.0000]
  make_eye_cup R: boundary ring M=89 (of 1 rings), ring relaxed x12, jump avg=0.47mm max=0.87mm
  recalc_face_normals: SKIPPED (v38, geometric only)
  geometric orientation: reversed 247 bowl faces to face -Y, still wrong=0
  UV分配: 9844 loops, avg=(0.5786,0.1021), u=[0.0000,1.0000] v=[0.0000,1.0000]
  Saved: E:\WangZhen_Project\AI\ShuZiRen\Hermes\SZRYanJiu\v3_QuadRemesher_交付\01A眼窝与眼球\models\01_1_eye_socket.blend
  00:03.016  render           | Saved: 'E:\WangZhen_Project\AI\ShuZiRen\Hermes\SZRYanJiu\v3_QuadRemesher_交付\01A眼窝与眼球\screenshots\v39_norm_front.png'
  00:03.407  render           | Saved: 'E:\WangZhen_Project\AI\ShuZiRen\Hermes\SZRYanJiu\v3_QuadRemesher_交付\01A眼窝与眼球\screenshots\v39_norm_sideL.png'
  00:04.250  render           | Saved: 'E:\WangZhen_Project\AI\ShuZiRen\Hermes\SZRYanJiu\v3_QuadRemesher_交付\01A眼窝与眼球\screenshots\v39_tex_front.png'
  00:04.672  render           | Saved: 'E:\WangZhen_Project\AI\ShuZiRen\Hermes\SZRYanJiu\v3_QuadRemesher_交付\01A眼窝与眼球\screenshots\v39_tex_sideL.png'
迭代290完成

--- 迭代 291 ---
  01:27.000  render           | Saved: 'E:\WangZhen_Project\AI\ShuZiRen\Hermes\SZRYanJiu\v3_QuadRemesher_交付\01A眼窝与眼球\screenshots\01_1_eye_socket_front.png'
  01:27.125  render           | Saved: 'E:\WangZhen_Project\AI\ShuZiRen\Hermes\SZRYanJiu\v3_QuadRemesher_交付\01A眼窝与眼球\screenshots\01_1_eye_socket_side.png'
  make_eye_cup L: boundary ring M=90 (of 1 rings), ring relaxed x12, jump avg=0.46mm max=0.79mm
  recalc_face_normals: SKIPPED (v38, geometric only)
  geometric orientation: reversed 1920 bowl faces to face -Y, still wrong=0
  UV分配: 10710 loops, avg=(0.0793,0.0632), u=[0.0000,1.0000] v=[0.0000,1.0000]
  make_eye_cup R: boundary ring M=89 (of 1 rings), ring relaxed x12, jump avg=0.47mm max=0.87mm
  recalc_face_normals: SKIPPED (v38, geometric only)
  geometric orientation: reversed 247 bowl faces to face -Y, still wrong=0
  UV分配: 9844 loops, avg=(0.5786,0.1021), u=[0.0000,1.0000] v=[0.0000,1.0000]
  Saved: E:\WangZhen_Project\AI\ShuZiRen\Hermes\SZRYanJiu\v3_QuadRemesher_交付\01A眼窝与眼球\models\01_1_eye_socket.blend
  00:02.984  render           | Saved: 'E:\WangZhen_Project\AI\ShuZiRen\Hermes\SZRYanJiu\v3_QuadRemesher_交付\01A眼窝与眼球\screenshots\v39_norm_front.png'
  00:03.391  render           | Saved: 'E:\WangZhen_Project\AI\ShuZiRen\Hermes\SZRYanJiu\v3_QuadRemesher_交付\01A眼窝与眼球\screenshots\v39_norm_sideL.png'
  00:04.250  render           | Saved: 'E:\WangZhen_Project\AI\ShuZiRen\Hermes\SZRYanJiu\v3_QuadRemesher_交付\01A眼窝与眼球\screenshots\v39_tex_front.png'
  00:04.672  render           | Saved: 'E:\WangZhen_Project\AI\ShuZiRen\Hermes\SZRYanJiu\v3_QuadRemesher_交付\01A眼窝与眼球\screenshots\v39_tex_sideL.png'
迭代291完成

--- 迭代 292 ---
  01:27.407  render           | Saved: 'E:\WangZhen_Project\AI\ShuZiRen\Hermes\SZRYanJiu\v3_QuadRemesher_交付\01A眼窝与眼球\screenshots\01_1_eye_socket_front.png'
  01:27.532  render           | Saved: 'E:\WangZhen_Project\AI\ShuZiRen\Hermes\SZRYanJiu\v3_QuadRemesher_交付\01A眼窝与眼球\screenshots\01_1_eye_socket_side.png'
  make_eye_cup L: boundary ring M=90 (of 1 rings), ring relaxed x12, jump avg=0.46mm max=0.79mm
  recalc_face_normals: SKIPPED (v38, geometric only)
  geometric orientation: reversed 1920 bowl faces to face -Y, still wrong=0
  UV分配: 10710 loops, avg=(0.0793,0.0632), u=[0.0000,1.0000] v=[0.0000,1.0000]
  make_eye_cup R: boundary ring M=89 (of 1 rings), ring relaxed x12, jump avg=0.47mm max=0.87mm
  recalc_face_normals: SKIPPED (v38, geometric only)
  geometric orientation: reversed 247 bowl faces to face -Y, still wrong=0
  UV分配: 9844 loops, avg=(0.5786,0.1021), u=[0.0000,1.0000] v=[0.0000,1.0000]
  Saved: E:\WangZhen_Project\AI\ShuZiRen\Hermes\SZRYanJiu\v3_QuadRemesher_交付\01A眼窝与眼球\models\01_1_eye_socket.blend
  00:03.016  render           | Saved: 'E:\WangZhen_Project\AI\ShuZiRen\Hermes\SZRYanJiu\v3_QuadRemesher_交付\01A眼窝与眼球\screenshots\v39_norm_front.png'
  00:03.406  render           | Saved: 'E:\WangZhen_Project\AI\ShuZiRen\Hermes\SZRYanJiu\v3_QuadRemesher_交付\01A眼窝与眼球\screenshots\v39_norm_sideL.png'
  00:04.250  render           | Saved: 'E:\WangZhen_Project\AI\ShuZiRen\Hermes\SZRYanJiu\v3_QuadRemesher_交付\01A眼窝与眼球\screenshots\v39_tex_front.png'
  00:04.672  render           | Saved: 'E:\WangZhen_Project\AI\ShuZiRen\Hermes\SZRYanJiu\v3_QuadRemesher_交付\01A眼窝与眼球\screenshots\v39_tex_sideL.png'
迭代292完成

--- 迭代 293 ---
  01:27.625  render           | Saved: 'E:\WangZhen_Project\AI\ShuZiRen\Hermes\SZRYanJiu\v3_QuadRemesher_交付\01A眼窝与眼球\screenshots\01_1_eye_socket_front.png'
  01:27.750  render           | Saved: 'E:\WangZhen_Project\AI\ShuZiRen\Hermes\SZRYanJiu\v3_QuadRemesher_交付\01A眼窝与眼球\screenshots\01_1_eye_socket_side.png'
  make_eye_cup L: boundary ring M=90 (of 1 rings), ring relaxed x12, jump avg=0.46mm max=0.79mm
  recalc_face_normals: SKIPPED (v38, geometric only)
  geometric orientation: reversed 1920 bowl faces to face -Y, still wrong=0
  UV分配: 10710 loops, avg=(0.0793,0.0632), u=[0.0000,1.0000] v=[0.0000,1.0000]
  make_eye_cup R: boundary ring M=89 (of 1 rings), ring relaxed x12, jump avg=0.47mm max=0.87mm
  recalc_face_normals: SKIPPED (v38, geometric only)
  geometric orientation: reversed 247 bowl faces to face -Y, still wrong=0
  UV分配: 9844 loops, avg=(0.5786,0.1021), u=[0.0000,1.0000] v=[0.0000,1.0000]
  Saved: E:\WangZhen_Project\AI\ShuZiRen\Hermes\SZRYanJiu\v3_QuadRemesher_交付\01A眼窝与眼球\models\01_1_eye_socket.blend
  00:02.984  render           | Saved: 'E:\WangZhen_Project\AI\ShuZiRen\Hermes\SZRYanJiu\v3_QuadRemesher_交付\01A眼窝与眼球\screenshots\v39_norm_front.png'
  00:03.375  render           | Saved: 'E:\WangZhen_Project\AI\ShuZiRen\Hermes\SZRYanJiu\v3_QuadRemesher_交付\01A眼窝与眼球\screenshots\v39_norm_sideL.png'
  00:04.218  render           | Saved: 'E:\WangZhen_Project\AI\ShuZiRen\Hermes\SZRYanJiu\v3_QuadRemesher_交付\01A眼窝与眼球\screenshots\v39_tex_front.png'
  00:04.640  render           | Saved: 'E:\WangZhen_Project\AI\ShuZiRen\Hermes\SZRYanJiu\v3_QuadRemesher_交付\01A眼窝与眼球\screenshots\v39_tex_sideL.png'
迭代293完成

--- 迭代 294 ---
  01:27.437  render           | Saved: 'E:\WangZhen_Project\AI\ShuZiRen\Hermes\SZRYanJiu\v3_QuadRemesher_交付\01A眼窝与眼球\screenshots\01_1_eye_socket_front.png'
  01:27.562  render           | Saved: 'E:\WangZhen_Project\AI\ShuZiRen\Hermes\SZRYanJiu\v3_QuadRemesher_交付\01A眼窝与眼球\screenshots\01_1_eye_socket_side.png'
  make_eye_cup L: boundary ring M=90 (of 1 rings), ring relaxed x12, jump avg=0.46mm max=0.79mm
  recalc_face_normals: SKIPPED (v38, geometric only)
  geometric orientation: reversed 1920 bowl faces to face -Y, still wrong=0
  UV分配: 10710 loops, avg=(0.0793,0.0632), u=[0.0000,1.0000] v=[0.0000,1.0000]
  make_eye_cup R: boundary ring M=89 (of 1 rings), ring relaxed x12, jump avg=0.47mm max=0.87mm
  recalc_face_normals: SKIPPED (v38, geometric only)
  geometric orientation: reversed 247 bowl faces to face -Y, still wrong=0
  UV分配: 9844 loops, avg=(0.5786,0.1021), u=[0.0000,1.0000] v=[0.0000,1.0000]
  Saved: E:\WangZhen_Project\AI\ShuZiRen\Hermes\SZRYanJiu\v3_QuadRemesher_交付\01A眼窝与眼球\models\01_1_eye_socket.blend
  00:02.953  render           | Saved: 'E:\WangZhen_Project\AI\ShuZiRen\Hermes\SZRYanJiu\v3_QuadRemesher_交付\01A眼窝与眼球\screenshots\v39_norm_front.png'
  00:03.360  render           | Saved: 'E:\WangZhen_Project\AI\ShuZiRen\Hermes\SZRYanJiu\v3_QuadRemesher_交付\01A眼窝与眼球\screenshots\v39_norm_sideL.png'
  00:04.203  render           | Saved: 'E:\WangZhen_Project\AI\ShuZiRen\Hermes\SZRYanJiu\v3_QuadRemesher_交付\01A眼窝与眼球\screenshots\v39_tex_front.png'
  00:04.625  render           | Saved: 'E:\WangZhen_Project\AI\ShuZiRen\Hermes\SZRYanJiu\v3_QuadRemesher_交付\01A眼窝与眼球\screenshots\v39_tex_sideL.png'
迭代294完成

--- 迭代 295 ---
  01:27.453  render           | Saved: 'E:\WangZhen_Project\AI\ShuZiRen\Hermes\SZRYanJiu\v3_QuadRemesher_交付\01A眼窝与眼球\screenshots\01_1_eye_socket_front.png'
  01:27.594  render           | Saved: 'E:\WangZhen_Project\AI\ShuZiRen\Hermes\SZRYanJiu\v3_QuadRemesher_交付\01A眼窝与眼球\screenshots\01_1_eye_socket_side.png'
  make_eye_cup L: boundary ring M=90 (of 1 rings), ring relaxed x12, jump avg=0.46mm max=0.79mm
  recalc_face_normals: SKIPPED (v38, geometric only)
  geometric orientation: reversed 1920 bowl faces to face -Y, still wrong=0
  UV分配: 10710 loops, avg=(0.0793,0.0632), u=[0.0000,1.0000] v=[0.0000,1.0000]
  make_eye_cup R: boundary ring M=89 (of 1 rings), ring relaxed x12, jump avg=0.47mm max=0.87mm
  recalc_face_normals: SKIPPED (v38, geometric only)
  geometric orientation: reversed 247 bowl faces to face -Y, still wrong=0
  UV分配: 9844 loops, avg=(0.5786,0.1021), u=[0.0000,1.0000] v=[0.0000,1.0000]
  Saved: E:\WangZhen_Project\AI\ShuZiRen\Hermes\SZRYanJiu\v3_QuadRemesher_交付\01A眼窝与眼球\models\01_1_eye_socket.blend
  00:03.016  render           | Saved: 'E:\WangZhen_Project\AI\ShuZiRen\Hermes\SZRYanJiu\v3_QuadRemesher_交付\01A眼窝与眼球\screenshots\v39_norm_front.png'
  00:03.406  render           | Saved: 'E:\WangZhen_Project\AI\ShuZiRen\Hermes\SZRYanJiu\v3_QuadRemesher_交付\01A眼窝与眼球\screenshots\v39_norm_sideL.png'
  00:04.266  render           | Saved: 'E:\WangZhen_Project\AI\ShuZiRen\Hermes\SZRYanJiu\v3_QuadRemesher_交付\01A眼窝与眼球\screenshots\v39_tex_front.png'
  00:04.687  render           | Saved: 'E:\WangZhen_Project\AI\ShuZiRen\Hermes\SZRYanJiu\v3_QuadRemesher_交付\01A眼窝与眼球\screenshots\v39_tex_sideL.png'
迭代295完成

--- 迭代 296 ---
  01:27.265  render           | Saved: 'E:\WangZhen_Project\AI\ShuZiRen\Hermes\SZRYanJiu\v3_QuadRemesher_交付\01A眼窝与眼球\screenshots\01_1_eye_socket_front.png'
  01:27.390  render           | Saved: 'E:\WangZhen_Project\AI\ShuZiRen\Hermes\SZRYanJiu\v3_QuadRemesher_交付\01A眼窝与眼球\screenshots\01_1_eye_socket_side.png'
  make_eye_cup L: boundary ring M=90 (of 1 rings), ring relaxed x12, jump avg=0.46mm max=0.79mm
  recalc_face_normals: SKIPPED (v38, geometric only)
  geometric orientation: reversed 1920 bowl faces to face -Y, still wrong=0
  UV分配: 10710 loops, avg=(0.0793,0.0632), u=[0.0000,1.0000] v=[0.0000,1.0000]
  make_eye_cup R: boundary ring M=89 (of 1 rings), ring relaxed x12, jump avg=0.47mm max=0.87mm
  recalc_face_normals: SKIPPED (v38, geometric only)
  geometric orientation: reversed 247 bowl faces to face -Y, still wrong=0
  UV分配: 9844 loops, avg=(0.5786,0.1021), u=[0.0000,1.0000] v=[0.0000,1.0000]
  Saved: E:\WangZhen_Project\AI\ShuZiRen\Hermes\SZRYanJiu\v3_QuadRemesher_交付\01A眼窝与眼球\models\01_1_eye_socket.blend
  00:03.031  render           | Saved: 'E:\WangZhen_Project\AI\ShuZiRen\Hermes\SZRYanJiu\v3_QuadRemesher_交付\01A眼窝与眼球\screenshots\v39_norm_front.png'
  00:03.438  render           | Saved: 'E:\WangZhen_Project\AI\ShuZiRen\Hermes\SZRYanJiu\v3_QuadRemesher_交付\01A眼窝与眼球\screenshots\v39_norm_sideL.png'
  00:04.281  render           | Saved: 'E:\WangZhen_Project\AI\ShuZiRen\Hermes\SZRYanJiu\v3_QuadRemesher_交付\01A眼窝与眼球\screenshots\v39_tex_front.png'
  00:04.703  render           | Saved: 'E:\WangZhen_Project\AI\ShuZiRen\Hermes\SZRYanJiu\v3_QuadRemesher_交付\01A眼窝与眼球\screenshots\v39_tex_sideL.png'
迭代296完成

--- 迭代 297 ---
  01:27.281  render           | Saved: 'E:\WangZhen_Project\AI\ShuZiRen\Hermes\SZRYanJiu\v3_QuadRemesher_交付\01A眼窝与眼球\screenshots\01_1_eye_socket_front.png'
  01:27.406  render           | Saved: 'E:\WangZhen_Project\AI\ShuZiRen\Hermes\SZRYanJiu\v3_QuadRemesher_交付\01A眼窝与眼球\screenshots\01_1_eye_socket_side.png'
  make_eye_cup L: boundary ring M=90 (of 1 rings), ring relaxed x12, jump avg=0.46mm max=0.79mm
  recalc_face_normals: SKIPPED (v38, geometric only)
  geometric orientation: reversed 1920 bowl faces to face -Y, still wrong=0
  UV分配: 10710 loops, avg=(0.0793,0.0632), u=[0.0000,1.0000] v=[0.0000,1.0000]
  make_eye_cup R: boundary ring M=89 (of 1 rings), ring relaxed x12, jump avg=0.47mm max=0.87mm
  recalc_face_normals: SKIPPED (v38, geometric only)
  geometric orientation: reversed 247 bowl faces to face -Y, still wrong=0
  UV分配: 9844 loops, avg=(0.5786,0.1021), u=[0.0000,1.0000] v=[0.0000,1.0000]
  Saved: E:\WangZhen_Project\AI\ShuZiRen\Hermes\SZRYanJiu\v3_QuadRemesher_交付\01A眼窝与眼球\models\01_1_eye_socket.blend
  00:02.969  render           | Saved: 'E:\WangZhen_Project\AI\ShuZiRen\Hermes\SZRYanJiu\v3_QuadRemesher_交付\01A眼窝与眼球\screenshots\v39_norm_front.png'
  00:03.359  render           | Saved: 'E:\WangZhen_Project\AI\ShuZiRen\Hermes\SZRYanJiu\v3_QuadRemesher_交付\01A眼窝与眼球\screenshots\v39_norm_sideL.png'
  00:04.219  render           | Saved: 'E:\WangZhen_Project\AI\ShuZiRen\Hermes\SZRYanJiu\v3_QuadRemesher_交付\01A眼窝与眼球\screenshots\v39_tex_front.png'
  00:04.641  render           | Saved: 'E:\WangZhen_Project\AI\ShuZiRen\Hermes\SZRYanJiu\v3_QuadRemesher_交付\01A眼窝与眼球\screenshots\v39_tex_sideL.png'
迭代297完成

--- 迭代 298 ---
  01:27.531  render           | Saved: 'E:\WangZhen_Project\AI\ShuZiRen\Hermes\SZRYanJiu\v3_QuadRemesher_交付\01A眼窝与眼球\screenshots\01_1_eye_socket_front.png'
  01:27.656  render           | Saved: 'E:\WangZhen_Project\AI\ShuZiRen\Hermes\SZRYanJiu\v3_QuadRemesher_交付\01A眼窝与眼球\screenshots\01_1_eye_socket_side.png'
  make_eye_cup L: boundary ring M=90 (of 1 rings), ring relaxed x12, jump avg=0.46mm max=0.79mm
  recalc_face_normals: SKIPPED (v38, geometric only)
  geometric orientation: reversed 1920 bowl faces to face -Y, still wrong=0
  UV分配: 10710 loops, avg=(0.0793,0.0632), u=[0.0000,1.0000] v=[0.0000,1.0000]
  make_eye_cup R: boundary ring M=89 (of 1 rings), ring relaxed x12, jump avg=0.47mm max=0.87mm
  recalc_face_normals: SKIPPED (v38, geometric only)
  geometric orientation: reversed 247 bowl faces to face -Y, still wrong=0
  UV分配: 9844 loops, avg=(0.5786,0.1021), u=[0.0000,1.0000] v=[0.0000,1.0000]
  Saved: E:\WangZhen_Project\AI\ShuZiRen\Hermes\SZRYanJiu\v3_QuadRemesher_交付\01A眼窝与眼球\models\01_1_eye_socket.blend
  00:02.969  render           | Saved: 'E:\WangZhen_Project\AI\ShuZiRen\Hermes\SZRYanJiu\v3_QuadRemesher_交付\01A眼窝与眼球\screenshots\v39_norm_front.png'
  00:03.359  render           | Saved: 'E:\WangZhen_Project\AI\ShuZiRen\Hermes\SZRYanJiu\v3_QuadRemesher_交付\01A眼窝与眼球\screenshots\v39_norm_sideL.png'
  00:04.219  render           | Saved: 'E:\WangZhen_Project\AI\ShuZiRen\Hermes\SZRYanJiu\v3_QuadRemesher_交付\01A眼窝与眼球\screenshots\v39_tex_front.png'
  00:04.641  render           | Saved: 'E:\WangZhen_Project\AI\ShuZiRen\Hermes\SZRYanJiu\v3_QuadRemesher_交付\01A眼窝与眼球\screenshots\v39_tex_sideL.png'
迭代298完成

--- 迭代 299 ---
  01:27.375  render           | Saved: 'E:\WangZhen_Project\AI\ShuZiRen\Hermes\SZRYanJiu\v3_QuadRemesher_交付\01A眼窝与眼球\screenshots\01_1_eye_socket_front.png'
  01:27.485  render           | Saved: 'E:\WangZhen_Project\AI\ShuZiRen\Hermes\SZRYanJiu\v3_QuadRemesher_交付\01A眼窝与眼球\screenshots\01_1_eye_socket_side.png'
  make_eye_cup L: boundary ring M=90 (of 1 rings), ring relaxed x12, jump avg=0.46mm max=0.79mm
  recalc_face_normals: SKIPPED (v38, geometric only)
  geometric orientation: reversed 1920 bowl faces to face -Y, still wrong=0
  UV分配: 10710 loops, avg=(0.0793,0.0632), u=[0.0000,1.0000] v=[0.0000,1.0000]
  make_eye_cup R: boundary ring M=89 (of 1 rings), ring relaxed x12, jump avg=0.47mm max=0.87mm
  recalc_face_normals: SKIPPED (v38, geometric only)
  geometric orientation: reversed 247 bowl faces to face -Y, still wrong=0
  UV分配: 9844 loops, avg=(0.5786,0.1021), u=[0.0000,1.0000] v=[0.0000,1.0000]
  Saved: E:\WangZhen_Project\AI\ShuZiRen\Hermes\SZRYanJiu\v3_QuadRemesher_交付\01A眼窝与眼球\models\01_1_eye_socket.blend
  00:02.969  render           | Saved: 'E:\WangZhen_Project\AI\ShuZiRen\Hermes\SZRYanJiu\v3_QuadRemesher_交付\01A眼窝与眼球\screenshots\v39_norm_front.png'
  00:03.375  render           | Saved: 'E:\WangZhen_Project\AI\ShuZiRen\Hermes\SZRYanJiu\v3_QuadRemesher_交付\01A眼窝与眼球\screenshots\v39_norm_sideL.png'
  00:04.219  render           | Saved: 'E:\WangZhen_Project\AI\ShuZiRen\Hermes\SZRYanJiu\v3_QuadRemesher_交付\01A眼窝与眼球\screenshots\v39_tex_front.png'
  00:04.641  render           | Saved: 'E:\WangZhen_Project\AI\ShuZiRen\Hermes\SZRYanJiu\v3_QuadRemesher_交付\01A眼窝与眼球\screenshots\v39_tex_sideL.png'
迭代299完成

--- 迭代 300 ---
  01:27.110  render           | Saved: 'E:\WangZhen_Project\AI\ShuZiRen\Hermes\SZRYanJiu\v3_QuadRemesher_交付\01A眼窝与眼球\screenshots\01_1_eye_socket_front.png'
  01:27.235  render           | Saved: 'E:\WangZhen_Project\AI\ShuZiRen\Hermes\SZRYanJiu\v3_QuadRemesher_交付\01A眼窝与眼球\screenshots\01_1_eye_socket_side.png'
  make_eye_cup L: boundary ring M=90 (of 1 rings), ring relaxed x12, jump avg=0.46mm max=0.79mm
  recalc_face_normals: SKIPPED (v38, geometric only)
  geometric orientation: reversed 1920 bowl faces to face -Y, still wrong=0
  UV分配: 10710 loops, avg=(0.0793,0.0632), u=[0.0000,1.0000] v=[0.0000,1.0000]
  make_eye_cup R: boundary ring M=89 (of 1 rings), ring relaxed x12, jump avg=0.47mm max=0.87mm
  recalc_face_normals: SKIPPED (v38, geometric only)
  geometric orientation: reversed 247 bowl faces to face -Y, still wrong=0
  UV分配: 9844 loops, avg=(0.5786,0.1021), u=[0.0000,1.0000] v=[0.0000,1.0000]
  Saved: E:\WangZhen_Project\AI\ShuZiRen\Hermes\SZRYanJiu\v3_QuadRemesher_交付\01A眼窝与眼球\models\01_1_eye_socket.blend
  00:02.984  render           | Saved: 'E:\WangZhen_Project\AI\ShuZiRen\Hermes\SZRYanJiu\v3_QuadRemesher_交付\01A眼窝与眼球\screenshots\v39_norm_front.png'
  00:03.390  render           | Saved: 'E:\WangZhen_Project\AI\ShuZiRen\Hermes\SZRYanJiu\v3_QuadRemesher_交付\01A眼窝与眼球\screenshots\v39_norm_sideL.png'
  00:04.218  render           | Saved: 'E:\WangZhen_Project\AI\ShuZiRen\Hermes\SZRYanJiu\v3_QuadRemesher_交付\01A眼窝与眼球\screenshots\v39_tex_front.png'
  00:04.656  render           | Saved: 'E:\WangZhen_Project\AI\ShuZiRen\Hermes\SZRYanJiu\v3_QuadRemesher_交付\01A眼窝与眼球\screenshots\v39_tex_sideL.png'
迭代300完成

--- 迭代 301 ---
  01:27.250  render           | Saved: 'E:\WangZhen_Project\AI\ShuZiRen\Hermes\SZRYanJiu\v3_QuadRemesher_交付\01A眼窝与眼球\screenshots\01_1_eye_socket_front.png'
  01:27.375  render           | Saved: 'E:\WangZhen_Project\AI\ShuZiRen\Hermes\SZRYanJiu\v3_QuadRemesher_交付\01A眼窝与眼球\screenshots\01_1_eye_socket_side.png'
  make_eye_cup L: boundary ring M=90 (of 1 rings), ring relaxed x12, jump avg=0.46mm max=0.79mm
  recalc_face_normals: SKIPPED (v38, geometric only)
  geometric orientation: reversed 1920 bowl faces to face -Y, still wrong=0
  UV分配: 10710 loops, avg=(0.0793,0.0632), u=[0.0000,1.0000] v=[0.0000,1.0000]
  make_eye_cup R: boundary ring M=89 (of 1 rings), ring relaxed x12, jump avg=0.47mm max=0.87mm
  recalc_face_normals: SKIPPED (v38, geometric only)
  geometric orientation: reversed 247 bowl faces to face -Y, still wrong=0
  UV分配: 9844 loops, avg=(0.5786,0.1021), u=[0.0000,1.0000] v=[0.0000,1.0000]
  Saved: E:\WangZhen_Project\AI\ShuZiRen\Hermes\SZRYanJiu\v3_QuadRemesher_交付\01A眼窝与眼球\models\01_1_eye_socket.blend
  00:02.984  render           | Saved: 'E:\WangZhen_Project\AI\ShuZiRen\Hermes\SZRYanJiu\v3_QuadRemesher_交付\01A眼窝与眼球\screenshots\v39_norm_front.png'
  00:03.390  render           | Saved: 'E:\WangZhen_Project\AI\ShuZiRen\Hermes\SZRYanJiu\v3_QuadRemesher_交付\01A眼窝与眼球\screenshots\v39_norm_sideL.png'
  00:04.234  render           | Saved: 'E:\WangZhen_Project\AI\ShuZiRen\Hermes\SZRYanJiu\v3_QuadRemesher_交付\01A眼窝与眼球\screenshots\v39_tex_front.png'
  00:04.672  render           | Saved: 'E:\WangZhen_Project\AI\ShuZiRen\Hermes\SZRYanJiu\v3_QuadRemesher_交付\01A眼窝与眼球\screenshots\v39_tex_sideL.png'
迭代301完成

--- 迭代 302 ---
  01:27.235  render           | Saved: 'E:\WangZhen_Project\AI\ShuZiRen\Hermes\SZRYanJiu\v3_QuadRemesher_交付\01A眼窝与眼球\screenshots\01_1_eye_socket_front.png'
  01:27.375  render           | Saved: 'E:\WangZhen_Project\AI\ShuZiRen\Hermes\SZRYanJiu\v3_QuadRemesher_交付\01A眼窝与眼球\screenshots\01_1_eye_socket_side.png'
  make_eye_cup L: boundary ring M=90 (of 1 rings), ring relaxed x12, jump avg=0.46mm max=0.79mm
  recalc_face_normals: SKIPPED (v38, geometric only)
  geometric orientation: reversed 1920 bowl faces to face -Y, still wrong=0
  UV分配: 10710 loops, avg=(0.0793,0.0632), u=[0.0000,1.0000] v=[0.0000,1.0000]
  make_eye_cup R: boundary ring M=89 (of 1 rings), ring relaxed x12, jump avg=0.47mm max=0.87mm
  recalc_face_normals: SKIPPED (v38, geometric only)
  geometric orientation: reversed 247 bowl faces to face -Y, still wrong=0
  UV分配: 9844 loops, avg=(0.5786,0.1021), u=[0.0000,1.0000] v=[0.0000,1.0000]
  Saved: E:\WangZhen_Project\AI\ShuZiRen\Hermes\SZRYanJiu\v3_QuadRemesher_交付\01A眼窝与眼球\models\01_1_eye_socket.blend
  00:02.985  render           | Saved: 'E:\WangZhen_Project\AI\ShuZiRen\Hermes\SZRYanJiu\v3_QuadRemesher_交付\01A眼窝与眼球\screenshots\v39_norm_front.png'
  00:03.375  render           | Saved: 'E:\WangZhen_Project\AI\ShuZiRen\Hermes\SZRYanJiu\v3_QuadRemesher_交付\01A眼窝与眼球\screenshots\v39_norm_sideL.png'
  00:04.235  render           | Saved: 'E:\WangZhen_Project\AI\ShuZiRen\Hermes\SZRYanJiu\v3_QuadRemesher_交付\01A眼窝与眼球\screenshots\v39_tex_front.png'
  00:04.657  render           | Saved: 'E:\WangZhen_Project\AI\ShuZiRen\Hermes\SZRYanJiu\v3_QuadRemesher_交付\01A眼窝与眼球\screenshots\v39_tex_sideL.png'
迭代302完成

--- 迭代 303 ---
  01:27.375  render           | Saved: 'E:\WangZhen_Project\AI\ShuZiRen\Hermes\SZRYanJiu\v3_QuadRemesher_交付\01A眼窝与眼球\screenshots\01_1_eye_socket_front.png'
  01:27.500  render           | Saved: 'E:\WangZhen_Project\AI\ShuZiRen\Hermes\SZRYanJiu\v3_QuadRemesher_交付\01A眼窝与眼球\screenshots\01_1_eye_socket_side.png'
  make_eye_cup L: boundary ring M=90 (of 1 rings), ring relaxed x12, jump avg=0.46mm max=0.79mm
  recalc_face_normals: SKIPPED (v38, geometric only)
  geometric orientation: reversed 1920 bowl faces to face -Y, still wrong=0
  UV分配: 10710 loops, avg=(0.0793,0.0632), u=[0.0000,1.0000] v=[0.0000,1.0000]
  make_eye_cup R: boundary ring M=89 (of 1 rings), ring relaxed x12, jump avg=0.47mm max=0.87mm
  recalc_face_normals: SKIPPED (v38, geometric only)
  geometric orientation: reversed 247 bowl faces to face -Y, still wrong=0
  UV分配: 9844 loops, avg=(0.5786,0.1021), u=[0.0000,1.0000] v=[0.0000,1.0000]
  Saved: E:\WangZhen_Project\AI\ShuZiRen\Hermes\SZRYanJiu\v3_QuadRemesher_交付\01A眼窝与眼球\models\01_1_eye_socket.blend
  00:02.984  render           | Saved: 'E:\WangZhen_Project\AI\ShuZiRen\Hermes\SZRYanJiu\v3_QuadRemesher_交付\01A眼窝与眼球\screenshots\v39_norm_front.png'
  00:03.406  render           | Saved: 'E:\WangZhen_Project\AI\ShuZiRen\Hermes\SZRYanJiu\v3_QuadRemesher_交付\01A眼窝与眼球\screenshots\v39_norm_sideL.png'
  00:04.250  render           | Saved: 'E:\WangZhen_Project\AI\ShuZiRen\Hermes\SZRYanJiu\v3_QuadRemesher_交付\01A眼窝与眼球\screenshots\v39_tex_front.png'
  00:04.672  render           | Saved: 'E:\WangZhen_Project\AI\ShuZiRen\Hermes\SZRYanJiu\v3_QuadRemesher_交付\01A眼窝与眼球\screenshots\v39_tex_sideL.png'
迭代303完成

--- 迭代 304 ---
  01:27.047  render           | Saved: 'E:\WangZhen_Project\AI\ShuZiRen\Hermes\SZRYanJiu\v3_QuadRemesher_交付\01A眼窝与眼球\screenshots\01_1_eye_socket_front.png'
  01:27.172  render           | Saved: 'E:\WangZhen_Project\AI\ShuZiRen\Hermes\SZRYanJiu\v3_QuadRemesher_交付\01A眼窝与眼球\screenshots\01_1_eye_socket_side.png'
  make_eye_cup L: boundary ring M=90 (of 1 rings), ring relaxed x12, jump avg=0.46mm max=0.79mm
  recalc_face_normals: SKIPPED (v38, geometric only)
  geometric orientation: reversed 1920 bowl faces to face -Y, still wrong=0
  UV分配: 10710 loops, avg=(0.0793,0.0632), u=[0.0000,1.0000] v=[0.0000,1.0000]
  make_eye_cup R: boundary ring M=89 (of 1 rings), ring relaxed x12, jump avg=0.47mm max=0.87mm
  recalc_face_normals: SKIPPED (v38, geometric only)
  geometric orientation: reversed 247 bowl faces to face -Y, still wrong=0
  UV分配: 9844 loops, avg=(0.5786,0.1021), u=[0.0000,1.0000] v=[0.0000,1.0000]
  Saved: E:\WangZhen_Project\AI\ShuZiRen\Hermes\SZRYanJiu\v3_QuadRemesher_交付\01A眼窝与眼球\models\01_1_eye_socket.blend
  00:02.968  render           | Saved: 'E:\WangZhen_Project\AI\ShuZiRen\Hermes\SZRYanJiu\v3_QuadRemesher_交付\01A眼窝与眼球\screenshots\v39_norm_front.png'
  00:03.375  render           | Saved: 'E:\WangZhen_Project\AI\ShuZiRen\Hermes\SZRYanJiu\v3_QuadRemesher_交付\01A眼窝与眼球\screenshots\v39_norm_sideL.png'
  00:04.218  render           | Saved: 'E:\WangZhen_Project\AI\ShuZiRen\Hermes\SZRYanJiu\v3_QuadRemesher_交付\01A眼窝与眼球\screenshots\v39_tex_front.png'
  00:04.656  render           | Saved: 'E:\WangZhen_Project\AI\ShuZiRen\Hermes\SZRYanJiu\v3_QuadRemesher_交付\01A眼窝与眼球\screenshots\v39_tex_sideL.png'
迭代304完成

--- 迭代 305 ---
  01:28.797  render           | Saved: 'E:\WangZhen_Project\AI\ShuZiRen\Hermes\SZRYanJiu\v3_QuadRemesher_交付\01A眼窝与眼球\screenshots\01_1_eye_socket_front.png'
  01:28.922  render           | Saved: 'E:\WangZhen_Project\AI\ShuZiRen\Hermes\SZRYanJiu\v3_QuadRemesher_交付\01A眼窝与眼球\screenshots\01_1_eye_socket_side.png'
  make_eye_cup L: boundary ring M=90 (of 1 rings), ring relaxed x12, jump avg=0.46mm max=0.79mm
  recalc_face_normals: SKIPPED (v38, geometric only)
  geometric orientation: reversed 1920 bowl faces to face -Y, still wrong=0
  UV分配: 10710 loops, avg=(0.0793,0.0632), u=[0.0000,1.0000] v=[0.0000,1.0000]
  make_eye_cup R: boundary ring M=89 (of 1 rings), ring relaxed x12, jump avg=0.47mm max=0.87mm
  recalc_face_normals: SKIPPED (v38, geometric only)
  geometric orientation: reversed 247 bowl faces to face -Y, still wrong=0
  UV分配: 9844 loops, avg=(0.5786,0.1021), u=[0.0000,1.0000] v=[0.0000,1.0000]
  Saved: E:\WangZhen_Project\AI\ShuZiRen\Hermes\SZRYanJiu\v3_QuadRemesher_交付\01A眼窝与眼球\models\01_1_eye_socket.blend
  00:03.000  render           | Saved: 'E:\WangZhen_Project\AI\ShuZiRen\Hermes\SZRYanJiu\v3_QuadRemesher_交付\01A眼窝与眼球\screenshots\v39_norm_front.png'
  00:03.406  render           | Saved: 'E:\WangZhen_Project\AI\ShuZiRen\Hermes\SZRYanJiu\v3_QuadRemesher_交付\01A眼窝与眼球\screenshots\v39_norm_sideL.png'
  00:04.266  render           | Saved: 'E:\WangZhen_Project\AI\ShuZiRen\Hermes\SZRYanJiu\v3_QuadRemesher_交付\01A眼窝与眼球\screenshots\v39_tex_front.png'
  00:04.688  render           | Saved: 'E:\WangZhen_Project\AI\ShuZiRen\Hermes\SZRYanJiu\v3_QuadRemesher_交付\01A眼窝与眼球\screenshots\v39_tex_sideL.png'
迭代305完成

--- 迭代 306 ---
  01:27.156  render           | Saved: 'E:\WangZhen_Project\AI\ShuZiRen\Hermes\SZRYanJiu\v3_QuadRemesher_交付\01A眼窝与眼球\screenshots\01_1_eye_socket_front.png'
  01:27.281  render           | Saved: 'E:\WangZhen_Project\AI\ShuZiRen\Hermes\SZRYanJiu\v3_QuadRemesher_交付\01A眼窝与眼球\screenshots\01_1_eye_socket_side.png'
  make_eye_cup L: boundary ring M=90 (of 1 rings), ring relaxed x12, jump avg=0.46mm max=0.79mm
  recalc_face_normals: SKIPPED (v38, geometric only)
  geometric orientation: reversed 1920 bowl faces to face -Y, still wrong=0
  UV分配: 10710 loops, avg=(0.0793,0.0632), u=[0.0000,1.0000] v=[0.0000,1.0000]
  make_eye_cup R: boundary ring M=89 (of 1 rings), ring relaxed x12, jump avg=0.47mm max=0.87mm
  recalc_face_normals: SKIPPED (v38, geometric only)
  geometric orientation: reversed 247 bowl faces to face -Y, still wrong=0
  UV分配: 9844 loops, avg=(0.5786,0.1021), u=[0.0000,1.0000] v=[0.0000,1.0000]
  Saved: E:\WangZhen_Project\AI\ShuZiRen\Hermes\SZRYanJiu\v3_QuadRemesher_交付\01A眼窝与眼球\models\01_1_eye_socket.blend
  00:02.969  render           | Saved: 'E:\WangZhen_Project\AI\ShuZiRen\Hermes\SZRYanJiu\v3_QuadRemesher_交付\01A眼窝与眼球\screenshots\v39_norm_front.png'
  00:03.359  render           | Saved: 'E:\WangZhen_Project\AI\ShuZiRen\Hermes\SZRYanJiu\v3_QuadRemesher_交付\01A眼窝与眼球\screenshots\v39_norm_sideL.png'
  00:04.219  render           | Saved: 'E:\WangZhen_Project\AI\ShuZiRen\Hermes\SZRYanJiu\v3_QuadRemesher_交付\01A眼窝与眼球\screenshots\v39_tex_front.png'
  00:04.641  render           | Saved: 'E:\WangZhen_Project\AI\ShuZiRen\Hermes\SZRYanJiu\v3_QuadRemesher_交付\01A眼窝与眼球\screenshots\v39_tex_sideL.png'
迭代306完成

--- 迭代 307 ---
  01:27.328  render           | Saved: 'E:\WangZhen_Project\AI\ShuZiRen\Hermes\SZRYanJiu\v3_QuadRemesher_交付\01A眼窝与眼球\screenshots\01_1_eye_socket_front.png'
  01:27.453  render           | Saved: 'E:\WangZhen_Project\AI\ShuZiRen\Hermes\SZRYanJiu\v3_QuadRemesher_交付\01A眼窝与眼球\screenshots\01_1_eye_socket_side.png'
  make_eye_cup L: boundary ring M=90 (of 1 rings), ring relaxed x12, jump avg=0.46mm max=0.79mm
  recalc_face_normals: SKIPPED (v38, geometric only)
  geometric orientation: reversed 1920 bowl faces to face -Y, still wrong=0
  UV分配: 10710 loops, avg=(0.0793,0.0632), u=[0.0000,1.0000] v=[0.0000,1.0000]
  make_eye_cup R: boundary ring M=89 (of 1 rings), ring relaxed x12, jump avg=0.47mm max=0.87mm
  recalc_face_normals: SKIPPED (v38, geometric only)
  geometric orientation: reversed 247 bowl faces to face -Y, still wrong=0
  UV分配: 9844 loops, avg=(0.5786,0.1021), u=[0.0000,1.0000] v=[0.0000,1.0000]
  Saved: E:\WangZhen_Project\AI\ShuZiRen\Hermes\SZRYanJiu\v3_QuadRemesher_交付\01A眼窝与眼球\models\01_1_eye_socket.blend
  00:02.953  render           | Saved: 'E:\WangZhen_Project\AI\ShuZiRen\Hermes\SZRYanJiu\v3_QuadRemesher_交付\01A眼窝与眼球\screenshots\v39_norm_front.png'
  00:03.344  render           | Saved: 'E:\WangZhen_Project\AI\ShuZiRen\Hermes\SZRYanJiu\v3_QuadRemesher_交付\01A眼窝与眼球\screenshots\v39_norm_sideL.png'
  00:04.203  render           | Saved: 'E:\WangZhen_Project\AI\ShuZiRen\Hermes\SZRYanJiu\v3_QuadRemesher_交付\01A眼窝与眼球\screenshots\v39_tex_front.png'
  00:04.625  render           | Saved: 'E:\WangZhen_Project\AI\ShuZiRen\Hermes\SZRYanJiu\v3_QuadRemesher_交付\01A眼窝与眼球\screenshots\v39_tex_sideL.png'
迭代307完成

--- 迭代 308 ---
  01:27.328  render           | Saved: 'E:\WangZhen_Project\AI\ShuZiRen\Hermes\SZRYanJiu\v3_QuadRemesher_交付\01A眼窝与眼球\screenshots\01_1_eye_socket_front.png'
  01:27.453  render           | Saved: 'E:\WangZhen_Project\AI\ShuZiRen\Hermes\SZRYanJiu\v3_QuadRemesher_交付\01A眼窝与眼球\screenshots\01_1_eye_socket_side.png'
  make_eye_cup L: boundary ring M=90 (of 1 rings), ring relaxed x12, jump avg=0.46mm max=0.79mm
  recalc_face_normals: SKIPPED (v38, geometric only)
  geometric orientation: reversed 1920 bowl faces to face -Y, still wrong=0
  UV分配: 10710 loops, avg=(0.0793,0.0632), u=[0.0000,1.0000] v=[0.0000,1.0000]
  make_eye_cup R: boundary ring M=89 (of 1 rings), ring relaxed x12, jump avg=0.47mm max=0.87mm
  recalc_face_normals: SKIPPED (v38, geometric only)
  geometric orientation: reversed 247 bowl faces to face -Y, still wrong=0
  UV分配: 9844 loops, avg=(0.5786,0.1021), u=[0.0000,1.0000] v=[0.0000,1.0000]
  Saved: E:\WangZhen_Project\AI\ShuZiRen\Hermes\SZRYanJiu\v3_QuadRemesher_交付\01A眼窝与眼球\models\01_1_eye_socket.blend
  00:03.000  render           | Saved: 'E:\WangZhen_Project\AI\ShuZiRen\Hermes\SZRYanJiu\v3_QuadRemesher_交付\01A眼窝与眼球\screenshots\v39_norm_front.png'
  00:03.391  render           | Saved: 'E:\WangZhen_Project\AI\ShuZiRen\Hermes\SZRYanJiu\v3_QuadRemesher_交付\01A眼窝与眼球\screenshots\v39_norm_sideL.png'
  00:04.235  render           | Saved: 'E:\WangZhen_Project\AI\ShuZiRen\Hermes\SZRYanJiu\v3_QuadRemesher_交付\01A眼窝与眼球\screenshots\v39_tex_front.png'
  00:04.657  render           | Saved: 'E:\WangZhen_Project\AI\ShuZiRen\Hermes\SZRYanJiu\v3_QuadRemesher_交付\01A眼窝与眼球\screenshots\v39_tex_sideL.png'
迭代308完成

--- 迭代 309 ---
  01:27.344  render           | Saved: 'E:\WangZhen_Project\AI\ShuZiRen\Hermes\SZRYanJiu\v3_QuadRemesher_交付\01A眼窝与眼球\screenshots\01_1_eye_socket_front.png'
  01:27.469  render           | Saved: 'E:\WangZhen_Project\AI\ShuZiRen\Hermes\SZRYanJiu\v3_QuadRemesher_交付\01A眼窝与眼球\screenshots\01_1_eye_socket_side.png'
  make_eye_cup L: boundary ring M=90 (of 1 rings), ring relaxed x12, jump avg=0.46mm max=0.79mm
  recalc_face_normals: SKIPPED (v38, geometric only)
  geometric orientation: reversed 1920 bowl faces to face -Y, still wrong=0
  UV分配: 10710 loops, avg=(0.0793,0.0632), u=[0.0000,1.0000] v=[0.0000,1.0000]
  make_eye_cup R: boundary ring M=89 (of 1 rings), ring relaxed x12, jump avg=0.47mm max=0.87mm
  recalc_face_normals: SKIPPED (v38, geometric only)
  geometric orientation: reversed 247 bowl faces to face -Y, still wrong=0
  UV分配: 9844 loops, avg=(0.5786,0.1021), u=[0.0000,1.0000] v=[0.0000,1.0000]
  Saved: E:\WangZhen_Project\AI\ShuZiRen\Hermes\SZRYanJiu\v3_QuadRemesher_交付\01A眼窝与眼球\models\01_1_eye_socket.blend
  00:02.985  render           | Saved: 'E:\WangZhen_Project\AI\ShuZiRen\Hermes\SZRYanJiu\v3_QuadRemesher_交付\01A眼窝与眼球\screenshots\v39_norm_front.png'
  00:03.375  render           | Saved: 'E:\WangZhen_Project\AI\ShuZiRen\Hermes\SZRYanJiu\v3_QuadRemesher_交付\01A眼窝与眼球\screenshots\v39_norm_sideL.png'
  00:04.235  render           | Saved: 'E:\WangZhen_Project\AI\ShuZiRen\Hermes\SZRYanJiu\v3_QuadRemesher_交付\01A眼窝与眼球\screenshots\v39_tex_front.png'
  00:04.656  render           | Saved: 'E:\WangZhen_Project\AI\ShuZiRen\Hermes\SZRYanJiu\v3_QuadRemesher_交付\01A眼窝与眼球\screenshots\v39_tex_sideL.png'
迭代309完成

--- 迭代 310 ---
  01:27.422  render           | Saved: 'E:\WangZhen_Project\AI\ShuZiRen\Hermes\SZRYanJiu\v3_QuadRemesher_交付\01A眼窝与眼球\screenshots\01_1_eye_socket_front.png'
  01:27.547  render           | Saved: 'E:\WangZhen_Project\AI\ShuZiRen\Hermes\SZRYanJiu\v3_QuadRemesher_交付\01A眼窝与眼球\screenshots\01_1_eye_socket_side.png'
  make_eye_cup L: boundary ring M=90 (of 1 rings), ring relaxed x12, jump avg=0.46mm max=0.79mm
  recalc_face_normals: SKIPPED (v38, geometric only)
  geometric orientation: reversed 1920 bowl faces to face -Y, still wrong=0
  UV分配: 10710 loops, avg=(0.0793,0.0632), u=[0.0000,1.0000] v=[0.0000,1.0000]
  make_eye_cup R: boundary ring M=89 (of 1 rings), ring relaxed x12, jump avg=0.47mm max=0.87mm
  recalc_face_normals: SKIPPED (v38, geometric only)
  geometric orientation: reversed 247 bowl faces to face -Y, still wrong=0
  UV分配: 9844 loops, avg=(0.5786,0.1021), u=[0.0000,1.0000] v=[0.0000,1.0000]
  Saved: E:\WangZhen_Project\AI\ShuZiRen\Hermes\SZRYanJiu\v3_QuadRemesher_交付\01A眼窝与眼球\models\01_1_eye_socket.blend
  00:03.000  render           | Saved: 'E:\WangZhen_Project\AI\ShuZiRen\Hermes\SZRYanJiu\v3_QuadRemesher_交付\01A眼窝与眼球\screenshots\v39_norm_front.png'
  00:03.406  render           | Saved: 'E:\WangZhen_Project\AI\ShuZiRen\Hermes\SZRYanJiu\v3_QuadRemesher_交付\01A眼窝与眼球\screenshots\v39_norm_sideL.png'
  00:04.250  render           | Saved: 'E:\WangZhen_Project\AI\ShuZiRen\Hermes\SZRYanJiu\v3_QuadRemesher_交付\01A眼窝与眼球\screenshots\v39_tex_front.png'
  00:04.672  render           | Saved: 'E:\WangZhen_Project\AI\ShuZiRen\Hermes\SZRYanJiu\v3_QuadRemesher_交付\01A眼窝与眼球\screenshots\v39_tex_sideL.png'
迭代310完成

--- 迭代 311 ---
  01:27.234  render           | Saved: 'E:\WangZhen_Project\AI\ShuZiRen\Hermes\SZRYanJiu\v3_QuadRemesher_交付\01A眼窝与眼球\screenshots\01_1_eye_socket_front.png'
  01:27.359  render           | Saved: 'E:\WangZhen_Project\AI\ShuZiRen\Hermes\SZRYanJiu\v3_QuadRemesher_交付\01A眼窝与眼球\screenshots\01_1_eye_socket_side.png'
  make_eye_cup L: boundary ring M=90 (of 1 rings), ring relaxed x12, jump avg=0.46mm max=0.79mm
  recalc_face_normals: SKIPPED (v38, geometric only)
  geometric orientation: reversed 1920 bowl faces to face -Y, still wrong=0
  UV分配: 10710 loops, avg=(0.0793,0.0632), u=[0.0000,1.0000] v=[0.0000,1.0000]
  make_eye_cup R: boundary ring M=89 (of 1 rings), ring relaxed x12, jump avg=0.47mm max=0.87mm
  recalc_face_normals: SKIPPED (v38, geometric only)
  geometric orientation: reversed 247 bowl faces to face -Y, still wrong=0
  UV分配: 9844 loops, avg=(0.5786,0.1021), u=[0.0000,1.0000] v=[0.0000,1.0000]
  Saved: E:\WangZhen_Project\AI\ShuZiRen\Hermes\SZRYanJiu\v3_QuadRemesher_交付\01A眼窝与眼球\models\01_1_eye_socket.blend
  00:02.984  render           | Saved: 'E:\WangZhen_Project\AI\ShuZiRen\Hermes\SZRYanJiu\v3_QuadRemesher_交付\01A眼窝与眼球\screenshots\v39_norm_front.png'
  00:03.391  render           | Saved: 'E:\WangZhen_Project\AI\ShuZiRen\Hermes\SZRYanJiu\v3_QuadRemesher_交付\01A眼窝与眼球\screenshots\v39_norm_sideL.png'
  00:04.234  render           | Saved: 'E:\WangZhen_Project\AI\ShuZiRen\Hermes\SZRYanJiu\v3_QuadRemesher_交付\01A眼窝与眼球\screenshots\v39_tex_front.png'
  00:04.656  render           | Saved: 'E:\WangZhen_Project\AI\ShuZiRen\Hermes\SZRYanJiu\v3_QuadRemesher_交付\01A眼窝与眼球\screenshots\v39_tex_sideL.png'
迭代311完成

--- 迭代 312 ---
  01:27.359  render           | Saved: 'E:\WangZhen_Project\AI\ShuZiRen\Hermes\SZRYanJiu\v3_QuadRemesher_交付\01A眼窝与眼球\screenshots\01_1_eye_socket_front.png'
  01:27.484  render           | Saved: 'E:\WangZhen_Project\AI\ShuZiRen\Hermes\SZRYanJiu\v3_QuadRemesher_交付\01A眼窝与眼球\screenshots\01_1_eye_socket_side.png'
  make_eye_cup L: boundary ring M=90 (of 1 rings), ring relaxed x12, jump avg=0.46mm max=0.79mm
  recalc_face_normals: SKIPPED (v38, geometric only)
  geometric orientation: reversed 1920 bowl faces to face -Y, still wrong=0
  UV分配: 10710 loops, avg=(0.0793,0.0632), u=[0.0000,1.0000] v=[0.0000,1.0000]
  make_eye_cup R: boundary ring M=89 (of 1 rings), ring relaxed x12, jump avg=0.47mm max=0.87mm
  recalc_face_normals: SKIPPED (v38, geometric only)
  geometric orientation: reversed 247 bowl faces to face -Y, still wrong=0
  UV分配: 9844 loops, avg=(0.5786,0.1021), u=[0.0000,1.0000] v=[0.0000,1.0000]
  Saved: E:\WangZhen_Project\AI\ShuZiRen\Hermes\SZRYanJiu\v3_QuadRemesher_交付\01A眼窝与眼球\models\01_1_eye_socket.blend
  00:02.969  render           | Saved: 'E:\WangZhen_Project\AI\ShuZiRen\Hermes\SZRYanJiu\v3_QuadRemesher_交付\01A眼窝与眼球\screenshots\v39_norm_front.png'
  00:03.375  render           | Saved: 'E:\WangZhen_Project\AI\ShuZiRen\Hermes\SZRYanJiu\v3_QuadRemesher_交付\01A眼窝与眼球\screenshots\v39_norm_sideL.png'
  00:04.219  render           | Saved: 'E:\WangZhen_Project\AI\ShuZiRen\Hermes\SZRYanJiu\v3_QuadRemesher_交付\01A眼窝与眼球\screenshots\v39_tex_front.png'
  00:04.641  render           | Saved: 'E:\WangZhen_Project\AI\ShuZiRen\Hermes\SZRYanJiu\v3_QuadRemesher_交付\01A眼窝与眼球\screenshots\v39_tex_sideL.png'
迭代312完成

--- 迭代 313 ---
  01:27.390  render           | Saved: 'E:\WangZhen_Project\AI\ShuZiRen\Hermes\SZRYanJiu\v3_QuadRemesher_交付\01A眼窝与眼球\screenshots\01_1_eye_socket_front.png'
  01:27.531  render           | Saved: 'E:\WangZhen_Project\AI\ShuZiRen\Hermes\SZRYanJiu\v3_QuadRemesher_交付\01A眼窝与眼球\screenshots\01_1_eye_socket_side.png'
  make_eye_cup L: boundary ring M=90 (of 1 rings), ring relaxed x12, jump avg=0.46mm max=0.79mm
  recalc_face_normals: SKIPPED (v38, geometric only)
  geometric orientation: reversed 1920 bowl faces to face -Y, still wrong=0
  UV分配: 10710 loops, avg=(0.0793,0.0632), u=[0.0000,1.0000] v=[0.0000,1.0000]
  make_eye_cup R: boundary ring M=89 (of 1 rings), ring relaxed x12, jump avg=0.47mm max=0.87mm
  recalc_face_normals: SKIPPED (v38, geometric only)
  geometric orientation: reversed 247 bowl faces to face -Y, still wrong=0
  UV分配: 9844 loops, avg=(0.5786,0.1021), u=[0.0000,1.0000] v=[0.0000,1.0000]
  Saved: E:\WangZhen_Project\AI\ShuZiRen\Hermes\SZRYanJiu\v3_QuadRemesher_交付\01A眼窝与眼球\models\01_1_eye_socket.blend
  00:02.953  render           | Saved: 'E:\WangZhen_Project\AI\ShuZiRen\Hermes\SZRYanJiu\v3_QuadRemesher_交付\01A眼窝与眼球\screenshots\v39_norm_front.png'
  00:03.359  render           | Saved: 'E:\WangZhen_Project\AI\ShuZiRen\Hermes\SZRYanJiu\v3_QuadRemesher_交付\01A眼窝与眼球\screenshots\v39_norm_sideL.png'
  00:04.219  render           | Saved: 'E:\WangZhen_Project\AI\ShuZiRen\Hermes\SZRYanJiu\v3_QuadRemesher_交付\01A眼窝与眼球\screenshots\v39_tex_front.png'
  00:04.640  render           | Saved: 'E:\WangZhen_Project\AI\ShuZiRen\Hermes\SZRYanJiu\v3_QuadRemesher_交付\01A眼窝与眼球\screenshots\v39_tex_sideL.png'
迭代313完成

--- 迭代 314 ---
  01:27.453  render           | Saved: 'E:\WangZhen_Project\AI\ShuZiRen\Hermes\SZRYanJiu\v3_QuadRemesher_交付\01A眼窝与眼球\screenshots\01_1_eye_socket_front.png'
  01:27.594  render           | Saved: 'E:\WangZhen_Project\AI\ShuZiRen\Hermes\SZRYanJiu\v3_QuadRemesher_交付\01A眼窝与眼球\screenshots\01_1_eye_socket_side.png'
  make_eye_cup L: boundary ring M=90 (of 1 rings), ring relaxed x12, jump avg=0.46mm max=0.79mm
  recalc_face_normals: SKIPPED (v38, geometric only)
  geometric orientation: reversed 1920 bowl faces to face -Y, still wrong=0
  UV分配: 10710 loops, avg=(0.0793,0.0632), u=[0.0000,1.0000] v=[0.0000,1.0000]
  make_eye_cup R: boundary ring M=89 (of 1 rings), ring relaxed x12, jump avg=0.47mm max=0.87mm
  recalc_face_normals: SKIPPED (v38, geometric only)
  geometric orientation: reversed 247 bowl faces to face -Y, still wrong=0
  UV分配: 9844 loops, avg=(0.5786,0.1021), u=[0.0000,1.0000] v=[0.0000,1.0000]
  Saved: E:\WangZhen_Project\AI\ShuZiRen\Hermes\SZRYanJiu\v3_QuadRemesher_交付\01A眼窝与眼球\models\01_1_eye_socket.blend
  00:02.968  render           | Saved: 'E:\WangZhen_Project\AI\ShuZiRen\Hermes\SZRYanJiu\v3_QuadRemesher_交付\01A眼窝与眼球\screenshots\v39_norm_front.png'
  00:03.375  render           | Saved: 'E:\WangZhen_Project\AI\ShuZiRen\Hermes\SZRYanJiu\v3_QuadRemesher_交付\01A眼窝与眼球\screenshots\v39_norm_sideL.png'
  00:04.218  render           | Saved: 'E:\WangZhen_Project\AI\ShuZiRen\Hermes\SZRYanJiu\v3_QuadRemesher_交付\01A眼窝与眼球\screenshots\v39_tex_front.png'
  00:04.640  render           | Saved: 'E:\WangZhen_Project\AI\ShuZiRen\Hermes\SZRYanJiu\v3_QuadRemesher_交付\01A眼窝与眼球\screenshots\v39_tex_sideL.png'
迭代314完成

--- 迭代 315 ---
  01:27.265  render           | Saved: 'E:\WangZhen_Project\AI\ShuZiRen\Hermes\SZRYanJiu\v3_QuadRemesher_交付\01A眼窝与眼球\screenshots\01_1_eye_socket_front.png'
  01:27.390  render           | Saved: 'E:\WangZhen_Project\AI\ShuZiRen\Hermes\SZRYanJiu\v3_QuadRemesher_交付\01A眼窝与眼球\screenshots\01_1_eye_socket_side.png'
  make_eye_cup L: boundary ring M=90 (of 1 rings), ring relaxed x12, jump avg=0.46mm max=0.79mm
  recalc_face_normals: SKIPPED (v38, geometric only)
  geometric orientation: reversed 1920 bowl faces to face -Y, still wrong=0
  UV分配: 10710 loops, avg=(0.0793,0.0632), u=[0.0000,1.0000] v=[0.0000,1.0000]
  make_eye_cup R: boundary ring M=89 (of 1 rings), ring relaxed x12, jump avg=0.47mm max=0.87mm
  recalc_face_normals: SKIPPED (v38, geometric only)
  geometric orientation: reversed 247 bowl faces to face -Y, still wrong=0
  UV分配: 9844 loops, avg=(0.5786,0.1021), u=[0.0000,1.0000] v=[0.0000,1.0000]
  Saved: E:\WangZhen_Project\AI\ShuZiRen\Hermes\SZRYanJiu\v3_QuadRemesher_交付\01A眼窝与眼球\models\01_1_eye_socket.blend
  00:02.984  render           | Saved: 'E:\WangZhen_Project\AI\ShuZiRen\Hermes\SZRYanJiu\v3_QuadRemesher_交付\01A眼窝与眼球\screenshots\v39_norm_front.png'
  00:03.390  render           | Saved: 'E:\WangZhen_Project\AI\ShuZiRen\Hermes\SZRYanJiu\v3_QuadRemesher_交付\01A眼窝与眼球\screenshots\v39_norm_sideL.png'
  00:04.234  render           | Saved: 'E:\WangZhen_Project\AI\ShuZiRen\Hermes\SZRYanJiu\v3_QuadRemesher_交付\01A眼窝与眼球\screenshots\v39_tex_front.png'
  00:04.656  render           | Saved: 'E:\WangZhen_Project\AI\ShuZiRen\Hermes\SZRYanJiu\v3_QuadRemesher_交付\01A眼窝与眼球\screenshots\v39_tex_sideL.png'
迭代315完成

--- 迭代 316 ---
  01:27.235  render           | Saved: 'E:\WangZhen_Project\AI\ShuZiRen\Hermes\SZRYanJiu\v3_QuadRemesher_交付\01A眼窝与眼球\screenshots\01_1_eye_socket_front.png'
  01:27.360  render           | Saved: 'E:\WangZhen_Project\AI\ShuZiRen\Hermes\SZRYanJiu\v3_QuadRemesher_交付\01A眼窝与眼球\screenshots\01_1_eye_socket_side.png'
  make_eye_cup L: boundary ring M=90 (of 1 rings), ring relaxed x12, jump avg=0.46mm max=0.79mm
  recalc_face_normals: SKIPPED (v38, geometric only)
  geometric orientation: reversed 1920 bowl faces to face -Y, still wrong=0
  UV分配: 10710 loops, avg=(0.0793,0.0632), u=[0.0000,1.0000] v=[0.0000,1.0000]
  make_eye_cup R: boundary ring M=89 (of 1 rings), ring relaxed x12, jump avg=0.47mm max=0.87mm
  recalc_face_normals: SKIPPED (v38, geometric only)
  geometric orientation: reversed 247 bowl faces to face -Y, still wrong=0
  UV分配: 9844 loops, avg=(0.5786,0.1021), u=[0.0000,1.0000] v=[0.0000,1.0000]
  Saved: E:\WangZhen_Project\AI\ShuZiRen\Hermes\SZRYanJiu\v3_QuadRemesher_交付\01A眼窝与眼球\models\01_1_eye_socket.blend
  00:02.984  render           | Saved: 'E:\WangZhen_Project\AI\ShuZiRen\Hermes\SZRYanJiu\v3_QuadRemesher_交付\01A眼窝与眼球\screenshots\v39_norm_front.png'
  00:03.375  render           | Saved: 'E:\WangZhen_Project\AI\ShuZiRen\Hermes\SZRYanJiu\v3_QuadRemesher_交付\01A眼窝与眼球\screenshots\v39_norm_sideL.png'
  00:04.218  render           | Saved: 'E:\WangZhen_Project\AI\ShuZiRen\Hermes\SZRYanJiu\v3_QuadRemesher_交付\01A眼窝与眼球\screenshots\v39_tex_front.png'
  00:04.640  render           | Saved: 'E:\WangZhen_Project\AI\ShuZiRen\Hermes\SZRYanJiu\v3_QuadRemesher_交付\01A眼窝与眼球\screenshots\v39_tex_sideL.png'
迭代316完成

--- 迭代 317 ---
  01:27.250  render           | Saved: 'E:\WangZhen_Project\AI\ShuZiRen\Hermes\SZRYanJiu\v3_QuadRemesher_交付\01A眼窝与眼球\screenshots\01_1_eye_socket_front.png'
  01:27.375  render           | Saved: 'E:\WangZhen_Project\AI\ShuZiRen\Hermes\SZRYanJiu\v3_QuadRemesher_交付\01A眼窝与眼球\screenshots\01_1_eye_socket_side.png'
  make_eye_cup L: boundary ring M=90 (of 1 rings), ring relaxed x12, jump avg=0.46mm max=0.79mm
  recalc_face_normals: SKIPPED (v38, geometric only)
  geometric orientation: reversed 1920 bowl faces to face -Y, still wrong=0
  UV分配: 10710 loops, avg=(0.0793,0.0632), u=[0.0000,1.0000] v=[0.0000,1.0000]
  make_eye_cup R: boundary ring M=89 (of 1 rings), ring relaxed x12, jump avg=0.47mm max=0.87mm
  recalc_face_normals: SKIPPED (v38, geometric only)
  geometric orientation: reversed 247 bowl faces to face -Y, still wrong=0
  UV分配: 9844 loops, avg=(0.5786,0.1021), u=[0.0000,1.0000] v=[0.0000,1.0000]
  Saved: E:\WangZhen_Project\AI\ShuZiRen\Hermes\SZRYanJiu\v3_QuadRemesher_交付\01A眼窝与眼球\models\01_1_eye_socket.blend
  00:02.985  render           | Saved: 'E:\WangZhen_Project\AI\ShuZiRen\Hermes\SZRYanJiu\v3_QuadRemesher_交付\01A眼窝与眼球\screenshots\v39_norm_front.png'
  00:03.391  render           | Saved: 'E:\WangZhen_Project\AI\ShuZiRen\Hermes\SZRYanJiu\v3_QuadRemesher_交付\01A眼窝与眼球\screenshots\v39_norm_sideL.png'
  00:04.235  render           | Saved: 'E:\WangZhen_Project\AI\ShuZiRen\Hermes\SZRYanJiu\v3_QuadRemesher_交付\01A眼窝与眼球\screenshots\v39_tex_front.png'
  00:04.672  render           | Saved: 'E:\WangZhen_Project\AI\ShuZiRen\Hermes\SZRYanJiu\v3_QuadRemesher_交付\01A眼窝与眼球\screenshots\v39_tex_sideL.png'
迭代317完成

--- 迭代 318 ---
  01:27.281  render           | Saved: 'E:\WangZhen_Project\AI\ShuZiRen\Hermes\SZRYanJiu\v3_QuadRemesher_交付\01A眼窝与眼球\screenshots\01_1_eye_socket_front.png'
  01:27.422  render           | Saved: 'E:\WangZhen_Project\AI\ShuZiRen\Hermes\SZRYanJiu\v3_QuadRemesher_交付\01A眼窝与眼球\screenshots\01_1_eye_socket_side.png'
  make_eye_cup L: boundary ring M=90 (of 1 rings), ring relaxed x12, jump avg=0.46mm max=0.79mm
  recalc_face_normals: SKIPPED (v38, geometric only)
  geometric orientation: reversed 1920 bowl faces to face -Y, still wrong=0
  UV分配: 10710 loops, avg=(0.0793,0.0632), u=[0.0000,1.0000] v=[0.0000,1.0000]
  make_eye_cup R: boundary ring M=89 (of 1 rings), ring relaxed x12, jump avg=0.47mm max=0.87mm
  recalc_face_normals: SKIPPED (v38, geometric only)
  geometric orientation: reversed 247 bowl faces to face -Y, still wrong=0
  UV分配: 9844 loops, avg=(0.5786,0.1021), u=[0.0000,1.0000] v=[0.0000,1.0000]
  Saved: E:\WangZhen_Project\AI\ShuZiRen\Hermes\SZRYanJiu\v3_QuadRemesher_交付\01A眼窝与眼球\models\01_1_eye_socket.blend
  00:02.953  render           | Saved: 'E:\WangZhen_Project\AI\ShuZiRen\Hermes\SZRYanJiu\v3_QuadRemesher_交付\01A眼窝与眼球\screenshots\v39_norm_front.png'
  00:03.360  render           | Saved: 'E:\WangZhen_Project\AI\ShuZiRen\Hermes\SZRYanJiu\v3_QuadRemesher_交付\01A眼窝与眼球\screenshots\v39_norm_sideL.png'
  00:04.219  render           | Saved: 'E:\WangZhen_Project\AI\ShuZiRen\Hermes\SZRYanJiu\v3_QuadRemesher_交付\01A眼窝与眼球\screenshots\v39_tex_front.png'
  00:04.625  render           | Saved: 'E:\WangZhen_Project\AI\ShuZiRen\Hermes\SZRYanJiu\v3_QuadRemesher_交付\01A眼窝与眼球\screenshots\v39_tex_sideL.png'
迭代318完成

--- 迭代 319 ---
  01:27.390  render           | Saved: 'E:\WangZhen_Project\AI\ShuZiRen\Hermes\SZRYanJiu\v3_QuadRemesher_交付\01A眼窝与眼球\screenshots\01_1_eye_socket_front.png'
  01:27.500  render           | Saved: 'E:\WangZhen_Project\AI\ShuZiRen\Hermes\SZRYanJiu\v3_QuadRemesher_交付\01A眼窝与眼球\screenshots\01_1_eye_socket_side.png'
  make_eye_cup L: boundary ring M=90 (of 1 rings), ring relaxed x12, jump avg=0.46mm max=0.79mm
  recalc_face_normals: SKIPPED (v38, geometric only)
  geometric orientation: reversed 1920 bowl faces to face -Y, still wrong=0
  UV分配: 10710 loops, avg=(0.0793,0.0632), u=[0.0000,1.0000] v=[0.0000,1.0000]
  make_eye_cup R: boundary ring M=89 (of 1 rings), ring relaxed x12, jump avg=0.47mm max=0.87mm
  recalc_face_normals: SKIPPED (v38, geometric only)
  geometric orientation: reversed 247 bowl faces to face -Y, still wrong=0
  UV分配: 9844 loops, avg=(0.5786,0.1021), u=[0.0000,1.0000] v=[0.0000,1.0000]
  Saved: E:\WangZhen_Project\AI\ShuZiRen\Hermes\SZRYanJiu\v3_QuadRemesher_交付\01A眼窝与眼球\models\01_1_eye_socket.blend
  00:02.969  render           | Saved: 'E:\WangZhen_Project\AI\ShuZiRen\Hermes\SZRYanJiu\v3_QuadRemesher_交付\01A眼窝与眼球\screenshots\v39_norm_front.png'
  00:03.360  render           | Saved: 'E:\WangZhen_Project\AI\ShuZiRen\Hermes\SZRYanJiu\v3_QuadRemesher_交付\01A眼窝与眼球\screenshots\v39_norm_sideL.png'
  00:04.204  render           | Saved: 'E:\WangZhen_Project\AI\ShuZiRen\Hermes\SZRYanJiu\v3_QuadRemesher_交付\01A眼窝与眼球\screenshots\v39_tex_front.png'
  00:04.625  render           | Saved: 'E:\WangZhen_Project\AI\ShuZiRen\Hermes\SZRYanJiu\v3_QuadRemesher_交付\01A眼窝与眼球\screenshots\v39_tex_sideL.png'
迭代319完成

--- 迭代 320 ---
  01:27.469  render           | Saved: 'E:\WangZhen_Project\AI\ShuZiRen\Hermes\SZRYanJiu\v3_QuadRemesher_交付\01A眼窝与眼球\screenshots\01_1_eye_socket_front.png'
  01:27.609  render           | Saved: 'E:\WangZhen_Project\AI\ShuZiRen\Hermes\SZRYanJiu\v3_QuadRemesher_交付\01A眼窝与眼球\screenshots\01_1_eye_socket_side.png'
  make_eye_cup L: boundary ring M=90 (of 1 rings), ring relaxed x12, jump avg=0.46mm max=0.79mm
  recalc_face_normals: SKIPPED (v38, geometric only)
  geometric orientation: reversed 1920 bowl faces to face -Y, still wrong=0
  UV分配: 10710 loops, avg=(0.0793,0.0632), u=[0.0000,1.0000] v=[0.0000,1.0000]
  make_eye_cup R: boundary ring M=89 (of 1 rings), ring relaxed x12, jump avg=0.47mm max=0.87mm
  recalc_face_normals: SKIPPED (v38, geometric only)
  geometric orientation: reversed 247 bowl faces to face -Y, still wrong=0
  UV分配: 9844 loops, avg=(0.5786,0.1021), u=[0.0000,1.0000] v=[0.0000,1.0000]
  Saved: E:\WangZhen_Project\AI\ShuZiRen\Hermes\SZRYanJiu\v3_QuadRemesher_交付\01A眼窝与眼球\models\01_1_eye_socket.blend
  00:02.985  render           | Saved: 'E:\WangZhen_Project\AI\ShuZiRen\Hermes\SZRYanJiu\v3_QuadRemesher_交付\01A眼窝与眼球\screenshots\v39_norm_front.png'
  00:03.391  render           | Saved: 'E:\WangZhen_Project\AI\ShuZiRen\Hermes\SZRYanJiu\v3_QuadRemesher_交付\01A眼窝与眼球\screenshots\v39_norm_sideL.png'
  00:04.235  render           | Saved: 'E:\WangZhen_Project\AI\ShuZiRen\Hermes\SZRYanJiu\v3_QuadRemesher_交付\01A眼窝与眼球\screenshots\v39_tex_front.png'
  00:04.657  render           | Saved: 'E:\WangZhen_Project\AI\ShuZiRen\Hermes\SZRYanJiu\v3_QuadRemesher_交付\01A眼窝与眼球\screenshots\v39_tex_sideL.png'
迭代320完成

--- 迭代 321 ---
  01:27.218  render           | Saved: 'E:\WangZhen_Project\AI\ShuZiRen\Hermes\SZRYanJiu\v3_QuadRemesher_交付\01A眼窝与眼球\screenshots\01_1_eye_socket_front.png'
  01:27.359  render           | Saved: 'E:\WangZhen_Project\AI\ShuZiRen\Hermes\SZRYanJiu\v3_QuadRemesher_交付\01A眼窝与眼球\screenshots\01_1_eye_socket_side.png'
  make_eye_cup L: boundary ring M=90 (of 1 rings), ring relaxed x12, jump avg=0.46mm max=0.79mm
  recalc_face_normals: SKIPPED (v38, geometric only)
  geometric orientation: reversed 1920 bowl faces to face -Y, still wrong=0
  UV分配: 10710 loops, avg=(0.0793,0.0632), u=[0.0000,1.0000] v=[0.0000,1.0000]
  make_eye_cup R: boundary ring M=89 (of 1 rings), ring relaxed x12, jump avg=0.47mm max=0.87mm
  recalc_face_normals: SKIPPED (v38, geometric only)
  geometric orientation: reversed 247 bowl faces to face -Y, still wrong=0
  UV分配: 9844 loops, avg=(0.5786,0.1021), u=[0.0000,1.0000] v=[0.0000,1.0000]
  Saved: E:\WangZhen_Project\AI\ShuZiRen\Hermes\SZRYanJiu\v3_QuadRemesher_交付\01A眼窝与眼球\models\01_1_eye_socket.blend
  00:02.968  render           | Saved: 'E:\WangZhen_Project\AI\ShuZiRen\Hermes\SZRYanJiu\v3_QuadRemesher_交付\01A眼窝与眼球\screenshots\v39_norm_front.png'
  00:03.359  render           | Saved: 'E:\WangZhen_Project\AI\ShuZiRen\Hermes\SZRYanJiu\v3_QuadRemesher_交付\01A眼窝与眼球\screenshots\v39_norm_sideL.png'
  00:04.218  render           | Saved: 'E:\WangZhen_Project\AI\ShuZiRen\Hermes\SZRYanJiu\v3_QuadRemesher_交付\01A眼窝与眼球\screenshots\v39_tex_front.png'
  00:04.640  render           | Saved: 'E:\WangZhen_Project\AI\ShuZiRen\Hermes\SZRYanJiu\v3_QuadRemesher_交付\01A眼窝与眼球\screenshots\v39_tex_sideL.png'
迭代321完成

--- 迭代 322 ---
  01:27.422  render           | Saved: 'E:\WangZhen_Project\AI\ShuZiRen\Hermes\SZRYanJiu\v3_QuadRemesher_交付\01A眼窝与眼球\screenshots\01_1_eye_socket_front.png'
  01:27.547  render           | Saved: 'E:\WangZhen_Project\AI\ShuZiRen\Hermes\SZRYanJiu\v3_QuadRemesher_交付\01A眼窝与眼球\screenshots\01_1_eye_socket_side.png'
  make_eye_cup L: boundary ring M=90 (of 1 rings), ring relaxed x12, jump avg=0.46mm max=0.79mm
  recalc_face_normals: SKIPPED (v38, geometric only)
  geometric orientation: reversed 1920 bowl faces to face -Y, still wrong=0
  UV分配: 10710 loops, avg=(0.0793,0.0632), u=[0.0000,1.0000] v=[0.0000,1.0000]
  make_eye_cup R: boundary ring M=89 (of 1 rings), ring relaxed x12, jump avg=0.47mm max=0.87mm
  recalc_face_normals: SKIPPED (v38, geometric only)
  geometric orientation: reversed 247 bowl faces to face -Y, still wrong=0
  UV分配: 9844 loops, avg=(0.5786,0.1021), u=[0.0000,1.0000] v=[0.0000,1.0000]
  Saved: E:\WangZhen_Project\AI\ShuZiRen\Hermes\SZRYanJiu\v3_QuadRemesher_交付\01A眼窝与眼球\models\01_1_eye_socket.blend
  00:03.032  render           | Saved: 'E:\WangZhen_Project\AI\ShuZiRen\Hermes\SZRYanJiu\v3_QuadRemesher_交付\01A眼窝与眼球\screenshots\v39_norm_front.png'
  00:03.422  render           | Saved: 'E:\WangZhen_Project\AI\ShuZiRen\Hermes\SZRYanJiu\v3_QuadRemesher_交付\01A眼窝与眼球\screenshots\v39_norm_sideL.png'
  00:04.266  render           | Saved: 'E:\WangZhen_Project\AI\ShuZiRen\Hermes\SZRYanJiu\v3_QuadRemesher_交付\01A眼窝与眼球\screenshots\v39_tex_front.png'
  00:04.688  render           | Saved: 'E:\WangZhen_Project\AI\ShuZiRen\Hermes\SZRYanJiu\v3_QuadRemesher_交付\01A眼窝与眼球\screenshots\v39_tex_sideL.png'
迭代322完成

--- 迭代 323 ---
  01:27.610  render           | Saved: 'E:\WangZhen_Project\AI\ShuZiRen\Hermes\SZRYanJiu\v3_QuadRemesher_交付\01A眼窝与眼球\screenshots\01_1_eye_socket_front.png'
  01:27.735  render           | Saved: 'E:\WangZhen_Project\AI\ShuZiRen\Hermes\SZRYanJiu\v3_QuadRemesher_交付\01A眼窝与眼球\screenshots\01_1_eye_socket_side.png'
  make_eye_cup L: boundary ring M=90 (of 1 rings), ring relaxed x12, jump avg=0.46mm max=0.79mm
  recalc_face_normals: SKIPPED (v38, geometric only)
  geometric orientation: reversed 1920 bowl faces to face -Y, still wrong=0
  UV分配: 10710 loops, avg=(0.0793,0.0632), u=[0.0000,1.0000] v=[0.0000,1.0000]
  make_eye_cup R: boundary ring M=89 (of 1 rings), ring relaxed x12, jump avg=0.47mm max=0.87mm
  recalc_face_normals: SKIPPED (v38, geometric only)
  geometric orientation: reversed 247 bowl faces to face -Y, still wrong=0
  UV分配: 9844 loops, avg=(0.5786,0.1021), u=[0.0000,1.0000] v=[0.0000,1.0000]
  Saved: E:\WangZhen_Project\AI\ShuZiRen\Hermes\SZRYanJiu\v3_QuadRemesher_交付\01A眼窝与眼球\models\01_1_eye_socket.blend
  00:03.000  render           | Saved: 'E:\WangZhen_Project\AI\ShuZiRen\Hermes\SZRYanJiu\v3_QuadRemesher_交付\01A眼窝与眼球\screenshots\v39_norm_front.png'
  00:03.390  render           | Saved: 'E:\WangZhen_Project\AI\ShuZiRen\Hermes\SZRYanJiu\v3_QuadRemesher_交付\01A眼窝与眼球\screenshots\v39_norm_sideL.png'
  00:04.250  render           | Saved: 'E:\WangZhen_Project\AI\ShuZiRen\Hermes\SZRYanJiu\v3_QuadRemesher_交付\01A眼窝与眼球\screenshots\v39_tex_front.png'
  00:04.672  render           | Saved: 'E:\WangZhen_Project\AI\ShuZiRen\Hermes\SZRYanJiu\v3_QuadRemesher_交付\01A眼窝与眼球\screenshots\v39_tex_sideL.png'
迭代323完成

--- 迭代 324 ---
  01:27.250  render           | Saved: 'E:\WangZhen_Project\AI\ShuZiRen\Hermes\SZRYanJiu\v3_QuadRemesher_交付\01A眼窝与眼球\screenshots\01_1_eye_socket_front.png'
  01:27.375  render           | Saved: 'E:\WangZhen_Project\AI\ShuZiRen\Hermes\SZRYanJiu\v3_QuadRemesher_交付\01A眼窝与眼球\screenshots\01_1_eye_socket_side.png'
  make_eye_cup L: boundary ring M=90 (of 1 rings), ring relaxed x12, jump avg=0.46mm max=0.79mm
  recalc_face_normals: SKIPPED (v38, geometric only)
  geometric orientation: reversed 1920 bowl faces to face -Y, still wrong=0
  UV分配: 10710 loops, avg=(0.0793,0.0632), u=[0.0000,1.0000] v=[0.0000,1.0000]
  make_eye_cup R: boundary ring M=89 (of 1 rings), ring relaxed x12, jump avg=0.47mm max=0.87mm
  recalc_face_normals: SKIPPED (v38, geometric only)
  geometric orientation: reversed 247 bowl faces to face -Y, still wrong=0
  UV分配: 9844 loops, avg=(0.5786,0.1021), u=[0.0000,1.0000] v=[0.0000,1.0000]
  Saved: E:\WangZhen_Project\AI\ShuZiRen\Hermes\SZRYanJiu\v3_QuadRemesher_交付\01A眼窝与眼球\models\01_1_eye_socket.blend
  00:02.984  render           | Saved: 'E:\WangZhen_Project\AI\ShuZiRen\Hermes\SZRYanJiu\v3_QuadRemesher_交付\01A眼窝与眼球\screenshots\v39_norm_front.png'
  00:03.359  render           | Saved: 'E:\WangZhen_Project\AI\ShuZiRen\Hermes\SZRYanJiu\v3_QuadRemesher_交付\01A眼窝与眼球\screenshots\v39_norm_sideL.png'
  00:04.219  render           | Saved: 'E:\WangZhen_Project\AI\ShuZiRen\Hermes\SZRYanJiu\v3_QuadRemesher_交付\01A眼窝与眼球\screenshots\v39_tex_front.png'
  00:04.641  render           | Saved: 'E:\WangZhen_Project\AI\ShuZiRen\Hermes\SZRYanJiu\v3_QuadRemesher_交付\01A眼窝与眼球\screenshots\v39_tex_sideL.png'
迭代324完成

--- 迭代 325 ---
  01:27.156  render           | Saved: 'E:\WangZhen_Project\AI\ShuZiRen\Hermes\SZRYanJiu\v3_QuadRemesher_交付\01A眼窝与眼球\screenshots\01_1_eye_socket_front.png'
  01:27.281  render           | Saved: 'E:\WangZhen_Project\AI\ShuZiRen\Hermes\SZRYanJiu\v3_QuadRemesher_交付\01A眼窝与眼球\screenshots\01_1_eye_socket_side.png'
  make_eye_cup L: boundary ring M=90 (of 1 rings), ring relaxed x12, jump avg=0.46mm max=0.79mm
  recalc_face_normals: SKIPPED (v38, geometric only)
  geometric orientation: reversed 1920 bowl faces to face -Y, still wrong=0
  UV分配: 10710 loops, avg=(0.0793,0.0632), u=[0.0000,1.0000] v=[0.0000,1.0000]
  make_eye_cup R: boundary ring M=89 (of 1 rings), ring relaxed x12, jump avg=0.47mm max=0.87mm
  recalc_face_normals: SKIPPED (v38, geometric only)
  geometric orientation: reversed 247 bowl faces to face -Y, still wrong=0
  UV分配: 9844 loops, avg=(0.5786,0.1021), u=[0.0000,1.0000] v=[0.0000,1.0000]
  Saved: E:\WangZhen_Project\AI\ShuZiRen\Hermes\SZRYanJiu\v3_QuadRemesher_交付\01A眼窝与眼球\models\01_1_eye_socket.blend
  00:02.968  render           | Saved: 'E:\WangZhen_Project\AI\ShuZiRen\Hermes\SZRYanJiu\v3_QuadRemesher_交付\01A眼窝与眼球\screenshots\v39_norm_front.png'
  00:03.359  render           | Saved: 'E:\WangZhen_Project\AI\ShuZiRen\Hermes\SZRYanJiu\v3_QuadRemesher_交付\01A眼窝与眼球\screenshots\v39_norm_sideL.png'
  00:04.218  render           | Saved: 'E:\WangZhen_Project\AI\ShuZiRen\Hermes\SZRYanJiu\v3_QuadRemesher_交付\01A眼窝与眼球\screenshots\v39_tex_front.png'
  00:04.640  render           | Saved: 'E:\WangZhen_Project\AI\ShuZiRen\Hermes\SZRYanJiu\v3_QuadRemesher_交付\01A眼窝与眼球\screenshots\v39_tex_sideL.png'
迭代325完成

--- 迭代 326 ---
  01:27.312  render           | Saved: 'E:\WangZhen_Project\AI\ShuZiRen\Hermes\SZRYanJiu\v3_QuadRemesher_交付\01A眼窝与眼球\screenshots\01_1_eye_socket_front.png'
  01:27.422  render           | Saved: 'E:\WangZhen_Project\AI\ShuZiRen\Hermes\SZRYanJiu\v3_QuadRemesher_交付\01A眼窝与眼球\screenshots\01_1_eye_socket_side.png'
  make_eye_cup L: boundary ring M=90 (of 1 rings), ring relaxed x12, jump avg=0.46mm max=0.79mm
  recalc_face_normals: SKIPPED (v38, geometric only)
  geometric orientation: reversed 1920 bowl faces to face -Y, still wrong=0
  UV分配: 10710 loops, avg=(0.0793,0.0632), u=[0.0000,1.0000] v=[0.0000,1.0000]
  make_eye_cup R: boundary ring M=89 (of 1 rings), ring relaxed x12, jump avg=0.47mm max=0.87mm
  recalc_face_normals: SKIPPED (v38, geometric only)
  geometric orientation: reversed 247 bowl faces to face -Y, still wrong=0
  UV分配: 9844 loops, avg=(0.5786,0.1021), u=[0.0000,1.0000] v=[0.0000,1.0000]
  Saved: E:\WangZhen_Project\AI\ShuZiRen\Hermes\SZRYanJiu\v3_QuadRemesher_交付\01A眼窝与眼球\models\01_1_eye_socket.blend
  00:02.969  render           | Saved: 'E:\WangZhen_Project\AI\ShuZiRen\Hermes\SZRYanJiu\v3_QuadRemesher_交付\01A眼窝与眼球\screenshots\v39_norm_front.png'
  00:03.391  render           | Saved: 'E:\WangZhen_Project\AI\ShuZiRen\Hermes\SZRYanJiu\v3_QuadRemesher_交付\01A眼窝与眼球\screenshots\v39_norm_sideL.png'
  00:04.235  render           | Saved: 'E:\WangZhen_Project\AI\ShuZiRen\Hermes\SZRYanJiu\v3_QuadRemesher_交付\01A眼窝与眼球\screenshots\v39_tex_front.png'
  00:04.657  render           | Saved: 'E:\WangZhen_Project\AI\ShuZiRen\Hermes\SZRYanJiu\v3_QuadRemesher_交付\01A眼窝与眼球\screenshots\v39_tex_sideL.png'
迭代326完成

--- 迭代 327 ---
  01:27.532  render           | Saved: 'E:\WangZhen_Project\AI\ShuZiRen\Hermes\SZRYanJiu\v3_QuadRemesher_交付\01A眼窝与眼球\screenshots\01_1_eye_socket_front.png'
  01:27.641  render           | Saved: 'E:\WangZhen_Project\AI\ShuZiRen\Hermes\SZRYanJiu\v3_QuadRemesher_交付\01A眼窝与眼球\screenshots\01_1_eye_socket_side.png'
  make_eye_cup L: boundary ring M=90 (of 1 rings), ring relaxed x12, jump avg=0.46mm max=0.79mm
  recalc_face_normals: SKIPPED (v38, geometric only)
  geometric orientation: reversed 1920 bowl faces to face -Y, still wrong=0
  UV分配: 10710 loops, avg=(0.0793,0.0632), u=[0.0000,1.0000] v=[0.0000,1.0000]
  make_eye_cup R: boundary ring M=89 (of 1 rings), ring relaxed x12, jump avg=0.47mm max=0.87mm
  recalc_face_normals: SKIPPED (v38, geometric only)
  geometric orientation: reversed 247 bowl faces to face -Y, still wrong=0
  UV分配: 9844 loops, avg=(0.5786,0.1021), u=[0.0000,1.0000] v=[0.0000,1.0000]
  Saved: E:\WangZhen_Project\AI\ShuZiRen\Hermes\SZRYanJiu\v3_QuadRemesher_交付\01A眼窝与眼球\models\01_1_eye_socket.blend
  00:02.969  render           | Saved: 'E:\WangZhen_Project\AI\ShuZiRen\Hermes\SZRYanJiu\v3_QuadRemesher_交付\01A眼窝与眼球\screenshots\v39_norm_front.png'
  00:03.344  render           | Saved: 'E:\WangZhen_Project\AI\ShuZiRen\Hermes\SZRYanJiu\v3_QuadRemesher_交付\01A眼窝与眼球\screenshots\v39_norm_sideL.png'
  00:04.203  render           | Saved: 'E:\WangZhen_Project\AI\ShuZiRen\Hermes\SZRYanJiu\v3_QuadRemesher_交付\01A眼窝与眼球\screenshots\v39_tex_front.png'
  00:04.625  render           | Saved: 'E:\WangZhen_Project\AI\ShuZiRen\Hermes\SZRYanJiu\v3_QuadRemesher_交付\01A眼窝与眼球\screenshots\v39_tex_sideL.png'
迭代327完成

--- 迭代 328 ---
  01:27.234  render           | Saved: 'E:\WangZhen_Project\AI\ShuZiRen\Hermes\SZRYanJiu\v3_QuadRemesher_交付\01A眼窝与眼球\screenshots\01_1_eye_socket_front.png'
  01:27.359  render           | Saved: 'E:\WangZhen_Project\AI\ShuZiRen\Hermes\SZRYanJiu\v3_QuadRemesher_交付\01A眼窝与眼球\screenshots\01_1_eye_socket_side.png'
  make_eye_cup L: boundary ring M=90 (of 1 rings), ring relaxed x12, jump avg=0.46mm max=0.79mm
  recalc_face_normals: SKIPPED (v38, geometric only)
  geometric orientation: reversed 1920 bowl faces to face -Y, still wrong=0
  UV分配: 10710 loops, avg=(0.0793,0.0632), u=[0.0000,1.0000] v=[0.0000,1.0000]
  make_eye_cup R: boundary ring M=89 (of 1 rings), ring relaxed x12, jump avg=0.47mm max=0.87mm
  recalc_face_normals: SKIPPED (v38, geometric only)
  geometric orientation: reversed 247 bowl faces to face -Y, still wrong=0
  UV分配: 9844 loops, avg=(0.5786,0.1021), u=[0.0000,1.0000] v=[0.0000,1.0000]
  Saved: E:\WangZhen_Project\AI\ShuZiRen\Hermes\SZRYanJiu\v3_QuadRemesher_交付\01A眼窝与眼球\models\01_1_eye_socket.blend
  00:02.953  render           | Saved: 'E:\WangZhen_Project\AI\ShuZiRen\Hermes\SZRYanJiu\v3_QuadRemesher_交付\01A眼窝与眼球\screenshots\v39_norm_front.png'
  00:03.344  render           | Saved: 'E:\WangZhen_Project\AI\ShuZiRen\Hermes\SZRYanJiu\v3_QuadRemesher_交付\01A眼窝与眼球\screenshots\v39_norm_sideL.png'
  00:04.187  render           | Saved: 'E:\WangZhen_Project\AI\ShuZiRen\Hermes\SZRYanJiu\v3_QuadRemesher_交付\01A眼窝与眼球\screenshots\v39_tex_front.png'
  00:04.625  render           | Saved: 'E:\WangZhen_Project\AI\ShuZiRen\Hermes\SZRYanJiu\v3_QuadRemesher_交付\01A眼窝与眼球\screenshots\v39_tex_sideL.png'
迭代328完成

--- 迭代 329 ---
  01:27.375  render           | Saved: 'E:\WangZhen_Project\AI\ShuZiRen\Hermes\SZRYanJiu\v3_QuadRemesher_交付\01A眼窝与眼球\screenshots\01_1_eye_socket_front.png'
  01:27.500  render           | Saved: 'E:\WangZhen_Project\AI\ShuZiRen\Hermes\SZRYanJiu\v3_QuadRemesher_交付\01A眼窝与眼球\screenshots\01_1_eye_socket_side.png'
  make_eye_cup L: boundary ring M=90 (of 1 rings), ring relaxed x12, jump avg=0.46mm max=0.79mm
  recalc_face_normals: SKIPPED (v38, geometric only)
  geometric orientation: reversed 1920 bowl faces to face -Y, still wrong=0
  UV分配: 10710 loops, avg=(0.0793,0.0632), u=[0.0000,1.0000] v=[0.0000,1.0000]
  make_eye_cup R: boundary ring M=89 (of 1 rings), ring relaxed x12, jump avg=0.47mm max=0.87mm
  recalc_face_normals: SKIPPED (v38, geometric only)
  geometric orientation: reversed 247 bowl faces to face -Y, still wrong=0
  UV分配: 9844 loops, avg=(0.5786,0.1021), u=[0.0000,1.0000] v=[0.0000,1.0000]
  Saved: E:\WangZhen_Project\AI\ShuZiRen\Hermes\SZRYanJiu\v3_QuadRemesher_交付\01A眼窝与眼球\models\01_1_eye_socket.blend
  00:02.984  render           | Saved: 'E:\WangZhen_Project\AI\ShuZiRen\Hermes\SZRYanJiu\v3_QuadRemesher_交付\01A眼窝与眼球\screenshots\v39_norm_front.png'
  00:03.375  render           | Saved: 'E:\WangZhen_Project\AI\ShuZiRen\Hermes\SZRYanJiu\v3_QuadRemesher_交付\01A眼窝与眼球\screenshots\v39_norm_sideL.png'
  00:04.234  render           | Saved: 'E:\WangZhen_Project\AI\ShuZiRen\Hermes\SZRYanJiu\v3_QuadRemesher_交付\01A眼窝与眼球\screenshots\v39_tex_front.png'
  00:04.672  render           | Saved: 'E:\WangZhen_Project\AI\ShuZiRen\Hermes\SZRYanJiu\v3_QuadRemesher_交付\01A眼窝与眼球\screenshots\v39_tex_sideL.png'
迭代329完成

--- 迭代 330 ---
  01:27.219  render           | Saved: 'E:\WangZhen_Project\AI\ShuZiRen\Hermes\SZRYanJiu\v3_QuadRemesher_交付\01A眼窝与眼球\screenshots\01_1_eye_socket_front.png'
  01:27.344  render           | Saved: 'E:\WangZhen_Project\AI\ShuZiRen\Hermes\SZRYanJiu\v3_QuadRemesher_交付\01A眼窝与眼球\screenshots\01_1_eye_socket_side.png'
  make_eye_cup L: boundary ring M=90 (of 1 rings), ring relaxed x12, jump avg=0.46mm max=0.79mm
  recalc_face_normals: SKIPPED (v38, geometric only)
  geometric orientation: reversed 1920 bowl faces to face -Y, still wrong=0
  UV分配: 10710 loops, avg=(0.0793,0.0632), u=[0.0000,1.0000] v=[0.0000,1.0000]
  make_eye_cup R: boundary ring M=89 (of 1 rings), ring relaxed x12, jump avg=0.47mm max=0.87mm
  recalc_face_normals: SKIPPED (v38, geometric only)
  geometric orientation: reversed 247 bowl faces to face -Y, still wrong=0
  UV分配: 9844 loops, avg=(0.5786,0.1021), u=[0.0000,1.0000] v=[0.0000,1.0000]
  Saved: E:\WangZhen_Project\AI\ShuZiRen\Hermes\SZRYanJiu\v3_QuadRemesher_交付\01A眼窝与眼球\models\01_1_eye_socket.blend
  00:02.969  render           | Saved: 'E:\WangZhen_Project\AI\ShuZiRen\Hermes\SZRYanJiu\v3_QuadRemesher_交付\01A眼窝与眼球\screenshots\v39_norm_front.png'
  00:03.375  render           | Saved: 'E:\WangZhen_Project\AI\ShuZiRen\Hermes\SZRYanJiu\v3_QuadRemesher_交付\01A眼窝与眼球\screenshots\v39_norm_sideL.png'
  00:04.266  render           | Saved: 'E:\WangZhen_Project\AI\ShuZiRen\Hermes\SZRYanJiu\v3_QuadRemesher_交付\01A眼窝与眼球\screenshots\v39_tex_front.png'
  00:04.688  render           | Saved: 'E:\WangZhen_Project\AI\ShuZiRen\Hermes\SZRYanJiu\v3_QuadRemesher_交付\01A眼窝与眼球\screenshots\v39_tex_sideL.png'
迭代330完成

--- 迭代 331 ---
  01:27.188  render           | Saved: 'E:\WangZhen_Project\AI\ShuZiRen\Hermes\SZRYanJiu\v3_QuadRemesher_交付\01A眼窝与眼球\screenshots\01_1_eye_socket_front.png'
  01:27.313  render           | Saved: 'E:\WangZhen_Project\AI\ShuZiRen\Hermes\SZRYanJiu\v3_QuadRemesher_交付\01A眼窝与眼球\screenshots\01_1_eye_socket_side.png'
  make_eye_cup L: boundary ring M=90 (of 1 rings), ring relaxed x12, jump avg=0.46mm max=0.79mm
  recalc_face_normals: SKIPPED (v38, geometric only)
  geometric orientation: reversed 1920 bowl faces to face -Y, still wrong=0
  UV分配: 10710 loops, avg=(0.0793,0.0632), u=[0.0000,1.0000] v=[0.0000,1.0000]
  make_eye_cup R: boundary ring M=89 (of 1 rings), ring relaxed x12, jump avg=0.47mm max=0.87mm
  recalc_face_normals: SKIPPED (v38, geometric only)
  geometric orientation: reversed 247 bowl faces to face -Y, still wrong=0
  UV分配: 9844 loops, avg=(0.5786,0.1021), u=[0.0000,1.0000] v=[0.0000,1.0000]
  Saved: E:\WangZhen_Project\AI\ShuZiRen\Hermes\SZRYanJiu\v3_QuadRemesher_交付\01A眼窝与眼球\models\01_1_eye_socket.blend
  00:02.985  render           | Saved: 'E:\WangZhen_Project\AI\ShuZiRen\Hermes\SZRYanJiu\v3_QuadRemesher_交付\01A眼窝与眼球\screenshots\v39_norm_front.png'
  00:03.375  render           | Saved: 'E:\WangZhen_Project\AI\ShuZiRen\Hermes\SZRYanJiu\v3_QuadRemesher_交付\01A眼窝与眼球\screenshots\v39_norm_sideL.png'
  00:04.235  render           | Saved: 'E:\WangZhen_Project\AI\ShuZiRen\Hermes\SZRYanJiu\v3_QuadRemesher_交付\01A眼窝与眼球\screenshots\v39_tex_front.png'
  00:04.657  render           | Saved: 'E:\WangZhen_Project\AI\ShuZiRen\Hermes\SZRYanJiu\v3_QuadRemesher_交付\01A眼窝与眼球\screenshots\v39_tex_sideL.png'
迭代331完成

--- 迭代 332 ---
  01:27.422  render           | Saved: 'E:\WangZhen_Project\AI\ShuZiRen\Hermes\SZRYanJiu\v3_QuadRemesher_交付\01A眼窝与眼球\screenshots\01_1_eye_socket_front.png'
  01:27.563  render           | Saved: 'E:\WangZhen_Project\AI\ShuZiRen\Hermes\SZRYanJiu\v3_QuadRemesher_交付\01A眼窝与眼球\screenshots\01_1_eye_socket_side.png'
  make_eye_cup L: boundary ring M=90 (of 1 rings), ring relaxed x12, jump avg=0.46mm max=0.79mm
  recalc_face_normals: SKIPPED (v38, geometric only)
  geometric orientation: reversed 1920 bowl faces to face -Y, still wrong=0
  UV分配: 10710 loops, avg=(0.0793,0.0632), u=[0.0000,1.0000] v=[0.0000,1.0000]
  make_eye_cup R: boundary ring M=89 (of 1 rings), ring relaxed x12, jump avg=0.47mm max=0.87mm
  recalc_face_normals: SKIPPED (v38, geometric only)
  geometric orientation: reversed 247 bowl faces to face -Y, still wrong=0
  UV分配: 9844 loops, avg=(0.5786,0.1021), u=[0.0000,1.0000] v=[0.0000,1.0000]
  Saved: E:\WangZhen_Project\AI\ShuZiRen\Hermes\SZRYanJiu\v3_QuadRemesher_交付\01A眼窝与眼球\models\01_1_eye_socket.blend
  00:02.968  render           | Saved: 'E:\WangZhen_Project\AI\ShuZiRen\Hermes\SZRYanJiu\v3_QuadRemesher_交付\01A眼窝与眼球\screenshots\v39_norm_front.png'
  00:03.359  render           | Saved: 'E:\WangZhen_Project\AI\ShuZiRen\Hermes\SZRYanJiu\v3_QuadRemesher_交付\01A眼窝与眼球\screenshots\v39_norm_sideL.png'
  00:04.218  render           | Saved: 'E:\WangZhen_Project\AI\ShuZiRen\Hermes\SZRYanJiu\v3_QuadRemesher_交付\01A眼窝与眼球\screenshots\v39_tex_front.png'
  00:04.640  render           | Saved: 'E:\WangZhen_Project\AI\ShuZiRen\Hermes\SZRYanJiu\v3_QuadRemesher_交付\01A眼窝与眼球\screenshots\v39_tex_sideL.png'
迭代332完成

--- 迭代 333 ---
  01:27.125  render           | Saved: 'E:\WangZhen_Project\AI\ShuZiRen\Hermes\SZRYanJiu\v3_QuadRemesher_交付\01A眼窝与眼球\screenshots\01_1_eye_socket_front.png'
  01:27.250  render           | Saved: 'E:\WangZhen_Project\AI\ShuZiRen\Hermes\SZRYanJiu\v3_QuadRemesher_交付\01A眼窝与眼球\screenshots\01_1_eye_socket_side.png'
  make_eye_cup L: boundary ring M=90 (of 1 rings), ring relaxed x12, jump avg=0.46mm max=0.79mm
  recalc_face_normals: SKIPPED (v38, geometric only)
  geometric orientation: reversed 1920 bowl faces to face -Y, still wrong=0
  UV分配: 10710 loops, avg=(0.0793,0.0632), u=[0.0000,1.0000] v=[0.0000,1.0000]
  make_eye_cup R: boundary ring M=89 (of 1 rings), ring relaxed x12, jump avg=0.47mm max=0.87mm
  recalc_face_normals: SKIPPED (v38, geometric only)
  geometric orientation: reversed 247 bowl faces to face -Y, still wrong=0
  UV分配: 9844 loops, avg=(0.5786,0.1021), u=[0.0000,1.0000] v=[0.0000,1.0000]
  Saved: E:\WangZhen_Project\AI\ShuZiRen\Hermes\SZRYanJiu\v3_QuadRemesher_交付\01A眼窝与眼球\models\01_1_eye_socket.blend
  00:02.984  render           | Saved: 'E:\WangZhen_Project\AI\ShuZiRen\Hermes\SZRYanJiu\v3_QuadRemesher_交付\01A眼窝与眼球\screenshots\v39_norm_front.png'
  00:03.375  render           | Saved: 'E:\WangZhen_Project\AI\ShuZiRen\Hermes\SZRYanJiu\v3_QuadRemesher_交付\01A眼窝与眼球\screenshots\v39_norm_sideL.png'
  00:04.219  render           | Saved: 'E:\WangZhen_Project\AI\ShuZiRen\Hermes\SZRYanJiu\v3_QuadRemesher_交付\01A眼窝与眼球\screenshots\v39_tex_front.png'
  00:04.640  render           | Saved: 'E:\WangZhen_Project\AI\ShuZiRen\Hermes\SZRYanJiu\v3_QuadRemesher_交付\01A眼窝与眼球\screenshots\v39_tex_sideL.png'
迭代333完成

--- 迭代 334 ---
  01:27.109  render           | Saved: 'E:\WangZhen_Project\AI\ShuZiRen\Hermes\SZRYanJiu\v3_QuadRemesher_交付\01A眼窝与眼球\screenshots\01_1_eye_socket_front.png'
  01:27.234  render           | Saved: 'E:\WangZhen_Project\AI\ShuZiRen\Hermes\SZRYanJiu\v3_QuadRemesher_交付\01A眼窝与眼球\screenshots\01_1_eye_socket_side.png'
  make_eye_cup L: boundary ring M=90 (of 1 rings), ring relaxed x12, jump avg=0.46mm max=0.79mm
  recalc_face_normals: SKIPPED (v38, geometric only)
  geometric orientation: reversed 1920 bowl faces to face -Y, still wrong=0
  UV分配: 10710 loops, avg=(0.0793,0.0632), u=[0.0000,1.0000] v=[0.0000,1.0000]
  make_eye_cup R: boundary ring M=89 (of 1 rings), ring relaxed x12, jump avg=0.47mm max=0.87mm
  recalc_face_normals: SKIPPED (v38, geometric only)
  geometric orientation: reversed 247 bowl faces to face -Y, still wrong=0
  UV分配: 9844 loops, avg=(0.5786,0.1021), u=[0.0000,1.0000] v=[0.0000,1.0000]
  Saved: E:\WangZhen_Project\AI\ShuZiRen\Hermes\SZRYanJiu\v3_QuadRemesher_交付\01A眼窝与眼球\models\01_1_eye_socket.blend
  00:02.969  render           | Saved: 'E:\WangZhen_Project\AI\ShuZiRen\Hermes\SZRYanJiu\v3_QuadRemesher_交付\01A眼窝与眼球\screenshots\v39_norm_front.png'
  00:03.359  render           | Saved: 'E:\WangZhen_Project\AI\ShuZiRen\Hermes\SZRYanJiu\v3_QuadRemesher_交付\01A眼窝与眼球\screenshots\v39_norm_sideL.png'
  00:04.203  render           | Saved: 'E:\WangZhen_Project\AI\ShuZiRen\Hermes\SZRYanJiu\v3_QuadRemesher_交付\01A眼窝与眼球\screenshots\v39_tex_front.png'
  00:04.625  render           | Saved: 'E:\WangZhen_Project\AI\ShuZiRen\Hermes\SZRYanJiu\v3_QuadRemesher_交付\01A眼窝与眼球\screenshots\v39_tex_sideL.png'
迭代334完成

--- 迭代 335 ---
  01:27.297  render           | Saved: 'E:\WangZhen_Project\AI\ShuZiRen\Hermes\SZRYanJiu\v3_QuadRemesher_交付\01A眼窝与眼球\screenshots\01_1_eye_socket_front.png'
  01:27.422  render           | Saved: 'E:\WangZhen_Project\AI\ShuZiRen\Hermes\SZRYanJiu\v3_QuadRemesher_交付\01A眼窝与眼球\screenshots\01_1_eye_socket_side.png'
  make_eye_cup L: boundary ring M=90 (of 1 rings), ring relaxed x12, jump avg=0.46mm max=0.79mm
  recalc_face_normals: SKIPPED (v38, geometric only)
  geometric orientation: reversed 1920 bowl faces to face -Y, still wrong=0
  UV分配: 10710 loops, avg=(0.0793,0.0632), u=[0.0000,1.0000] v=[0.0000,1.0000]
  make_eye_cup R: boundary ring M=89 (of 1 rings), ring relaxed x12, jump avg=0.47mm max=0.87mm
  recalc_face_normals: SKIPPED (v38, geometric only)
  geometric orientation: reversed 247 bowl faces to face -Y, still wrong=0
  UV分配: 9844 loops, avg=(0.5786,0.1021), u=[0.0000,1.0000] v=[0.0000,1.0000]
  Saved: E:\WangZhen_Project\AI\ShuZiRen\Hermes\SZRYanJiu\v3_QuadRemesher_交付\01A眼窝与眼球\models\01_1_eye_socket.blend
  00:03.000  render           | Saved: 'E:\WangZhen_Project\AI\ShuZiRen\Hermes\SZRYanJiu\v3_QuadRemesher_交付\01A眼窝与眼球\screenshots\v39_norm_front.png'
  00:03.391  render           | Saved: 'E:\WangZhen_Project\AI\ShuZiRen\Hermes\SZRYanJiu\v3_QuadRemesher_交付\01A眼窝与眼球\screenshots\v39_norm_sideL.png'
  00:04.235  render           | Saved: 'E:\WangZhen_Project\AI\ShuZiRen\Hermes\SZRYanJiu\v3_QuadRemesher_交付\01A眼窝与眼球\screenshots\v39_tex_front.png'
  00:04.657  render           | Saved: 'E:\WangZhen_Project\AI\ShuZiRen\Hermes\SZRYanJiu\v3_QuadRemesher_交付\01A眼窝与眼球\screenshots\v39_tex_sideL.png'
迭代335完成

--- 迭代 336 ---
  01:27.406  render           | Saved: 'E:\WangZhen_Project\AI\ShuZiRen\Hermes\SZRYanJiu\v3_QuadRemesher_交付\01A眼窝与眼球\screenshots\01_1_eye_socket_front.png'
  01:27.547  render           | Saved: 'E:\WangZhen_Project\AI\ShuZiRen\Hermes\SZRYanJiu\v3_QuadRemesher_交付\01A眼窝与眼球\screenshots\01_1_eye_socket_side.png'
  make_eye_cup L: boundary ring M=90 (of 1 rings), ring relaxed x12, jump avg=0.46mm max=0.79mm
  recalc_face_normals: SKIPPED (v38, geometric only)
  geometric orientation: reversed 1920 bowl faces to face -Y, still wrong=0
  UV分配: 10710 loops, avg=(0.0793,0.0632), u=[0.0000,1.0000] v=[0.0000,1.0000]
  make_eye_cup R: boundary ring M=89 (of 1 rings), ring relaxed x12, jump avg=0.47mm max=0.87mm
  recalc_face_normals: SKIPPED (v38, geometric only)
  geometric orientation: reversed 247 bowl faces to face -Y, still wrong=0
  UV分配: 9844 loops, avg=(0.5786,0.1021), u=[0.0000,1.0000] v=[0.0000,1.0000]
  Saved: E:\WangZhen_Project\AI\ShuZiRen\Hermes\SZRYanJiu\v3_QuadRemesher_交付\01A眼窝与眼球\models\01_1_eye_socket.blend
  00:03.016  render           | Saved: 'E:\WangZhen_Project\AI\ShuZiRen\Hermes\SZRYanJiu\v3_QuadRemesher_交付\01A眼窝与眼球\screenshots\v39_norm_front.png'
  00:03.406  render           | Saved: 'E:\WangZhen_Project\AI\ShuZiRen\Hermes\SZRYanJiu\v3_QuadRemesher_交付\01A眼窝与眼球\screenshots\v39_norm_sideL.png'
  00:04.250  render           | Saved: 'E:\WangZhen_Project\AI\ShuZiRen\Hermes\SZRYanJiu\v3_QuadRemesher_交付\01A眼窝与眼球\screenshots\v39_tex_front.png'
  00:04.672  render           | Saved: 'E:\WangZhen_Project\AI\ShuZiRen\Hermes\SZRYanJiu\v3_QuadRemesher_交付\01A眼窝与眼球\screenshots\v39_tex_sideL.png'
迭代336完成

--- 迭代 337 ---
  01:27.235  render           | Saved: 'E:\WangZhen_Project\AI\ShuZiRen\Hermes\SZRYanJiu\v3_QuadRemesher_交付\01A眼窝与眼球\screenshots\01_1_eye_socket_front.png'
  01:27.360  render           | Saved: 'E:\WangZhen_Project\AI\ShuZiRen\Hermes\SZRYanJiu\v3_QuadRemesher_交付\01A眼窝与眼球\screenshots\01_1_eye_socket_side.png'
  make_eye_cup L: boundary ring M=90 (of 1 rings), ring relaxed x12, jump avg=0.46mm max=0.79mm
  recalc_face_normals: SKIPPED (v38, geometric only)
  geometric orientation: reversed 1920 bowl faces to face -Y, still wrong=0
  UV分配: 10710 loops, avg=(0.0793,0.0632), u=[0.0000,1.0000] v=[0.0000,1.0000]
  make_eye_cup R: boundary ring M=89 (of 1 rings), ring relaxed x12, jump avg=0.47mm max=0.87mm
  recalc_face_normals: SKIPPED (v38, geometric only)
  geometric orientation: reversed 247 bowl faces to face -Y, still wrong=0
  UV分配: 9844 loops, avg=(0.5786,0.1021), u=[0.0000,1.0000] v=[0.0000,1.0000]
  Saved: E:\WangZhen_Project\AI\ShuZiRen\Hermes\SZRYanJiu\v3_QuadRemesher_交付\01A眼窝与眼球\models\01_1_eye_socket.blend
  00:02.984  render           | Saved: 'E:\WangZhen_Project\AI\ShuZiRen\Hermes\SZRYanJiu\v3_QuadRemesher_交付\01A眼窝与眼球\screenshots\v39_norm_front.png'
  00:03.375  render           | Saved: 'E:\WangZhen_Project\AI\ShuZiRen\Hermes\SZRYanJiu\v3_QuadRemesher_交付\01A眼窝与眼球\screenshots\v39_norm_sideL.png'
  00:04.218  render           | Saved: 'E:\WangZhen_Project\AI\ShuZiRen\Hermes\SZRYanJiu\v3_QuadRemesher_交付\01A眼窝与眼球\screenshots\v39_tex_front.png'
  00:04.640  render           | Saved: 'E:\WangZhen_Project\AI\ShuZiRen\Hermes\SZRYanJiu\v3_QuadRemesher_交付\01A眼窝与眼球\screenshots\v39_tex_sideL.png'
迭代337完成

--- 迭代 338 ---
  01:27.438  render           | Saved: 'E:\WangZhen_Project\AI\ShuZiRen\Hermes\SZRYanJiu\v3_QuadRemesher_交付\01A眼窝与眼球\screenshots\01_1_eye_socket_front.png'
  01:27.547  render           | Saved: 'E:\WangZhen_Project\AI\ShuZiRen\Hermes\SZRYanJiu\v3_QuadRemesher_交付\01A眼窝与眼球\screenshots\01_1_eye_socket_side.png'
  make_eye_cup L: boundary ring M=90 (of 1 rings), ring relaxed x12, jump avg=0.46mm max=0.79mm
  recalc_face_normals: SKIPPED (v38, geometric only)
  geometric orientation: reversed 1920 bowl faces to face -Y, still wrong=0
  UV分配: 10710 loops, avg=(0.0793,0.0632), u=[0.0000,1.0000] v=[0.0000,1.0000]
  make_eye_cup R: boundary ring M=89 (of 1 rings), ring relaxed x12, jump avg=0.47mm max=0.87mm
  recalc_face_normals: SKIPPED (v38, geometric only)
  geometric orientation: reversed 247 bowl faces to face -Y, still wrong=0
  UV分配: 9844 loops, avg=(0.5786,0.1021), u=[0.0000,1.0000] v=[0.0000,1.0000]
  Saved: E:\WangZhen_Project\AI\ShuZiRen\Hermes\SZRYanJiu\v3_QuadRemesher_交付\01A眼窝与眼球\models\01_1_eye_socket.blend
  00:02.984  render           | Saved: 'E:\WangZhen_Project\AI\ShuZiRen\Hermes\SZRYanJiu\v3_QuadRemesher_交付\01A眼窝与眼球\screenshots\v39_norm_front.png'
  00:03.375  render           | Saved: 'E:\WangZhen_Project\AI\ShuZiRen\Hermes\SZRYanJiu\v3_QuadRemesher_交付\01A眼窝与眼球\screenshots\v39_norm_sideL.png'
  00:04.234  render           | Saved: 'E:\WangZhen_Project\AI\ShuZiRen\Hermes\SZRYanJiu\v3_QuadRemesher_交付\01A眼窝与眼球\screenshots\v39_tex_front.png'
  00:04.656  render           | Saved: 'E:\WangZhen_Project\AI\ShuZiRen\Hermes\SZRYanJiu\v3_QuadRemesher_交付\01A眼窝与眼球\screenshots\v39_tex_sideL.png'
迭代338完成

--- 迭代 339 ---
  01:27.250  render           | Saved: 'E:\WangZhen_Project\AI\ShuZiRen\Hermes\SZRYanJiu\v3_QuadRemesher_交付\01A眼窝与眼球\screenshots\01_1_eye_socket_front.png'
  01:27.375  render           | Saved: 'E:\WangZhen_Project\AI\ShuZiRen\Hermes\SZRYanJiu\v3_QuadRemesher_交付\01A眼窝与眼球\screenshots\01_1_eye_socket_side.png'
  make_eye_cup L: boundary ring M=90 (of 1 rings), ring relaxed x12, jump avg=0.46mm max=0.79mm
  recalc_face_normals: SKIPPED (v38, geometric only)
  geometric orientation: reversed 1920 bowl faces to face -Y, still wrong=0
  UV分配: 10710 loops, avg=(0.0793,0.0632), u=[0.0000,1.0000] v=[0.0000,1.0000]
  make_eye_cup R: boundary ring M=89 (of 1 rings), ring relaxed x12, jump avg=0.47mm max=0.87mm
  recalc_face_normals: SKIPPED (v38, geometric only)
  geometric orientation: reversed 247 bowl faces to face -Y, still wrong=0
  UV分配: 9844 loops, avg=(0.5786,0.1021), u=[0.0000,1.0000] v=[0.0000,1.0000]
  Saved: E:\WangZhen_Project\AI\ShuZiRen\Hermes\SZRYanJiu\v3_QuadRemesher_交付\01A眼窝与眼球\models\01_1_eye_socket.blend
  00:02.985  render           | Saved: 'E:\WangZhen_Project\AI\ShuZiRen\Hermes\SZRYanJiu\v3_QuadRemesher_交付\01A眼窝与眼球\screenshots\v39_norm_front.png'
  00:03.375  render           | Saved: 'E:\WangZhen_Project\AI\ShuZiRen\Hermes\SZRYanJiu\v3_QuadRemesher_交付\01A眼窝与眼球\screenshots\v39_norm_sideL.png'
  00:04.235  render           | Saved: 'E:\WangZhen_Project\AI\ShuZiRen\Hermes\SZRYanJiu\v3_QuadRemesher_交付\01A眼窝与眼球\screenshots\v39_tex_front.png'
  00:04.657  render           | Saved: 'E:\WangZhen_Project\AI\ShuZiRen\Hermes\SZRYanJiu\v3_QuadRemesher_交付\01A眼窝与眼球\screenshots\v39_tex_sideL.png'
迭代339完成

--- 迭代 340 ---
  01:27.218  render           | Saved: 'E:\WangZhen_Project\AI\ShuZiRen\Hermes\SZRYanJiu\v3_QuadRemesher_交付\01A眼窝与眼球\screenshots\01_1_eye_socket_front.png'
  01:27.343  render           | Saved: 'E:\WangZhen_Project\AI\ShuZiRen\Hermes\SZRYanJiu\v3_QuadRemesher_交付\01A眼窝与眼球\screenshots\01_1_eye_socket_side.png'
  make_eye_cup L: boundary ring M=90 (of 1 rings), ring relaxed x12, jump avg=0.46mm max=0.79mm
  recalc_face_normals: SKIPPED (v38, geometric only)
  geometric orientation: reversed 1920 bowl faces to face -Y, still wrong=0
  UV分配: 10710 loops, avg=(0.0793,0.0632), u=[0.0000,1.0000] v=[0.0000,1.0000]
  make_eye_cup R: boundary ring M=89 (of 1 rings), ring relaxed x12, jump avg=0.47mm max=0.87mm
  recalc_face_normals: SKIPPED (v38, geometric only)
  geometric orientation: reversed 247 bowl faces to face -Y, still wrong=0
  UV分配: 9844 loops, avg=(0.5786,0.1021), u=[0.0000,1.0000] v=[0.0000,1.0000]
  Saved: E:\WangZhen_Project\AI\ShuZiRen\Hermes\SZRYanJiu\v3_QuadRemesher_交付\01A眼窝与眼球\models\01_1_eye_socket.blend
  00:03.000  render           | Saved: 'E:\WangZhen_Project\AI\ShuZiRen\Hermes\SZRYanJiu\v3_QuadRemesher_交付\01A眼窝与眼球\screenshots\v39_norm_front.png'
  00:03.406  render           | Saved: 'E:\WangZhen_Project\AI\ShuZiRen\Hermes\SZRYanJiu\v3_QuadRemesher_交付\01A眼窝与眼球\screenshots\v39_norm_sideL.png'
  00:04.266  render           | Saved: 'E:\WangZhen_Project\AI\ShuZiRen\Hermes\SZRYanJiu\v3_QuadRemesher_交付\01A眼窝与眼球\screenshots\v39_tex_front.png'
  00:04.688  render           | Saved: 'E:\WangZhen_Project\AI\ShuZiRen\Hermes\SZRYanJiu\v3_QuadRemesher_交付\01A眼窝与眼球\screenshots\v39_tex_sideL.png'
迭代340完成

--- 迭代 341 ---
  01:27.078  render           | Saved: 'E:\WangZhen_Project\AI\ShuZiRen\Hermes\SZRYanJiu\v3_QuadRemesher_交付\01A眼窝与眼球\screenshots\01_1_eye_socket_front.png'
  01:27.203  render           | Saved: 'E:\WangZhen_Project\AI\ShuZiRen\Hermes\SZRYanJiu\v3_QuadRemesher_交付\01A眼窝与眼球\screenshots\01_1_eye_socket_side.png'
  make_eye_cup L: boundary ring M=90 (of 1 rings), ring relaxed x12, jump avg=0.46mm max=0.79mm
  recalc_face_normals: SKIPPED (v38, geometric only)
  geometric orientation: reversed 1920 bowl faces to face -Y, still wrong=0
  UV分配: 10710 loops, avg=(0.0793,0.0632), u=[0.0000,1.0000] v=[0.0000,1.0000]
  make_eye_cup R: boundary ring M=89 (of 1 rings), ring relaxed x12, jump avg=0.47mm max=0.87mm
  recalc_face_normals: SKIPPED (v38, geometric only)
  geometric orientation: reversed 247 bowl faces to face -Y, still wrong=0
  UV分配: 9844 loops, avg=(0.5786,0.1021), u=[0.0000,1.0000] v=[0.0000,1.0000]
  Saved: E:\WangZhen_Project\AI\ShuZiRen\Hermes\SZRYanJiu\v3_QuadRemesher_交付\01A眼窝与眼球\models\01_1_eye_socket.blend
  00:02.969  render           | Saved: 'E:\WangZhen_Project\AI\ShuZiRen\Hermes\SZRYanJiu\v3_QuadRemesher_交付\01A眼窝与眼球\screenshots\v39_norm_front.png'
  00:03.360  render           | Saved: 'E:\WangZhen_Project\AI\ShuZiRen\Hermes\SZRYanJiu\v3_QuadRemesher_交付\01A眼窝与眼球\screenshots\v39_norm_sideL.png'
  00:04.203  render           | Saved: 'E:\WangZhen_Project\AI\ShuZiRen\Hermes\SZRYanJiu\v3_QuadRemesher_交付\01A眼窝与眼球\screenshots\v39_tex_front.png'
  00:04.625  render           | Saved: 'E:\WangZhen_Project\AI\ShuZiRen\Hermes\SZRYanJiu\v3_QuadRemesher_交付\01A眼窝与眼球\screenshots\v39_tex_sideL.png'
迭代341完成

--- 迭代 342 ---
  01:27.234  render           | Saved: 'E:\WangZhen_Project\AI\ShuZiRen\Hermes\SZRYanJiu\v3_QuadRemesher_交付\01A眼窝与眼球\screenshots\01_1_eye_socket_front.png'
  01:27.359  render           | Saved: 'E:\WangZhen_Project\AI\ShuZiRen\Hermes\SZRYanJiu\v3_QuadRemesher_交付\01A眼窝与眼球\screenshots\01_1_eye_socket_side.png'
  make_eye_cup L: boundary ring M=90 (of 1 rings), ring relaxed x12, jump avg=0.46mm max=0.79mm
  recalc_face_normals: SKIPPED (v38, geometric only)
  geometric orientation: reversed 1920 bowl faces to face -Y, still wrong=0
  UV分配: 10710 loops, avg=(0.0793,0.0632), u=[0.0000,1.0000] v=[0.0000,1.0000]
  make_eye_cup R: boundary ring M=89 (of 1 rings), ring relaxed x12, jump avg=0.47mm max=0.87mm
  recalc_face_normals: SKIPPED (v38, geometric only)
  geometric orientation: reversed 247 bowl faces to face -Y, still wrong=0
  UV分配: 9844 loops, avg=(0.5786,0.1021), u=[0.0000,1.0000] v=[0.0000,1.0000]
  Saved: E:\WangZhen_Project\AI\ShuZiRen\Hermes\SZRYanJiu\v3_QuadRemesher_交付\01A眼窝与眼球\models\01_1_eye_socket.blend
  00:02.985  render           | Saved: 'E:\WangZhen_Project\AI\ShuZiRen\Hermes\SZRYanJiu\v3_QuadRemesher_交付\01A眼窝与眼球\screenshots\v39_norm_front.png'
  00:03.391  render           | Saved: 'E:\WangZhen_Project\AI\ShuZiRen\Hermes\SZRYanJiu\v3_QuadRemesher_交付\01A眼窝与眼球\screenshots\v39_norm_sideL.png'
  00:04.235  render           | Saved: 'E:\WangZhen_Project\AI\ShuZiRen\Hermes\SZRYanJiu\v3_QuadRemesher_交付\01A眼窝与眼球\screenshots\v39_tex_front.png'
  00:04.657  render           | Saved: 'E:\WangZhen_Project\AI\ShuZiRen\Hermes\SZRYanJiu\v3_QuadRemesher_交付\01A眼窝与眼球\screenshots\v39_tex_sideL.png'
迭代342完成

--- 迭代 343 ---
  01:27.125  render           | Saved: 'E:\WangZhen_Project\AI\ShuZiRen\Hermes\SZRYanJiu\v3_QuadRemesher_交付\01A眼窝与眼球\screenshots\01_1_eye_socket_front.png'
  01:27.250  render           | Saved: 'E:\WangZhen_Project\AI\ShuZiRen\Hermes\SZRYanJiu\v3_QuadRemesher_交付\01A眼窝与眼球\screenshots\01_1_eye_socket_side.png'
  make_eye_cup L: boundary ring M=90 (of 1 rings), ring relaxed x12, jump avg=0.46mm max=0.79mm
  recalc_face_normals: SKIPPED (v38, geometric only)
  geometric orientation: reversed 1920 bowl faces to face -Y, still wrong=0
  UV分配: 10710 loops, avg=(0.0793,0.0632), u=[0.0000,1.0000] v=[0.0000,1.0000]
  make_eye_cup R: boundary ring M=89 (of 1 rings), ring relaxed x12, jump avg=0.47mm max=0.87mm
  recalc_face_normals: SKIPPED (v38, geometric only)
  geometric orientation: reversed 247 bowl faces to face -Y, still wrong=0
  UV分配: 9844 loops, avg=(0.5786,0.1021), u=[0.0000,1.0000] v=[0.0000,1.0000]
  Saved: E:\WangZhen_Project\AI\ShuZiRen\Hermes\SZRYanJiu\v3_QuadRemesher_交付\01A眼窝与眼球\models\01_1_eye_socket.blend
  00:02.984  render           | Saved: 'E:\WangZhen_Project\AI\ShuZiRen\Hermes\SZRYanJiu\v3_QuadRemesher_交付\01A眼窝与眼球\screenshots\v39_norm_front.png'
  00:03.406  render           | Saved: 'E:\WangZhen_Project\AI\ShuZiRen\Hermes\SZRYanJiu\v3_QuadRemesher_交付\01A眼窝与眼球\screenshots\v39_norm_sideL.png'
  00:04.250  render           | Saved: 'E:\WangZhen_Project\AI\ShuZiRen\Hermes\SZRYanJiu\v3_QuadRemesher_交付\01A眼窝与眼球\screenshots\v39_tex_front.png'
  00:04.672  render           | Saved: 'E:\WangZhen_Project\AI\ShuZiRen\Hermes\SZRYanJiu\v3_QuadRemesher_交付\01A眼窝与眼球\screenshots\v39_tex_sideL.png'
迭代343完成

--- 迭代 344 ---
  01:27.203  render           | Saved: 'E:\WangZhen_Project\AI\ShuZiRen\Hermes\SZRYanJiu\v3_QuadRemesher_交付\01A眼窝与眼球\screenshots\01_1_eye_socket_front.png'
  01:27.328  render           | Saved: 'E:\WangZhen_Project\AI\ShuZiRen\Hermes\SZRYanJiu\v3_QuadRemesher_交付\01A眼窝与眼球\screenshots\01_1_eye_socket_side.png'
  make_eye_cup L: boundary ring M=90 (of 1 rings), ring relaxed x12, jump avg=0.46mm max=0.79mm
  recalc_face_normals: SKIPPED (v38, geometric only)
  geometric orientation: reversed 1920 bowl faces to face -Y, still wrong=0
  UV分配: 10710 loops, avg=(0.0793,0.0632), u=[0.0000,1.0000] v=[0.0000,1.0000]
  make_eye_cup R: boundary ring M=89 (of 1 rings), ring relaxed x12, jump avg=0.47mm max=0.87mm
  recalc_face_normals: SKIPPED (v38, geometric only)
  geometric orientation: reversed 247 bowl faces to face -Y, still wrong=0
  UV分配: 9844 loops, avg=(0.5786,0.1021), u=[0.0000,1.0000] v=[0.0000,1.0000]
  Saved: E:\WangZhen_Project\AI\ShuZiRen\Hermes\SZRYanJiu\v3_QuadRemesher_交付\01A眼窝与眼球\models\01_1_eye_socket.blend
  00:02.984  render           | Saved: 'E:\WangZhen_Project\AI\ShuZiRen\Hermes\SZRYanJiu\v3_QuadRemesher_交付\01A眼窝与眼球\screenshots\v39_norm_front.png'
  00:03.390  render           | Saved: 'E:\WangZhen_Project\AI\ShuZiRen\Hermes\SZRYanJiu\v3_QuadRemesher_交付\01A眼窝与眼球\screenshots\v39_norm_sideL.png'
  00:04.234  render           | Saved: 'E:\WangZhen_Project\AI\ShuZiRen\Hermes\SZRYanJiu\v3_QuadRemesher_交付\01A眼窝与眼球\screenshots\v39_tex_front.png'
  00:04.672  render           | Saved: 'E:\WangZhen_Project\AI\ShuZiRen\Hermes\SZRYanJiu\v3_QuadRemesher_交付\01A眼窝与眼球\screenshots\v39_tex_sideL.png'
迭代344完成

--- 迭代 345 ---
  01:27.110  render           | Saved: 'E:\WangZhen_Project\AI\ShuZiRen\Hermes\SZRYanJiu\v3_QuadRemesher_交付\01A眼窝与眼球\screenshots\01_1_eye_socket_front.png'
  01:27.250  render           | Saved: 'E:\WangZhen_Project\AI\ShuZiRen\Hermes\SZRYanJiu\v3_QuadRemesher_交付\01A眼窝与眼球\screenshots\01_1_eye_socket_side.png'
  make_eye_cup L: boundary ring M=90 (of 1 rings), ring relaxed x12, jump avg=0.46mm max=0.79mm
  recalc_face_normals: SKIPPED (v38, geometric only)
  geometric orientation: reversed 1920 bowl faces to face -Y, still wrong=0
  UV分配: 10710 loops, avg=(0.0793,0.0632), u=[0.0000,1.0000] v=[0.0000,1.0000]
  make_eye_cup R: boundary ring M=89 (of 1 rings), ring relaxed x12, jump avg=0.47mm max=0.87mm
  recalc_face_normals: SKIPPED (v38, geometric only)
  geometric orientation: reversed 247 bowl faces to face -Y, still wrong=0
  UV分配: 9844 loops, avg=(0.5786,0.1021), u=[0.0000,1.0000] v=[0.0000,1.0000]
  Saved: E:\WangZhen_Project\AI\ShuZiRen\Hermes\SZRYanJiu\v3_QuadRemesher_交付\01A眼窝与眼球\models\01_1_eye_socket.blend
  00:02.969  render           | Saved: 'E:\WangZhen_Project\AI\ShuZiRen\Hermes\SZRYanJiu\v3_QuadRemesher_交付\01A眼窝与眼球\screenshots\v39_norm_front.png'
  00:03.391  render           | Saved: 'E:\WangZhen_Project\AI\ShuZiRen\Hermes\SZRYanJiu\v3_QuadRemesher_交付\01A眼窝与眼球\screenshots\v39_norm_sideL.png'
  00:04.250  render           | Saved: 'E:\WangZhen_Project\AI\ShuZiRen\Hermes\SZRYanJiu\v3_QuadRemesher_交付\01A眼窝与眼球\screenshots\v39_tex_front.png'
  00:04.672  render           | Saved: 'E:\WangZhen_Project\AI\ShuZiRen\Hermes\SZRYanJiu\v3_QuadRemesher_交付\01A眼窝与眼球\screenshots\v39_tex_sideL.png'
迭代345完成

--- 迭代 346 ---
  01:27.406  render           | Saved: 'E:\WangZhen_Project\AI\ShuZiRen\Hermes\SZRYanJiu\v3_QuadRemesher_交付\01A眼窝与眼球\screenshots\01_1_eye_socket_front.png'
  01:27.531  render           | Saved: 'E:\WangZhen_Project\AI\ShuZiRen\Hermes\SZRYanJiu\v3_QuadRemesher_交付\01A眼窝与眼球\screenshots\01_1_eye_socket_side.png'
  make_eye_cup L: boundary ring M=90 (of 1 rings), ring relaxed x12, jump avg=0.46mm max=0.79mm
  recalc_face_normals: SKIPPED (v38, geometric only)
  geometric orientation: reversed 1920 bowl faces to face -Y, still wrong=0
  UV分配: 10710 loops, avg=(0.0793,0.0632), u=[0.0000,1.0000] v=[0.0000,1.0000]
  make_eye_cup R: boundary ring M=89 (of 1 rings), ring relaxed x12, jump avg=0.47mm max=0.87mm
  recalc_face_normals: SKIPPED (v38, geometric only)
  geometric orientation: reversed 247 bowl faces to face -Y, still wrong=0
  UV分配: 9844 loops, avg=(0.5786,0.1021), u=[0.0000,1.0000] v=[0.0000,1.0000]
  Saved: E:\WangZhen_Project\AI\ShuZiRen\Hermes\SZRYanJiu\v3_QuadRemesher_交付\01A眼窝与眼球\models\01_1_eye_socket.blend
  00:02.969  render           | Saved: 'E:\WangZhen_Project\AI\ShuZiRen\Hermes\SZRYanJiu\v3_QuadRemesher_交付\01A眼窝与眼球\screenshots\v39_norm_front.png'
  00:03.360  render           | Saved: 'E:\WangZhen_Project\AI\ShuZiRen\Hermes\SZRYanJiu\v3_QuadRemesher_交付\01A眼窝与眼球\screenshots\v39_norm_sideL.png'
  00:04.219  render           | Saved: 'E:\WangZhen_Project\AI\ShuZiRen\Hermes\SZRYanJiu\v3_QuadRemesher_交付\01A眼窝与眼球\screenshots\v39_tex_front.png'
  00:04.641  render           | Saved: 'E:\WangZhen_Project\AI\ShuZiRen\Hermes\SZRYanJiu\v3_QuadRemesher_交付\01A眼窝与眼球\screenshots\v39_tex_sideL.png'
迭代346完成

--- 迭代 347 ---
  01:27.062  render           | Saved: 'E:\WangZhen_Project\AI\ShuZiRen\Hermes\SZRYanJiu\v3_QuadRemesher_交付\01A眼窝与眼球\screenshots\01_1_eye_socket_front.png'
  01:27.187  render           | Saved: 'E:\WangZhen_Project\AI\ShuZiRen\Hermes\SZRYanJiu\v3_QuadRemesher_交付\01A眼窝与眼球\screenshots\01_1_eye_socket_side.png'
  make_eye_cup L: boundary ring M=90 (of 1 rings), ring relaxed x12, jump avg=0.46mm max=0.79mm
  recalc_face_normals: SKIPPED (v38, geometric only)
  geometric orientation: reversed 1920 bowl faces to face -Y, still wrong=0
  UV分配: 10710 loops, avg=(0.0793,0.0632), u=[0.0000,1.0000] v=[0.0000,1.0000]
  make_eye_cup R: boundary ring M=89 (of 1 rings), ring relaxed x12, jump avg=0.47mm max=0.87mm
  recalc_face_normals: SKIPPED (v38, geometric only)
  geometric orientation: reversed 247 bowl faces to face -Y, still wrong=0
  UV分配: 9844 loops, avg=(0.5786,0.1021), u=[0.0000,1.0000] v=[0.0000,1.0000]
  Saved: E:\WangZhen_Project\AI\ShuZiRen\Hermes\SZRYanJiu\v3_QuadRemesher_交付\01A眼窝与眼球\models\01_1_eye_socket.blend
  00:02.953  render           | Saved: 'E:\WangZhen_Project\AI\ShuZiRen\Hermes\SZRYanJiu\v3_QuadRemesher_交付\01A眼窝与眼球\screenshots\v39_norm_front.png'
  00:03.359  render           | Saved: 'E:\WangZhen_Project\AI\ShuZiRen\Hermes\SZRYanJiu\v3_QuadRemesher_交付\01A眼窝与眼球\screenshots\v39_norm_sideL.png'
  00:04.203  render           | Saved: 'E:\WangZhen_Project\AI\ShuZiRen\Hermes\SZRYanJiu\v3_QuadRemesher_交付\01A眼窝与眼球\screenshots\v39_tex_front.png'
  00:04.625  render           | Saved: 'E:\WangZhen_Project\AI\ShuZiRen\Hermes\SZRYanJiu\v3_QuadRemesher_交付\01A眼窝与眼球\screenshots\v39_tex_sideL.png'
迭代347完成

--- 迭代 348 ---
  01:27.188  render           | Saved: 'E:\WangZhen_Project\AI\ShuZiRen\Hermes\SZRYanJiu\v3_QuadRemesher_交付\01A眼窝与眼球\screenshots\01_1_eye_socket_front.png'
  01:27.329  render           | Saved: 'E:\WangZhen_Project\AI\ShuZiRen\Hermes\SZRYanJiu\v3_QuadRemesher_交付\01A眼窝与眼球\screenshots\01_1_eye_socket_side.png'
  make_eye_cup L: boundary ring M=90 (of 1 rings), ring relaxed x12, jump avg=0.46mm max=0.79mm
  recalc_face_normals: SKIPPED (v38, geometric only)
  geometric orientation: reversed 1920 bowl faces to face -Y, still wrong=0
  UV分配: 10710 loops, avg=(0.0793,0.0632), u=[0.0000,1.0000] v=[0.0000,1.0000]
  make_eye_cup R: boundary ring M=89 (of 1 rings), ring relaxed x12, jump avg=0.47mm max=0.87mm
  recalc_face_normals: SKIPPED (v38, geometric only)
  geometric orientation: reversed 247 bowl faces to face -Y, still wrong=0
  UV分配: 9844 loops, avg=(0.5786,0.1021), u=[0.0000,1.0000] v=[0.0000,1.0000]
  Saved: E:\WangZhen_Project\AI\ShuZiRen\Hermes\SZRYanJiu\v3_QuadRemesher_交付\01A眼窝与眼球\models\01_1_eye_socket.blend
  00:02.968  render           | Saved: 'E:\WangZhen_Project\AI\ShuZiRen\Hermes\SZRYanJiu\v3_QuadRemesher_交付\01A眼窝与眼球\screenshots\v39_norm_front.png'
  00:03.359  render           | Saved: 'E:\WangZhen_Project\AI\ShuZiRen\Hermes\SZRYanJiu\v3_QuadRemesher_交付\01A眼窝与眼球\screenshots\v39_norm_sideL.png'
  00:04.218  render           | Saved: 'E:\WangZhen_Project\AI\ShuZiRen\Hermes\SZRYanJiu\v3_QuadRemesher_交付\01A眼窝与眼球\screenshots\v39_tex_front.png'
  00:04.640  render           | Saved: 'E:\WangZhen_Project\AI\ShuZiRen\Hermes\SZRYanJiu\v3_QuadRemesher_交付\01A眼窝与眼球\screenshots\v39_tex_sideL.png'
迭代348完成

--- 迭代 349 ---
  01:29.203  render           | Saved: 'E:\WangZhen_Project\AI\ShuZiRen\Hermes\SZRYanJiu\v3_QuadRemesher_交付\01A眼窝与眼球\screenshots\01_1_eye_socket_front.png'
  01:29.328  render           | Saved: 'E:\WangZhen_Project\AI\ShuZiRen\Hermes\SZRYanJiu\v3_QuadRemesher_交付\01A眼窝与眼球\screenshots\01_1_eye_socket_side.png'
  make_eye_cup L: boundary ring M=90 (of 1 rings), ring relaxed x12, jump avg=0.46mm max=0.79mm
  recalc_face_normals: SKIPPED (v38, geometric only)
  geometric orientation: reversed 1920 bowl faces to face -Y, still wrong=0
  UV分配: 10710 loops, avg=(0.0793,0.0632), u=[0.0000,1.0000] v=[0.0000,1.0000]
  make_eye_cup R: boundary ring M=89 (of 1 rings), ring relaxed x12, jump avg=0.47mm max=0.87mm
  recalc_face_normals: SKIPPED (v38, geometric only)
  geometric orientation: reversed 247 bowl faces to face -Y, still wrong=0
  UV分配: 9844 loops, avg=(0.5786,0.1021), u=[0.0000,1.0000] v=[0.0000,1.0000]
  Saved: E:\WangZhen_Project\AI\ShuZiRen\Hermes\SZRYanJiu\v3_QuadRemesher_交付\01A眼窝与眼球\models\01_1_eye_socket.blend
  00:03.015  render           | Saved: 'E:\WangZhen_Project\AI\ShuZiRen\Hermes\SZRYanJiu\v3_QuadRemesher_交付\01A眼窝与眼球\screenshots\v39_norm_front.png'
  00:03.406  render           | Saved: 'E:\WangZhen_Project\AI\ShuZiRen\Hermes\SZRYanJiu\v3_QuadRemesher_交付\01A眼窝与眼球\screenshots\v39_norm_sideL.png'
  00:04.265  render           | Saved: 'E:\WangZhen_Project\AI\ShuZiRen\Hermes\SZRYanJiu\v3_QuadRemesher_交付\01A眼窝与眼球\screenshots\v39_tex_front.png'
  00:04.703  render           | Saved: 'E:\WangZhen_Project\AI\ShuZiRen\Hermes\SZRYanJiu\v3_QuadRemesher_交付\01A眼窝与眼球\screenshots\v39_tex_sideL.png'
迭代349完成

--- 迭代 350 ---
  01:27.218  render           | Saved: 'E:\WangZhen_Project\AI\ShuZiRen\Hermes\SZRYanJiu\v3_QuadRemesher_交付\01A眼窝与眼球\screenshots\01_1_eye_socket_front.png'
  01:27.343  render           | Saved: 'E:\WangZhen_Project\AI\ShuZiRen\Hermes\SZRYanJiu\v3_QuadRemesher_交付\01A眼窝与眼球\screenshots\01_1_eye_socket_side.png'
  make_eye_cup L: boundary ring M=90 (of 1 rings), ring relaxed x12, jump avg=0.46mm max=0.79mm
  recalc_face_normals: SKIPPED (v38, geometric only)
  geometric orientation: reversed 1920 bowl faces to face -Y, still wrong=0
  UV分配: 10710 loops, avg=(0.0793,0.0632), u=[0.0000,1.0000] v=[0.0000,1.0000]
  make_eye_cup R: boundary ring M=89 (of 1 rings), ring relaxed x12, jump avg=0.47mm max=0.87mm
  recalc_face_normals: SKIPPED (v38, geometric only)
  geometric orientation: reversed 247 bowl faces to face -Y, still wrong=0
  UV分配: 9844 loops, avg=(0.5786,0.1021), u=[0.0000,1.0000] v=[0.0000,1.0000]
  Saved: E:\WangZhen_Project\AI\ShuZiRen\Hermes\SZRYanJiu\v3_QuadRemesher_交付\01A眼窝与眼球\models\01_1_eye_socket.blend
  00:02.985  render           | Saved: 'E:\WangZhen_Project\AI\ShuZiRen\Hermes\SZRYanJiu\v3_QuadRemesher_交付\01A眼窝与眼球\screenshots\v39_norm_front.png'
  00:03.375  render           | Saved: 'E:\WangZhen_Project\AI\ShuZiRen\Hermes\SZRYanJiu\v3_QuadRemesher_交付\01A眼窝与眼球\screenshots\v39_norm_sideL.png'
  00:04.235  render           | Saved: 'E:\WangZhen_Project\AI\ShuZiRen\Hermes\SZRYanJiu\v3_QuadRemesher_交付\01A眼窝与眼球\screenshots\v39_tex_front.png'
  00:04.657  render           | Saved: 'E:\WangZhen_Project\AI\ShuZiRen\Hermes\SZRYanJiu\v3_QuadRemesher_交付\01A眼窝与眼球\screenshots\v39_tex_sideL.png'
迭代350完成

--- 迭代 351 ---
  01:27.281  render           | Saved: 'E:\WangZhen_Project\AI\ShuZiRen\Hermes\SZRYanJiu\v3_QuadRemesher_交付\01A眼窝与眼球\screenshots\01_1_eye_socket_front.png'
  01:27.406  render           | Saved: 'E:\WangZhen_Project\AI\ShuZiRen\Hermes\SZRYanJiu\v3_QuadRemesher_交付\01A眼窝与眼球\screenshots\01_1_eye_socket_side.png'
  make_eye_cup L: boundary ring M=90 (of 1 rings), ring relaxed x12, jump avg=0.46mm max=0.79mm
  recalc_face_normals: SKIPPED (v38, geometric only)
  geometric orientation: reversed 1920 bowl faces to face -Y, still wrong=0
  UV分配: 10710 loops, avg=(0.0793,0.0632), u=[0.0000,1.0000] v=[0.0000,1.0000]
  make_eye_cup R: boundary ring M=89 (of 1 rings), ring relaxed x12, jump avg=0.47mm max=0.87mm
  recalc_face_normals: SKIPPED (v38, geometric only)
  geometric orientation: reversed 247 bowl faces to face -Y, still wrong=0
  UV分配: 9844 loops, avg=(0.5786,0.1021), u=[0.0000,1.0000] v=[0.0000,1.0000]
  Saved: E:\WangZhen_Project\AI\ShuZiRen\Hermes\SZRYanJiu\v3_QuadRemesher_交付\01A眼窝与眼球\models\01_1_eye_socket.blend
  00:02.969  render           | Saved: 'E:\WangZhen_Project\AI\ShuZiRen\Hermes\SZRYanJiu\v3_QuadRemesher_交付\01A眼窝与眼球\screenshots\v39_norm_front.png'
  00:03.360  render           | Saved: 'E:\WangZhen_Project\AI\ShuZiRen\Hermes\SZRYanJiu\v3_QuadRemesher_交付\01A眼窝与眼球\screenshots\v39_norm_sideL.png'
  00:04.204  render           | Saved: 'E:\WangZhen_Project\AI\ShuZiRen\Hermes\SZRYanJiu\v3_QuadRemesher_交付\01A眼窝与眼球\screenshots\v39_tex_front.png'
  00:04.625  render           | Saved: 'E:\WangZhen_Project\AI\ShuZiRen\Hermes\SZRYanJiu\v3_QuadRemesher_交付\01A眼窝与眼球\screenshots\v39_tex_sideL.png'
迭代351完成

--- 迭代 352 ---
  01:27.172  render           | Saved: 'E:\WangZhen_Project\AI\ShuZiRen\Hermes\SZRYanJiu\v3_QuadRemesher_交付\01A眼窝与眼球\screenshots\01_1_eye_socket_front.png'
  01:27.297  render           | Saved: 'E:\WangZhen_Project\AI\ShuZiRen\Hermes\SZRYanJiu\v3_QuadRemesher_交付\01A眼窝与眼球\screenshots\01_1_eye_socket_side.png'
  make_eye_cup L: boundary ring M=90 (of 1 rings), ring relaxed x12, jump avg=0.46mm max=0.79mm
  recalc_face_normals: SKIPPED (v38, geometric only)
  geometric orientation: reversed 1920 bowl faces to face -Y, still wrong=0
  UV分配: 10710 loops, avg=(0.0793,0.0632), u=[0.0000,1.0000] v=[0.0000,1.0000]
  make_eye_cup R: boundary ring M=89 (of 1 rings), ring relaxed x12, jump avg=0.47mm max=0.87mm
  recalc_face_normals: SKIPPED (v38, geometric only)
  geometric orientation: reversed 247 bowl faces to face -Y, still wrong=0
  UV分配: 9844 loops, avg=(0.5786,0.1021), u=[0.0000,1.0000] v=[0.0000,1.0000]
  Saved: E:\WangZhen_Project\AI\ShuZiRen\Hermes\SZRYanJiu\v3_QuadRemesher_交付\01A眼窝与眼球\models\01_1_eye_socket.blend
  00:02.969  render           | Saved: 'E:\WangZhen_Project\AI\ShuZiRen\Hermes\SZRYanJiu\v3_QuadRemesher_交付\01A眼窝与眼球\screenshots\v39_norm_front.png'
  00:03.391  render           | Saved: 'E:\WangZhen_Project\AI\ShuZiRen\Hermes\SZRYanJiu\v3_QuadRemesher_交付\01A眼窝与眼球\screenshots\v39_norm_sideL.png'
  00:04.234  render           | Saved: 'E:\WangZhen_Project\AI\ShuZiRen\Hermes\SZRYanJiu\v3_QuadRemesher_交付\01A眼窝与眼球\screenshots\v39_tex_front.png'
  00:04.641  render           | Saved: 'E:\WangZhen_Project\AI\ShuZiRen\Hermes\SZRYanJiu\v3_QuadRemesher_交付\01A眼窝与眼球\screenshots\v39_tex_sideL.png'
迭代352完成

--- 迭代 353 ---
  01:27.203  render           | Saved: 'E:\WangZhen_Project\AI\ShuZiRen\Hermes\SZRYanJiu\v3_QuadRemesher_交付\01A眼窝与眼球\screenshots\01_1_eye_socket_front.png'
  01:27.328  render           | Saved: 'E:\WangZhen_Project\AI\ShuZiRen\Hermes\SZRYanJiu\v3_QuadRemesher_交付\01A眼窝与眼球\screenshots\01_1_eye_socket_side.png'
  make_eye_cup L: boundary ring M=90 (of 1 rings), ring relaxed x12, jump avg=0.46mm max=0.79mm
  recalc_face_normals: SKIPPED (v38, geometric only)
  geometric orientation: reversed 1920 bowl faces to face -Y, still wrong=0
  UV分配: 10710 loops, avg=(0.0793,0.0632), u=[0.0000,1.0000] v=[0.0000,1.0000]
  make_eye_cup R: boundary ring M=89 (of 1 rings), ring relaxed x12, jump avg=0.47mm max=0.87mm
  recalc_face_normals: SKIPPED (v38, geometric only)
  geometric orientation: reversed 247 bowl faces to face -Y, still wrong=0
  UV分配: 9844 loops, avg=(0.5786,0.1021), u=[0.0000,1.0000] v=[0.0000,1.0000]
  Saved: E:\WangZhen_Project\AI\ShuZiRen\Hermes\SZRYanJiu\v3_QuadRemesher_交付\01A眼窝与眼球\models\01_1_eye_socket.blend
  00:02.969  render           | Saved: 'E:\WangZhen_Project\AI\ShuZiRen\Hermes\SZRYanJiu\v3_QuadRemesher_交付\01A眼窝与眼球\screenshots\v39_norm_front.png'
  00:03.360  render           | Saved: 'E:\WangZhen_Project\AI\ShuZiRen\Hermes\SZRYanJiu\v3_QuadRemesher_交付\01A眼窝与眼球\screenshots\v39_norm_sideL.png'
  00:04.203  render           | Saved: 'E:\WangZhen_Project\AI\ShuZiRen\Hermes\SZRYanJiu\v3_QuadRemesher_交付\01A眼窝与眼球\screenshots\v39_tex_front.png'
  00:04.625  render           | Saved: 'E:\WangZhen_Project\AI\ShuZiRen\Hermes\SZRYanJiu\v3_QuadRemesher_交付\01A眼窝与眼球\screenshots\v39_tex_sideL.png'
迭代353完成

--- 迭代 354 ---
  01:26.937  render           | Saved: 'E:\WangZhen_Project\AI\ShuZiRen\Hermes\SZRYanJiu\v3_QuadRemesher_交付\01A眼窝与眼球\screenshots\01_1_eye_socket_front.png'
  01:27.078  render           | Saved: 'E:\WangZhen_Project\AI\ShuZiRen\Hermes\SZRYanJiu\v3_QuadRemesher_交付\01A眼窝与眼球\screenshots\01_1_eye_socket_side.png'
  make_eye_cup L: boundary ring M=90 (of 1 rings), ring relaxed x12, jump avg=0.46mm max=0.79mm
  recalc_face_normals: SKIPPED (v38, geometric only)
  geometric orientation: reversed 1920 bowl faces to face -Y, still wrong=0
  UV分配: 10710 loops, avg=(0.0793,0.0632), u=[0.0000,1.0000] v=[0.0000,1.0000]
  make_eye_cup R: boundary ring M=89 (of 1 rings), ring relaxed x12, jump avg=0.47mm max=0.87mm
  recalc_face_normals: SKIPPED (v38, geometric only)
  geometric orientation: reversed 247 bowl faces to face -Y, still wrong=0
  UV分配: 9844 loops, avg=(0.5786,0.1021), u=[0.0000,1.0000] v=[0.0000,1.0000]
  Saved: E:\WangZhen_Project\AI\ShuZiRen\Hermes\SZRYanJiu\v3_QuadRemesher_交付\01A眼窝与眼球\models\01_1_eye_socket.blend
  00:02.953  render           | Saved: 'E:\WangZhen_Project\AI\ShuZiRen\Hermes\SZRYanJiu\v3_QuadRemesher_交付\01A眼窝与眼球\screenshots\v39_norm_front.png'
  00:03.359  render           | Saved: 'E:\WangZhen_Project\AI\ShuZiRen\Hermes\SZRYanJiu\v3_QuadRemesher_交付\01A眼窝与眼球\screenshots\v39_norm_sideL.png'
  00:04.281  render           | Saved: 'E:\WangZhen_Project\AI\ShuZiRen\Hermes\SZRYanJiu\v3_QuadRemesher_交付\01A眼窝与眼球\screenshots\v39_tex_front.png'
  00:04.703  render           | Saved: 'E:\WangZhen_Project\AI\ShuZiRen\Hermes\SZRYanJiu\v3_QuadRemesher_交付\01A眼窝与眼球\screenshots\v39_tex_sideL.png'
迭代354完成

--- 迭代 355 ---
  01:27.531  render           | Saved: 'E:\WangZhen_Project\AI\ShuZiRen\Hermes\SZRYanJiu\v3_QuadRemesher_交付\01A眼窝与眼球\screenshots\01_1_eye_socket_front.png'
  01:27.672  render           | Saved: 'E:\WangZhen_Project\AI\ShuZiRen\Hermes\SZRYanJiu\v3_QuadRemesher_交付\01A眼窝与眼球\screenshots\01_1_eye_socket_side.png'
  make_eye_cup L: boundary ring M=90 (of 1 rings), ring relaxed x12, jump avg=0.46mm max=0.79mm
  recalc_face_normals: SKIPPED (v38, geometric only)
  geometric orientation: reversed 1920 bowl faces to face -Y, still wrong=0
  UV分配: 10710 loops, avg=(0.0793,0.0632), u=[0.0000,1.0000] v=[0.0000,1.0000]
  make_eye_cup R: boundary ring M=89 (of 1 rings), ring relaxed x12, jump avg=0.47mm max=0.87mm
  recalc_face_normals: SKIPPED (v38, geometric only)
  geometric orientation: reversed 247 bowl faces to face -Y, still wrong=0
  UV分配: 9844 loops, avg=(0.5786,0.1021), u=[0.0000,1.0000] v=[0.0000,1.0000]
  Saved: E:\WangZhen_Project\AI\ShuZiRen\Hermes\SZRYanJiu\v3_QuadRemesher_交付\01A眼窝与眼球\models\01_1_eye_socket.blend
  00:02.984  render           | Saved: 'E:\WangZhen_Project\AI\ShuZiRen\Hermes\SZRYanJiu\v3_QuadRemesher_交付\01A眼窝与眼球\screenshots\v39_norm_front.png'
  00:03.375  render           | Saved: 'E:\WangZhen_Project\AI\ShuZiRen\Hermes\SZRYanJiu\v3_QuadRemesher_交付\01A眼窝与眼球\screenshots\v39_norm_sideL.png'
  00:04.250  render           | Saved: 'E:\WangZhen_Project\AI\ShuZiRen\Hermes\SZRYanJiu\v3_QuadRemesher_交付\01A眼窝与眼球\screenshots\v39_tex_front.png'
  00:04.656  render           | Saved: 'E:\WangZhen_Project\AI\ShuZiRen\Hermes\SZRYanJiu\v3_QuadRemesher_交付\01A眼窝与眼球\screenshots\v39_tex_sideL.png'
迭代355完成

--- 迭代 356 ---
  01:27.266  render           | Saved: 'E:\WangZhen_Project\AI\ShuZiRen\Hermes\SZRYanJiu\v3_QuadRemesher_交付\01A眼窝与眼球\screenshots\01_1_eye_socket_front.png'
  01:27.406  render           | Saved: 'E:\WangZhen_Project\AI\ShuZiRen\Hermes\SZRYanJiu\v3_QuadRemesher_交付\01A眼窝与眼球\screenshots\01_1_eye_socket_side.png'
  make_eye_cup L: boundary ring M=90 (of 1 rings), ring relaxed x12, jump avg=0.46mm max=0.79mm
  recalc_face_normals: SKIPPED (v38, geometric only)
  geometric orientation: reversed 1920 bowl faces to face -Y, still wrong=0
  UV分配: 10710 loops, avg=(0.0793,0.0632), u=[0.0000,1.0000] v=[0.0000,1.0000]
  make_eye_cup R: boundary ring M=89 (of 1 rings), ring relaxed x12, jump avg=0.47mm max=0.87mm
  recalc_face_normals: SKIPPED (v38, geometric only)
  geometric orientation: reversed 247 bowl faces to face -Y, still wrong=0
  UV分配: 9844 loops, avg=(0.5786,0.1021), u=[0.0000,1.0000] v=[0.0000,1.0000]
  Saved: E:\WangZhen_Project\AI\ShuZiRen\Hermes\SZRYanJiu\v3_QuadRemesher_交付\01A眼窝与眼球\models\01_1_eye_socket.blend
  00:02.985  render           | Saved: 'E:\WangZhen_Project\AI\ShuZiRen\Hermes\SZRYanJiu\v3_QuadRemesher_交付\01A眼窝与眼球\screenshots\v39_norm_front.png'
  00:03.375  render           | Saved: 'E:\WangZhen_Project\AI\ShuZiRen\Hermes\SZRYanJiu\v3_QuadRemesher_交付\01A眼窝与眼球\screenshots\v39_norm_sideL.png'
  00:04.219  render           | Saved: 'E:\WangZhen_Project\AI\ShuZiRen\Hermes\SZRYanJiu\v3_QuadRemesher_交付\01A眼窝与眼球\screenshots\v39_tex_front.png'
  00:04.641  render           | Saved: 'E:\WangZhen_Project\AI\ShuZiRen\Hermes\SZRYanJiu\v3_QuadRemesher_交付\01A眼窝与眼球\screenshots\v39_tex_sideL.png'
迭代356完成

--- 迭代 357 ---
  01:27.156  render           | Saved: 'E:\WangZhen_Project\AI\ShuZiRen\Hermes\SZRYanJiu\v3_QuadRemesher_交付\01A眼窝与眼球\screenshots\01_1_eye_socket_front.png'
  01:27.281  render           | Saved: 'E:\WangZhen_Project\AI\ShuZiRen\Hermes\SZRYanJiu\v3_QuadRemesher_交付\01A眼窝与眼球\screenshots\01_1_eye_socket_side.png'
  make_eye_cup L: boundary ring M=90 (of 1 rings), ring relaxed x12, jump avg=0.46mm max=0.79mm
  recalc_face_normals: SKIPPED (v38, geometric only)
  geometric orientation: reversed 1920 bowl faces to face -Y, still wrong=0
  UV分配: 10710 loops, avg=(0.0793,0.0632), u=[0.0000,1.0000] v=[0.0000,1.0000]
  make_eye_cup R: boundary ring M=89 (of 1 rings), ring relaxed x12, jump avg=0.47mm max=0.87mm
  recalc_face_normals: SKIPPED (v38, geometric only)
  geometric orientation: reversed 247 bowl faces to face -Y, still wrong=0
  UV分配: 9844 loops, avg=(0.5786,0.1021), u=[0.0000,1.0000] v=[0.0000,1.0000]
  Saved: E:\WangZhen_Project\AI\ShuZiRen\Hermes\SZRYanJiu\v3_QuadRemesher_交付\01A眼窝与眼球\models\01_1_eye_socket.blend
  00:03.016  render           | Saved: 'E:\WangZhen_Project\AI\ShuZiRen\Hermes\SZRYanJiu\v3_QuadRemesher_交付\01A眼窝与眼球\screenshots\v39_norm_front.png'
  00:03.407  render           | Saved: 'E:\WangZhen_Project\AI\ShuZiRen\Hermes\SZRYanJiu\v3_QuadRemesher_交付\01A眼窝与眼球\screenshots\v39_norm_sideL.png'
  00:04.250  render           | Saved: 'E:\WangZhen_Project\AI\ShuZiRen\Hermes\SZRYanJiu\v3_QuadRemesher_交付\01A眼窝与眼球\screenshots\v39_tex_front.png'
  00:04.688  render           | Saved: 'E:\WangZhen_Project\AI\ShuZiRen\Hermes\SZRYanJiu\v3_QuadRemesher_交付\01A眼窝与眼球\screenshots\v39_tex_sideL.png'
迭代357完成

--- 迭代 358 ---
  01:27.188  render           | Saved: 'E:\WangZhen_Project\AI\ShuZiRen\Hermes\SZRYanJiu\v3_QuadRemesher_交付\01A眼窝与眼球\screenshots\01_1_eye_socket_front.png'
  01:27.313  render           | Saved: 'E:\WangZhen_Project\AI\ShuZiRen\Hermes\SZRYanJiu\v3_QuadRemesher_交付\01A眼窝与眼球\screenshots\01_1_eye_socket_side.png'
  make_eye_cup L: boundary ring M=90 (of 1 rings), ring relaxed x12, jump avg=0.46mm max=0.79mm
  recalc_face_normals: SKIPPED (v38, geometric only)
  geometric orientation: reversed 1920 bowl faces to face -Y, still wrong=0
  UV分配: 10710 loops, avg=(0.0793,0.0632), u=[0.0000,1.0000] v=[0.0000,1.0000]
  make_eye_cup R: boundary ring M=89 (of 1 rings), ring relaxed x12, jump avg=0.47mm max=0.87mm
  recalc_face_normals: SKIPPED (v38, geometric only)
  geometric orientation: reversed 247 bowl faces to face -Y, still wrong=0
  UV分配: 9844 loops, avg=(0.5786,0.1021), u=[0.0000,1.0000] v=[0.0000,1.0000]
  Saved: E:\WangZhen_Project\AI\ShuZiRen\Hermes\SZRYanJiu\v3_QuadRemesher_交付\01A眼窝与眼球\models\01_1_eye_socket.blend
  00:02.984  render           | Saved: 'E:\WangZhen_Project\AI\ShuZiRen\Hermes\SZRYanJiu\v3_QuadRemesher_交付\01A眼窝与眼球\screenshots\v39_norm_front.png'
  00:03.375  render           | Saved: 'E:\WangZhen_Project\AI\ShuZiRen\Hermes\SZRYanJiu\v3_QuadRemesher_交付\01A眼窝与眼球\screenshots\v39_norm_sideL.png'
  00:04.219  render           | Saved: 'E:\WangZhen_Project\AI\ShuZiRen\Hermes\SZRYanJiu\v3_QuadRemesher_交付\01A眼窝与眼球\screenshots\v39_tex_front.png'
  00:04.656  render           | Saved: 'E:\WangZhen_Project\AI\ShuZiRen\Hermes\SZRYanJiu\v3_QuadRemesher_交付\01A眼窝与眼球\screenshots\v39_tex_sideL.png'
迭代358完成

--- 迭代 359 ---
  01:27.234  render           | Saved: 'E:\WangZhen_Project\AI\ShuZiRen\Hermes\SZRYanJiu\v3_QuadRemesher_交付\01A眼窝与眼球\screenshots\01_1_eye_socket_front.png'
  01:27.359  render           | Saved: 'E:\WangZhen_Project\AI\ShuZiRen\Hermes\SZRYanJiu\v3_QuadRemesher_交付\01A眼窝与眼球\screenshots\01_1_eye_socket_side.png'
  make_eye_cup L: boundary ring M=90 (of 1 rings), ring relaxed x12, jump avg=0.46mm max=0.79mm
  recalc_face_normals: SKIPPED (v38, geometric only)
  geometric orientation: reversed 1920 bowl faces to face -Y, still wrong=0
  UV分配: 10710 loops, avg=(0.0793,0.0632), u=[0.0000,1.0000] v=[0.0000,1.0000]
  make_eye_cup R: boundary ring M=89 (of 1 rings), ring relaxed x12, jump avg=0.47mm max=0.87mm
  recalc_face_normals: SKIPPED (v38, geometric only)
  geometric orientation: reversed 247 bowl faces to face -Y, still wrong=0
  UV分配: 9844 loops, avg=(0.5786,0.1021), u=[0.0000,1.0000] v=[0.0000,1.0000]
  Saved: E:\WangZhen_Project\AI\ShuZiRen\Hermes\SZRYanJiu\v3_QuadRemesher_交付\01A眼窝与眼球\models\01_1_eye_socket.blend
  00:03.000  render           | Saved: 'E:\WangZhen_Project\AI\ShuZiRen\Hermes\SZRYanJiu\v3_QuadRemesher_交付\01A眼窝与眼球\screenshots\v39_norm_front.png'
  00:03.391  render           | Saved: 'E:\WangZhen_Project\AI\ShuZiRen\Hermes\SZRYanJiu\v3_QuadRemesher_交付\01A眼窝与眼球\screenshots\v39_norm_sideL.png'
  00:04.234  render           | Saved: 'E:\WangZhen_Project\AI\ShuZiRen\Hermes\SZRYanJiu\v3_QuadRemesher_交付\01A眼窝与眼球\screenshots\v39_tex_front.png'
  00:04.656  render           | Saved: 'E:\WangZhen_Project\AI\ShuZiRen\Hermes\SZRYanJiu\v3_QuadRemesher_交付\01A眼窝与眼球\screenshots\v39_tex_sideL.png'
迭代359完成

--- 迭代 360 ---
  01:27.453  render           | Saved: 'E:\WangZhen_Project\AI\ShuZiRen\Hermes\SZRYanJiu\v3_QuadRemesher_交付\01A眼窝与眼球\screenshots\01_1_eye_socket_front.png'
  01:27.578  render           | Saved: 'E:\WangZhen_Project\AI\ShuZiRen\Hermes\SZRYanJiu\v3_QuadRemesher_交付\01A眼窝与眼球\screenshots\01_1_eye_socket_side.png'
  make_eye_cup L: boundary ring M=90 (of 1 rings), ring relaxed x12, jump avg=0.46mm max=0.79mm
  recalc_face_normals: SKIPPED (v38, geometric only)
  geometric orientation: reversed 1920 bowl faces to face -Y, still wrong=0
  UV分配: 10710 loops, avg=(0.0793,0.0632), u=[0.0000,1.0000] v=[0.0000,1.0000]
  make_eye_cup R: boundary ring M=89 (of 1 rings), ring relaxed x12, jump avg=0.47mm max=0.87mm
  recalc_face_normals: SKIPPED (v38, geometric only)
  geometric orientation: reversed 247 bowl faces to face -Y, still wrong=0
  UV分配: 9844 loops, avg=(0.5786,0.1021), u=[0.0000,1.0000] v=[0.0000,1.0000]
  Saved: E:\WangZhen_Project\AI\ShuZiRen\Hermes\SZRYanJiu\v3_QuadRemesher_交付\01A眼窝与眼球\models\01_1_eye_socket.blend
  00:02.984  render           | Saved: 'E:\WangZhen_Project\AI\ShuZiRen\Hermes\SZRYanJiu\v3_QuadRemesher_交付\01A眼窝与眼球\screenshots\v39_norm_front.png'
  00:03.375  render           | Saved: 'E:\WangZhen_Project\AI\ShuZiRen\Hermes\SZRYanJiu\v3_QuadRemesher_交付\01A眼窝与眼球\screenshots\v39_norm_sideL.png'
  00:04.234  render           | Saved: 'E:\WangZhen_Project\AI\ShuZiRen\Hermes\SZRYanJiu\v3_QuadRemesher_交付\01A眼窝与眼球\screenshots\v39_tex_front.png'
  00:04.640  render           | Saved: 'E:\WangZhen_Project\AI\ShuZiRen\Hermes\SZRYanJiu\v3_QuadRemesher_交付\01A眼窝与眼球\screenshots\v39_tex_sideL.png'
迭代360完成

--- 迭代 361 ---
  01:27.516  render           | Saved: 'E:\WangZhen_Project\AI\ShuZiRen\Hermes\SZRYanJiu\v3_QuadRemesher_交付\01A眼窝与眼球\screenshots\01_1_eye_socket_front.png'
  01:27.657  render           | Saved: 'E:\WangZhen_Project\AI\ShuZiRen\Hermes\SZRYanJiu\v3_QuadRemesher_交付\01A眼窝与眼球\screenshots\01_1_eye_socket_side.png'
  make_eye_cup L: boundary ring M=90 (of 1 rings), ring relaxed x12, jump avg=0.46mm max=0.79mm
  recalc_face_normals: SKIPPED (v38, geometric only)
  geometric orientation: reversed 1920 bowl faces to face -Y, still wrong=0
  UV分配: 10710 loops, avg=(0.0793,0.0632), u=[0.0000,1.0000] v=[0.0000,1.0000]
  make_eye_cup R: boundary ring M=89 (of 1 rings), ring relaxed x12, jump avg=0.47mm max=0.87mm
  recalc_face_normals: SKIPPED (v38, geometric only)
  geometric orientation: reversed 247 bowl faces to face -Y, still wrong=0
  UV分配: 9844 loops, avg=(0.5786,0.1021), u=[0.0000,1.0000] v=[0.0000,1.0000]
  Saved: E:\WangZhen_Project\AI\ShuZiRen\Hermes\SZRYanJiu\v3_QuadRemesher_交付\01A眼窝与眼球\models\01_1_eye_socket.blend
  00:02.984  render           | Saved: 'E:\WangZhen_Project\AI\ShuZiRen\Hermes\SZRYanJiu\v3_QuadRemesher_交付\01A眼窝与眼球\screenshots\v39_norm_front.png'
  00:03.390  render           | Saved: 'E:\WangZhen_Project\AI\ShuZiRen\Hermes\SZRYanJiu\v3_QuadRemesher_交付\01A眼窝与眼球\screenshots\v39_norm_sideL.png'
  00:04.297  render           | Saved: 'E:\WangZhen_Project\AI\ShuZiRen\Hermes\SZRYanJiu\v3_QuadRemesher_交付\01A眼窝与眼球\screenshots\v39_tex_front.png'
  00:04.734  render           | Saved: 'E:\WangZhen_Project\AI\ShuZiRen\Hermes\SZRYanJiu\v3_QuadRemesher_交付\01A眼窝与眼球\screenshots\v39_tex_sideL.png'
迭代361完成

--- 迭代 362 ---
  01:27.391  render           | Saved: 'E:\WangZhen_Project\AI\ShuZiRen\Hermes\SZRYanJiu\v3_QuadRemesher_交付\01A眼窝与眼球\screenshots\01_1_eye_socket_front.png'
  01:27.500  render           | Saved: 'E:\WangZhen_Project\AI\ShuZiRen\Hermes\SZRYanJiu\v3_QuadRemesher_交付\01A眼窝与眼球\screenshots\01_1_eye_socket_side.png'
  make_eye_cup L: boundary ring M=90 (of 1 rings), ring relaxed x12, jump avg=0.46mm max=0.79mm
  recalc_face_normals: SKIPPED (v38, geometric only)
  geometric orientation: reversed 1920 bowl faces to face -Y, still wrong=0
  UV分配: 10710 loops, avg=(0.0793,0.0632), u=[0.0000,1.0000] v=[0.0000,1.0000]
  make_eye_cup R: boundary ring M=89 (of 1 rings), ring relaxed x12, jump avg=0.47mm max=0.87mm
  recalc_face_normals: SKIPPED (v38, geometric only)
  geometric orientation: reversed 247 bowl faces to face -Y, still wrong=0
  UV分配: 9844 loops, avg=(0.5786,0.1021), u=[0.0000,1.0000] v=[0.0000,1.0000]
  Saved: E:\WangZhen_Project\AI\ShuZiRen\Hermes\SZRYanJiu\v3_QuadRemesher_交付\01A眼窝与眼球\models\01_1_eye_socket.blend
  00:03.016  render           | Saved: 'E:\WangZhen_Project\AI\ShuZiRen\Hermes\SZRYanJiu\v3_QuadRemesher_交付\01A眼窝与眼球\screenshots\v39_norm_front.png'
  00:03.406  render           | Saved: 'E:\WangZhen_Project\AI\ShuZiRen\Hermes\SZRYanJiu\v3_QuadRemesher_交付\01A眼窝与眼球\screenshots\v39_norm_sideL.png'
  00:04.250  render           | Saved: 'E:\WangZhen_Project\AI\ShuZiRen\Hermes\SZRYanJiu\v3_QuadRemesher_交付\01A眼窝与眼球\screenshots\v39_tex_front.png'
  00:04.687  render           | Saved: 'E:\WangZhen_Project\AI\ShuZiRen\Hermes\SZRYanJiu\v3_QuadRemesher_交付\01A眼窝与眼球\screenshots\v39_tex_sideL.png'
迭代362完成

--- 迭代 363 ---
  01:27.453  render           | Saved: 'E:\WangZhen_Project\AI\ShuZiRen\Hermes\SZRYanJiu\v3_QuadRemesher_交付\01A眼窝与眼球\screenshots\01_1_eye_socket_front.png'
  01:27.578  render           | Saved: 'E:\WangZhen_Project\AI\ShuZiRen\Hermes\SZRYanJiu\v3_QuadRemesher_交付\01A眼窝与眼球\screenshots\01_1_eye_socket_side.png'
  make_eye_cup L: boundary ring M=90 (of 1 rings), ring relaxed x12, jump avg=0.46mm max=0.79mm
  recalc_face_normals: SKIPPED (v38, geometric only)
  geometric orientation: reversed 1920 bowl faces to face -Y, still wrong=0
  UV分配: 10710 loops, avg=(0.0793,0.0632), u=[0.0000,1.0000] v=[0.0000,1.0000]
  make_eye_cup R: boundary ring M=89 (of 1 rings), ring relaxed x12, jump avg=0.47mm max=0.87mm
  recalc_face_normals: SKIPPED (v38, geometric only)
  geometric orientation: reversed 247 bowl faces to face -Y, still wrong=0
  UV分配: 9844 loops, avg=(0.5786,0.1021), u=[0.0000,1.0000] v=[0.0000,1.0000]
  Saved: E:\WangZhen_Project\AI\ShuZiRen\Hermes\SZRYanJiu\v3_QuadRemesher_交付\01A眼窝与眼球\models\01_1_eye_socket.blend
  00:03.000  render           | Saved: 'E:\WangZhen_Project\AI\ShuZiRen\Hermes\SZRYanJiu\v3_QuadRemesher_交付\01A眼窝与眼球\screenshots\v39_norm_front.png'
  00:03.391  render           | Saved: 'E:\WangZhen_Project\AI\ShuZiRen\Hermes\SZRYanJiu\v3_QuadRemesher_交付\01A眼窝与眼球\screenshots\v39_norm_sideL.png'
  00:04.250  render           | Saved: 'E:\WangZhen_Project\AI\ShuZiRen\Hermes\SZRYanJiu\v3_QuadRemesher_交付\01A眼窝与眼球\screenshots\v39_tex_front.png'
  00:04.688  render           | Saved: 'E:\WangZhen_Project\AI\ShuZiRen\Hermes\SZRYanJiu\v3_QuadRemesher_交付\01A眼窝与眼球\screenshots\v39_tex_sideL.png'
迭代363完成

--- 迭代 364 ---
  01:27.281  render           | Saved: 'E:\WangZhen_Project\AI\ShuZiRen\Hermes\SZRYanJiu\v3_QuadRemesher_交付\01A眼窝与眼球\screenshots\01_1_eye_socket_front.png'
  01:27.406  render           | Saved: 'E:\WangZhen_Project\AI\ShuZiRen\Hermes\SZRYanJiu\v3_QuadRemesher_交付\01A眼窝与眼球\screenshots\01_1_eye_socket_side.png'
  make_eye_cup L: boundary ring M=90 (of 1 rings), ring relaxed x12, jump avg=0.46mm max=0.79mm
  recalc_face_normals: SKIPPED (v38, geometric only)
  geometric orientation: reversed 1920 bowl faces to face -Y, still wrong=0
  UV分配: 10710 loops, avg=(0.0793,0.0632), u=[0.0000,1.0000] v=[0.0000,1.0000]
  make_eye_cup R: boundary ring M=89 (of 1 rings), ring relaxed x12, jump avg=0.47mm max=0.87mm
  recalc_face_normals: SKIPPED (v38, geometric only)
  geometric orientation: reversed 247 bowl faces to face -Y, still wrong=0
  UV分配: 9844 loops, avg=(0.5786,0.1021), u=[0.0000,1.0000] v=[0.0000,1.0000]
  Saved: E:\WangZhen_Project\AI\ShuZiRen\Hermes\SZRYanJiu\v3_QuadRemesher_交付\01A眼窝与眼球\models\01_1_eye_socket.blend
  00:03.000  render           | Saved: 'E:\WangZhen_Project\AI\ShuZiRen\Hermes\SZRYanJiu\v3_QuadRemesher_交付\01A眼窝与眼球\screenshots\v39_norm_front.png'
  00:03.407  render           | Saved: 'E:\WangZhen_Project\AI\ShuZiRen\Hermes\SZRYanJiu\v3_QuadRemesher_交付\01A眼窝与眼球\screenshots\v39_norm_sideL.png'
  00:04.250  render           | Saved: 'E:\WangZhen_Project\AI\ShuZiRen\Hermes\SZRYanJiu\v3_QuadRemesher_交付\01A眼窝与眼球\screenshots\v39_tex_front.png'
  00:04.672  render           | Saved: 'E:\WangZhen_Project\AI\ShuZiRen\Hermes\SZRYanJiu\v3_QuadRemesher_交付\01A眼窝与眼球\screenshots\v39_tex_sideL.png'
迭代364完成

--- 迭代 365 ---
  01:27.516  render           | Saved: 'E:\WangZhen_Project\AI\ShuZiRen\Hermes\SZRYanJiu\v3_QuadRemesher_交付\01A眼窝与眼球\screenshots\01_1_eye_socket_front.png'
  01:27.625  render           | Saved: 'E:\WangZhen_Project\AI\ShuZiRen\Hermes\SZRYanJiu\v3_QuadRemesher_交付\01A眼窝与眼球\screenshots\01_1_eye_socket_side.png'
  make_eye_cup L: boundary ring M=90 (of 1 rings), ring relaxed x12, jump avg=0.46mm max=0.79mm
  recalc_face_normals: SKIPPED (v38, geometric only)
  geometric orientation: reversed 1920 bowl faces to face -Y, still wrong=0
  UV分配: 10710 loops, avg=(0.0793,0.0632), u=[0.0000,1.0000] v=[0.0000,1.0000]
  make_eye_cup R: boundary ring M=89 (of 1 rings), ring relaxed x12, jump avg=0.47mm max=0.87mm
  recalc_face_normals: SKIPPED (v38, geometric only)
  geometric orientation: reversed 247 bowl faces to face -Y, still wrong=0
  UV分配: 9844 loops, avg=(0.5786,0.1021), u=[0.0000,1.0000] v=[0.0000,1.0000]
  Saved: E:\WangZhen_Project\AI\ShuZiRen\Hermes\SZRYanJiu\v3_QuadRemesher_交付\01A眼窝与眼球\models\01_1_eye_socket.blend
  00:03.000  render           | Saved: 'E:\WangZhen_Project\AI\ShuZiRen\Hermes\SZRYanJiu\v3_QuadRemesher_交付\01A眼窝与眼球\screenshots\v39_norm_front.png'
  00:03.391  render           | Saved: 'E:\WangZhen_Project\AI\ShuZiRen\Hermes\SZRYanJiu\v3_QuadRemesher_交付\01A眼窝与眼球\screenshots\v39_norm_sideL.png'
  00:04.250  render           | Saved: 'E:\WangZhen_Project\AI\ShuZiRen\Hermes\SZRYanJiu\v3_QuadRemesher_交付\01A眼窝与眼球\screenshots\v39_tex_front.png'
  00:04.672  render           | Saved: 'E:\WangZhen_Project\AI\ShuZiRen\Hermes\SZRYanJiu\v3_QuadRemesher_交付\01A眼窝与眼球\screenshots\v39_tex_sideL.png'
迭代365完成

--- 迭代 366 ---
  01:27.281  render           | Saved: 'E:\WangZhen_Project\AI\ShuZiRen\Hermes\SZRYanJiu\v3_QuadRemesher_交付\01A眼窝与眼球\screenshots\01_1_eye_socket_front.png'
  01:27.406  render           | Saved: 'E:\WangZhen_Project\AI\ShuZiRen\Hermes\SZRYanJiu\v3_QuadRemesher_交付\01A眼窝与眼球\screenshots\01_1_eye_socket_side.png'
  make_eye_cup L: boundary ring M=90 (of 1 rings), ring relaxed x12, jump avg=0.46mm max=0.79mm
  recalc_face_normals: SKIPPED (v38, geometric only)
  geometric orientation: reversed 1920 bowl faces to face -Y, still wrong=0
  UV分配: 10710 loops, avg=(0.0793,0.0632), u=[0.0000,1.0000] v=[0.0000,1.0000]
  make_eye_cup R: boundary ring M=89 (of 1 rings), ring relaxed x12, jump avg=0.47mm max=0.87mm
  recalc_face_normals: SKIPPED (v38, geometric only)
  geometric orientation: reversed 247 bowl faces to face -Y, still wrong=0
  UV分配: 9844 loops, avg=(0.5786,0.1021), u=[0.0000,1.0000] v=[0.0000,1.0000]
  Saved: E:\WangZhen_Project\AI\ShuZiRen\Hermes\SZRYanJiu\v3_QuadRemesher_交付\01A眼窝与眼球\models\01_1_eye_socket.blend
  00:03.000  render           | Saved: 'E:\WangZhen_Project\AI\ShuZiRen\Hermes\SZRYanJiu\v3_QuadRemesher_交付\01A眼窝与眼球\screenshots\v39_norm_front.png'
  00:03.391  render           | Saved: 'E:\WangZhen_Project\AI\ShuZiRen\Hermes\SZRYanJiu\v3_QuadRemesher_交付\01A眼窝与眼球\screenshots\v39_norm_sideL.png'
  00:04.234  render           | Saved: 'E:\WangZhen_Project\AI\ShuZiRen\Hermes\SZRYanJiu\v3_QuadRemesher_交付\01A眼窝与眼球\screenshots\v39_tex_front.png'
  00:04.656  render           | Saved: 'E:\WangZhen_Project\AI\ShuZiRen\Hermes\SZRYanJiu\v3_QuadRemesher_交付\01A眼窝与眼球\screenshots\v39_tex_sideL.png'
迭代366完成

--- 迭代 367 ---
  01:27.469  render           | Saved: 'E:\WangZhen_Project\AI\ShuZiRen\Hermes\SZRYanJiu\v3_QuadRemesher_交付\01A眼窝与眼球\screenshots\01_1_eye_socket_front.png'
  01:27.610  render           | Saved: 'E:\WangZhen_Project\AI\ShuZiRen\Hermes\SZRYanJiu\v3_QuadRemesher_交付\01A眼窝与眼球\screenshots\01_1_eye_socket_side.png'
  make_eye_cup L: boundary ring M=90 (of 1 rings), ring relaxed x12, jump avg=0.46mm max=0.79mm
  recalc_face_normals: SKIPPED (v38, geometric only)
  geometric orientation: reversed 1920 bowl faces to face -Y, still wrong=0
  UV分配: 10710 loops, avg=(0.0793,0.0632), u=[0.0000,1.0000] v=[0.0000,1.0000]
  make_eye_cup R: boundary ring M=89 (of 1 rings), ring relaxed x12, jump avg=0.47mm max=0.87mm
  recalc_face_normals: SKIPPED (v38, geometric only)
  geometric orientation: reversed 247 bowl faces to face -Y, still wrong=0
  UV分配: 9844 loops, avg=(0.5786,0.1021), u=[0.0000,1.0000] v=[0.0000,1.0000]
  Saved: E:\WangZhen_Project\AI\ShuZiRen\Hermes\SZRYanJiu\v3_QuadRemesher_交付\01A眼窝与眼球\models\01_1_eye_socket.blend
  00:03.031  render           | Saved: 'E:\WangZhen_Project\AI\ShuZiRen\Hermes\SZRYanJiu\v3_QuadRemesher_交付\01A眼窝与眼球\screenshots\v39_norm_front.png'
  00:03.422  render           | Saved: 'E:\WangZhen_Project\AI\ShuZiRen\Hermes\SZRYanJiu\v3_QuadRemesher_交付\01A眼窝与眼球\screenshots\v39_norm_sideL.png'
  00:04.281  render           | Saved: 'E:\WangZhen_Project\AI\ShuZiRen\Hermes\SZRYanJiu\v3_QuadRemesher_交付\01A眼窝与眼球\screenshots\v39_tex_front.png'
  00:04.703  render           | Saved: 'E:\WangZhen_Project\AI\ShuZiRen\Hermes\SZRYanJiu\v3_QuadRemesher_交付\01A眼窝与眼球\screenshots\v39_tex_sideL.png'
迭代367完成

--- 迭代 368 ---
  01:27.219  render           | Saved: 'E:\WangZhen_Project\AI\ShuZiRen\Hermes\SZRYanJiu\v3_QuadRemesher_交付\01A眼窝与眼球\screenshots\01_1_eye_socket_front.png'
  01:27.344  render           | Saved: 'E:\WangZhen_Project\AI\ShuZiRen\Hermes\SZRYanJiu\v3_QuadRemesher_交付\01A眼窝与眼球\screenshots\01_1_eye_socket_side.png'
  make_eye_cup L: boundary ring M=90 (of 1 rings), ring relaxed x12, jump avg=0.46mm max=0.79mm
  recalc_face_normals: SKIPPED (v38, geometric only)
  geometric orientation: reversed 1920 bowl faces to face -Y, still wrong=0
  UV分配: 10710 loops, avg=(0.0793,0.0632), u=[0.0000,1.0000] v=[0.0000,1.0000]
  make_eye_cup R: boundary ring M=89 (of 1 rings), ring relaxed x12, jump avg=0.47mm max=0.87mm
  recalc_face_normals: SKIPPED (v38, geometric only)
  geometric orientation: reversed 247 bowl faces to face -Y, still wrong=0
  UV分配: 9844 loops, avg=(0.5786,0.1021), u=[0.0000,1.0000] v=[0.0000,1.0000]
  Saved: E:\WangZhen_Project\AI\ShuZiRen\Hermes\SZRYanJiu\v3_QuadRemesher_交付\01A眼窝与眼球\models\01_1_eye_socket.blend
  00:03.078  render           | Saved: 'E:\WangZhen_Project\AI\ShuZiRen\Hermes\SZRYanJiu\v3_QuadRemesher_交付\01A眼窝与眼球\screenshots\v39_norm_front.png'
  00:03.469  render           | Saved: 'E:\WangZhen_Project\AI\ShuZiRen\Hermes\SZRYanJiu\v3_QuadRemesher_交付\01A眼窝与眼球\screenshots\v39_norm_sideL.png'
  00:04.313  render           | Saved: 'E:\WangZhen_Project\AI\ShuZiRen\Hermes\SZRYanJiu\v3_QuadRemesher_交付\01A眼窝与眼球\screenshots\v39_tex_front.png'
  00:04.735  render           | Saved: 'E:\WangZhen_Project\AI\ShuZiRen\Hermes\SZRYanJiu\v3_QuadRemesher_交付\01A眼窝与眼球\screenshots\v39_tex_sideL.png'
迭代368完成

--- 迭代 369 ---
  01:27.344  render           | Saved: 'E:\WangZhen_Project\AI\ShuZiRen\Hermes\SZRYanJiu\v3_QuadRemesher_交付\01A眼窝与眼球\screenshots\01_1_eye_socket_front.png'
  01:27.469  render           | Saved: 'E:\WangZhen_Project\AI\ShuZiRen\Hermes\SZRYanJiu\v3_QuadRemesher_交付\01A眼窝与眼球\screenshots\01_1_eye_socket_side.png'
  make_eye_cup L: boundary ring M=90 (of 1 rings), ring relaxed x12, jump avg=0.46mm max=0.79mm
  recalc_face_normals: SKIPPED (v38, geometric only)
  geometric orientation: reversed 1920 bowl faces to face -Y, still wrong=0
  UV分配: 10710 loops, avg=(0.0793,0.0632), u=[0.0000,1.0000] v=[0.0000,1.0000]
  make_eye_cup R: boundary ring M=89 (of 1 rings), ring relaxed x12, jump avg=0.47mm max=0.87mm
  recalc_face_normals: SKIPPED (v38, geometric only)
  geometric orientation: reversed 247 bowl faces to face -Y, still wrong=0
  UV分配: 9844 loops, avg=(0.5786,0.1021), u=[0.0000,1.0000] v=[0.0000,1.0000]
  Saved: E:\WangZhen_Project\AI\ShuZiRen\Hermes\SZRYanJiu\v3_QuadRemesher_交付\01A眼窝与眼球\models\01_1_eye_socket.blend
  00:04.062  render           | Saved: 'E:\WangZhen_Project\AI\ShuZiRen\Hermes\SZRYanJiu\v3_QuadRemesher_交付\01A眼窝与眼球\screenshots\v39_norm_front.png'
  00:04.453  render           | Saved: 'E:\WangZhen_Project\AI\ShuZiRen\Hermes\SZRYanJiu\v3_QuadRemesher_交付\01A眼窝与眼球\screenshots\v39_norm_sideL.png'
  00:05.312  render           | Saved: 'E:\WangZhen_Project\AI\ShuZiRen\Hermes\SZRYanJiu\v3_QuadRemesher_交付\01A眼窝与眼球\screenshots\v39_tex_front.png'
  00:05.750  render           | Saved: 'E:\WangZhen_Project\AI\ShuZiRen\Hermes\SZRYanJiu\v3_QuadRemesher_交付\01A眼窝与眼球\screenshots\v39_tex_sideL.png'
迭代369完成

--- 迭代 370 ---
  01:27.438  render           | Saved: 'E:\WangZhen_Project\AI\ShuZiRen\Hermes\SZRYanJiu\v3_QuadRemesher_交付\01A眼窝与眼球\screenshots\01_1_eye_socket_front.png'
  01:27.563  render           | Saved: 'E:\WangZhen_Project\AI\ShuZiRen\Hermes\SZRYanJiu\v3_QuadRemesher_交付\01A眼窝与眼球\screenshots\01_1_eye_socket_side.png'
  make_eye_cup L: boundary ring M=90 (of 1 rings), ring relaxed x12, jump avg=0.46mm max=0.79mm
  recalc_face_normals: SKIPPED (v38, geometric only)
  geometric orientation: reversed 1920 bowl faces to face -Y, still wrong=0
  UV分配: 10710 loops, avg=(0.0793,0.0632), u=[0.0000,1.0000] v=[0.0000,1.0000]
  make_eye_cup R: boundary ring M=89 (of 1 rings), ring relaxed x12, jump avg=0.47mm max=0.87mm
  recalc_face_normals: SKIPPED (v38, geometric only)
  geometric orientation: reversed 247 bowl faces to face -Y, still wrong=0
  UV分配: 9844 loops, avg=(0.5786,0.1021), u=[0.0000,1.0000] v=[0.0000,1.0000]
  Saved: E:\WangZhen_Project\AI\ShuZiRen\Hermes\SZRYanJiu\v3_QuadRemesher_交付\01A眼窝与眼球\models\01_1_eye_socket.blend
  00:02.985  render           | Saved: 'E:\WangZhen_Project\AI\ShuZiRen\Hermes\SZRYanJiu\v3_QuadRemesher_交付\01A眼窝与眼球\screenshots\v39_norm_front.png'
  00:03.375  render           | Saved: 'E:\WangZhen_Project\AI\ShuZiRen\Hermes\SZRYanJiu\v3_QuadRemesher_交付\01A眼窝与眼球\screenshots\v39_norm_sideL.png'
  00:04.235  render           | Saved: 'E:\WangZhen_Project\AI\ShuZiRen\Hermes\SZRYanJiu\v3_QuadRemesher_交付\01A眼窝与眼球\screenshots\v39_tex_front.png'
  00:04.656  render           | Saved: 'E:\WangZhen_Project\AI\ShuZiRen\Hermes\SZRYanJiu\v3_QuadRemesher_交付\01A眼窝与眼球\screenshots\v39_tex_sideL.png'
迭代370完成

--- 迭代 371 ---
  01:27.328  render           | Saved: 'E:\WangZhen_Project\AI\ShuZiRen\Hermes\SZRYanJiu\v3_QuadRemesher_交付\01A眼窝与眼球\screenshots\01_1_eye_socket_front.png'
  01:27.437  render           | Saved: 'E:\WangZhen_Project\AI\ShuZiRen\Hermes\SZRYanJiu\v3_QuadRemesher_交付\01A眼窝与眼球\screenshots\01_1_eye_socket_side.png'
  make_eye_cup L: boundary ring M=90 (of 1 rings), ring relaxed x12, jump avg=0.46mm max=0.79mm
  recalc_face_normals: SKIPPED (v38, geometric only)
  geometric orientation: reversed 1920 bowl faces to face -Y, still wrong=0
  UV分配: 10710 loops, avg=(0.0793,0.0632), u=[0.0000,1.0000] v=[0.0000,1.0000]
  make_eye_cup R: boundary ring M=89 (of 1 rings), ring relaxed x12, jump avg=0.47mm max=0.87mm
  recalc_face_normals: SKIPPED (v38, geometric only)
  geometric orientation: reversed 247 bowl faces to face -Y, still wrong=0
  UV分配: 9844 loops, avg=(0.5786,0.1021), u=[0.0000,1.0000] v=[0.0000,1.0000]
  Saved: E:\WangZhen_Project\AI\ShuZiRen\Hermes\SZRYanJiu\v3_QuadRemesher_交付\01A眼窝与眼球\models\01_1_eye_socket.blend
  00:03.000  render           | Saved: 'E:\WangZhen_Project\AI\ShuZiRen\Hermes\SZRYanJiu\v3_QuadRemesher_交付\01A眼窝与眼球\screenshots\v39_norm_front.png'
  00:03.391  render           | Saved: 'E:\WangZhen_Project\AI\ShuZiRen\Hermes\SZRYanJiu\v3_QuadRemesher_交付\01A眼窝与眼球\screenshots\v39_norm_sideL.png'
  00:04.234  render           | Saved: 'E:\WangZhen_Project\AI\ShuZiRen\Hermes\SZRYanJiu\v3_QuadRemesher_交付\01A眼窝与眼球\screenshots\v39_tex_front.png'
  00:04.672  render           | Saved: 'E:\WangZhen_Project\AI\ShuZiRen\Hermes\SZRYanJiu\v3_QuadRemesher_交付\01A眼窝与眼球\screenshots\v39_tex_sideL.png'
迭代371完成

--- 迭代 372 ---
  01:27.125  render           | Saved: 'E:\WangZhen_Project\AI\ShuZiRen\Hermes\SZRYanJiu\v3_QuadRemesher_交付\01A眼窝与眼球\screenshots\01_1_eye_socket_front.png'
  01:27.281  render           | Saved: 'E:\WangZhen_Project\AI\ShuZiRen\Hermes\SZRYanJiu\v3_QuadRemesher_交付\01A眼窝与眼球\screenshots\01_1_eye_socket_side.png'
  make_eye_cup L: boundary ring M=90 (of 1 rings), ring relaxed x12, jump avg=0.46mm max=0.79mm
  recalc_face_normals: SKIPPED (v38, geometric only)
  geometric orientation: reversed 1920 bowl faces to face -Y, still wrong=0
  UV分配: 10710 loops, avg=(0.0793,0.0632), u=[0.0000,1.0000] v=[0.0000,1.0000]
  make_eye_cup R: boundary ring M=89 (of 1 rings), ring relaxed x12, jump avg=0.47mm max=0.87mm
  recalc_face_normals: SKIPPED (v38, geometric only)
  geometric orientation: reversed 247 bowl faces to face -Y, still wrong=0
  UV分配: 9844 loops, avg=(0.5786,0.1021), u=[0.0000,1.0000] v=[0.0000,1.0000]
  Saved: E:\WangZhen_Project\AI\ShuZiRen\Hermes\SZRYanJiu\v3_QuadRemesher_交付\01A眼窝与眼球\models\01_1_eye_socket.blend
  00:02.968  render           | Saved: 'E:\WangZhen_Project\AI\ShuZiRen\Hermes\SZRYanJiu\v3_QuadRemesher_交付\01A眼窝与眼球\screenshots\v39_norm_front.png'
  00:03.359  render           | Saved: 'E:\WangZhen_Project\AI\ShuZiRen\Hermes\SZRYanJiu\v3_QuadRemesher_交付\01A眼窝与眼球\screenshots\v39_norm_sideL.png'
  00:04.203  render           | Saved: 'E:\WangZhen_Project\AI\ShuZiRen\Hermes\SZRYanJiu\v3_QuadRemesher_交付\01A眼窝与眼球\screenshots\v39_tex_front.png'
  00:04.625  render           | Saved: 'E:\WangZhen_Project\AI\ShuZiRen\Hermes\SZRYanJiu\v3_QuadRemesher_交付\01A眼窝与眼球\screenshots\v39_tex_sideL.png'
迭代372完成

--- 迭代 373 ---
  01:27.172  render           | Saved: 'E:\WangZhen_Project\AI\ShuZiRen\Hermes\SZRYanJiu\v3_QuadRemesher_交付\01A眼窝与眼球\screenshots\01_1_eye_socket_front.png'
  01:27.313  render           | Saved: 'E:\WangZhen_Project\AI\ShuZiRen\Hermes\SZRYanJiu\v3_QuadRemesher_交付\01A眼窝与眼球\screenshots\01_1_eye_socket_side.png'
  make_eye_cup L: boundary ring M=90 (of 1 rings), ring relaxed x12, jump avg=0.46mm max=0.79mm
  recalc_face_normals: SKIPPED (v38, geometric only)
  geometric orientation: reversed 1920 bowl faces to face -Y, still wrong=0
  UV分配: 10710 loops, avg=(0.0793,0.0632), u=[0.0000,1.0000] v=[0.0000,1.0000]
  make_eye_cup R: boundary ring M=89 (of 1 rings), ring relaxed x12, jump avg=0.47mm max=0.87mm
  recalc_face_normals: SKIPPED (v38, geometric only)
  geometric orientation: reversed 247 bowl faces to face -Y, still wrong=0
  UV分配: 9844 loops, avg=(0.5786,0.1021), u=[0.0000,1.0000] v=[0.0000,1.0000]
  Saved: E:\WangZhen_Project\AI\ShuZiRen\Hermes\SZRYanJiu\v3_QuadRemesher_交付\01A眼窝与眼球\models\01_1_eye_socket.blend
  00:02.985  render           | Saved: 'E:\WangZhen_Project\AI\ShuZiRen\Hermes\SZRYanJiu\v3_QuadRemesher_交付\01A眼窝与眼球\screenshots\v39_norm_front.png'
  00:03.391  render           | Saved: 'E:\WangZhen_Project\AI\ShuZiRen\Hermes\SZRYanJiu\v3_QuadRemesher_交付\01A眼窝与眼球\screenshots\v39_norm_sideL.png'
  00:04.235  render           | Saved: 'E:\WangZhen_Project\AI\ShuZiRen\Hermes\SZRYanJiu\v3_QuadRemesher_交付\01A眼窝与眼球\screenshots\v39_tex_front.png'
  00:04.656  render           | Saved: 'E:\WangZhen_Project\AI\ShuZiRen\Hermes\SZRYanJiu\v3_QuadRemesher_交付\01A眼窝与眼球\screenshots\v39_tex_sideL.png'
迭代373完成

--- 迭代 374 ---
  01:27.047  render           | Saved: 'E:\WangZhen_Project\AI\ShuZiRen\Hermes\SZRYanJiu\v3_QuadRemesher_交付\01A眼窝与眼球\screenshots\01_1_eye_socket_front.png'
  01:27.172  render           | Saved: 'E:\WangZhen_Project\AI\ShuZiRen\Hermes\SZRYanJiu\v3_QuadRemesher_交付\01A眼窝与眼球\screenshots\01_1_eye_socket_side.png'
  make_eye_cup L: boundary ring M=90 (of 1 rings), ring relaxed x12, jump avg=0.46mm max=0.79mm
  recalc_face_normals: SKIPPED (v38, geometric only)
  geometric orientation: reversed 1920 bowl faces to face -Y, still wrong=0
  UV分配: 10710 loops, avg=(0.0793,0.0632), u=[0.0000,1.0000] v=[0.0000,1.0000]
  make_eye_cup R: boundary ring M=89 (of 1 rings), ring relaxed x12, jump avg=0.47mm max=0.87mm
  recalc_face_normals: SKIPPED (v38, geometric only)
  geometric orientation: reversed 247 bowl faces to face -Y, still wrong=0
  UV分配: 9844 loops, avg=(0.5786,0.1021), u=[0.0000,1.0000] v=[0.0000,1.0000]
  Saved: E:\WangZhen_Project\AI\ShuZiRen\Hermes\SZRYanJiu\v3_QuadRemesher_交付\01A眼窝与眼球\models\01_1_eye_socket.blend
  00:03.047  render           | Saved: 'E:\WangZhen_Project\AI\ShuZiRen\Hermes\SZRYanJiu\v3_QuadRemesher_交付\01A眼窝与眼球\screenshots\v39_norm_front.png'
  00:03.453  render           | Saved: 'E:\WangZhen_Project\AI\ShuZiRen\Hermes\SZRYanJiu\v3_QuadRemesher_交付\01A眼窝与眼球\screenshots\v39_norm_sideL.png'
  00:04.297  render           | Saved: 'E:\WangZhen_Project\AI\ShuZiRen\Hermes\SZRYanJiu\v3_QuadRemesher_交付\01A眼窝与眼球\screenshots\v39_tex_front.png'
  00:04.719  render           | Saved: 'E:\WangZhen_Project\AI\ShuZiRen\Hermes\SZRYanJiu\v3_QuadRemesher_交付\01A眼窝与眼球\screenshots\v39_tex_sideL.png'
迭代374完成

--- 迭代 375 ---
  01:27.110  render           | Saved: 'E:\WangZhen_Project\AI\ShuZiRen\Hermes\SZRYanJiu\v3_QuadRemesher_交付\01A眼窝与眼球\screenshots\01_1_eye_socket_front.png'
  01:27.235  render           | Saved: 'E:\WangZhen_Project\AI\ShuZiRen\Hermes\SZRYanJiu\v3_QuadRemesher_交付\01A眼窝与眼球\screenshots\01_1_eye_socket_side.png'
  make_eye_cup L: boundary ring M=90 (of 1 rings), ring relaxed x12, jump avg=0.46mm max=0.79mm
  recalc_face_normals: SKIPPED (v38, geometric only)
  geometric orientation: reversed 1920 bowl faces to face -Y, still wrong=0
  UV分配: 10710 loops, avg=(0.0793,0.0632), u=[0.0000,1.0000] v=[0.0000,1.0000]
  make_eye_cup R: boundary ring M=89 (of 1 rings), ring relaxed x12, jump avg=0.47mm max=0.87mm
  recalc_face_normals: SKIPPED (v38, geometric only)
  geometric orientation: reversed 247 bowl faces to face -Y, still wrong=0
  UV分配: 9844 loops, avg=(0.5786,0.1021), u=[0.0000,1.0000] v=[0.0000,1.0000]
  Saved: E:\WangZhen_Project\AI\ShuZiRen\Hermes\SZRYanJiu\v3_QuadRemesher_交付\01A眼窝与眼球\models\01_1_eye_socket.blend
  00:03.063  render           | Saved: 'E:\WangZhen_Project\AI\ShuZiRen\Hermes\SZRYanJiu\v3_QuadRemesher_交付\01A眼窝与眼球\screenshots\v39_norm_front.png'
  00:03.453  render           | Saved: 'E:\WangZhen_Project\AI\ShuZiRen\Hermes\SZRYanJiu\v3_QuadRemesher_交付\01A眼窝与眼球\screenshots\v39_norm_sideL.png'
  00:04.297  render           | Saved: 'E:\WangZhen_Project\AI\ShuZiRen\Hermes\SZRYanJiu\v3_QuadRemesher_交付\01A眼窝与眼球\screenshots\v39_tex_front.png'
  00:04.719  render           | Saved: 'E:\WangZhen_Project\AI\ShuZiRen\Hermes\SZRYanJiu\v3_QuadRemesher_交付\01A眼窝与眼球\screenshots\v39_tex_sideL.png'
迭代375完成

--- 迭代 376 ---
  01:27.281  render           | Saved: 'E:\WangZhen_Project\AI\ShuZiRen\Hermes\SZRYanJiu\v3_QuadRemesher_交付\01A眼窝与眼球\screenshots\01_1_eye_socket_front.png'
  01:27.406  render           | Saved: 'E:\WangZhen_Project\AI\ShuZiRen\Hermes\SZRYanJiu\v3_QuadRemesher_交付\01A眼窝与眼球\screenshots\01_1_eye_socket_side.png'
  make_eye_cup L: boundary ring M=90 (of 1 rings), ring relaxed x12, jump avg=0.46mm max=0.79mm
  recalc_face_normals: SKIPPED (v38, geometric only)
  geometric orientation: reversed 1920 bowl faces to face -Y, still wrong=0
  UV分配: 10710 loops, avg=(0.0793,0.0632), u=[0.0000,1.0000] v=[0.0000,1.0000]
  make_eye_cup R: boundary ring M=89 (of 1 rings), ring relaxed x12, jump avg=0.47mm max=0.87mm
  recalc_face_normals: SKIPPED (v38, geometric only)
  geometric orientation: reversed 247 bowl faces to face -Y, still wrong=0
  UV分配: 9844 loops, avg=(0.5786,0.1021), u=[0.0000,1.0000] v=[0.0000,1.0000]
  Saved: E:\WangZhen_Project\AI\ShuZiRen\Hermes\SZRYanJiu\v3_QuadRemesher_交付\01A眼窝与眼球\models\01_1_eye_socket.blend
  00:02.953  render           | Saved: 'E:\WangZhen_Project\AI\ShuZiRen\Hermes\SZRYanJiu\v3_QuadRemesher_交付\01A眼窝与眼球\screenshots\v39_norm_front.png'
  00:03.344  render           | Saved: 'E:\WangZhen_Project\AI\ShuZiRen\Hermes\SZRYanJiu\v3_QuadRemesher_交付\01A眼窝与眼球\screenshots\v39_norm_sideL.png'
  00:04.219  render           | Saved: 'E:\WangZhen_Project\AI\ShuZiRen\Hermes\SZRYanJiu\v3_QuadRemesher_交付\01A眼窝与眼球\screenshots\v39_tex_front.png'
  00:04.625  render           | Saved: 'E:\WangZhen_Project\AI\ShuZiRen\Hermes\SZRYanJiu\v3_QuadRemesher_交付\01A眼窝与眼球\screenshots\v39_tex_sideL.png'
迭代376完成

--- 迭代 377 ---
  01:27.031  render           | Saved: 'E:\WangZhen_Project\AI\ShuZiRen\Hermes\SZRYanJiu\v3_QuadRemesher_交付\01A眼窝与眼球\screenshots\01_1_eye_socket_front.png'
  01:27.171  render           | Saved: 'E:\WangZhen_Project\AI\ShuZiRen\Hermes\SZRYanJiu\v3_QuadRemesher_交付\01A眼窝与眼球\screenshots\01_1_eye_socket_side.png'
  make_eye_cup L: boundary ring M=90 (of 1 rings), ring relaxed x12, jump avg=0.46mm max=0.79mm
  recalc_face_normals: SKIPPED (v38, geometric only)
  geometric orientation: reversed 1920 bowl faces to face -Y, still wrong=0
  UV分配: 10710 loops, avg=(0.0793,0.0632), u=[0.0000,1.0000] v=[0.0000,1.0000]
  make_eye_cup R: boundary ring M=89 (of 1 rings), ring relaxed x12, jump avg=0.47mm max=0.87mm
  recalc_face_normals: SKIPPED (v38, geometric only)
  geometric orientation: reversed 247 bowl faces to face -Y, still wrong=0
  UV分配: 9844 loops, avg=(0.5786,0.1021), u=[0.0000,1.0000] v=[0.0000,1.0000]
  Saved: E:\WangZhen_Project\AI\ShuZiRen\Hermes\SZRYanJiu\v3_QuadRemesher_交付\01A眼窝与眼球\models\01_1_eye_socket.blend
  00:02.985  render           | Saved: 'E:\WangZhen_Project\AI\ShuZiRen\Hermes\SZRYanJiu\v3_QuadRemesher_交付\01A眼窝与眼球\screenshots\v39_norm_front.png'
  00:03.391  render           | Saved: 'E:\WangZhen_Project\AI\ShuZiRen\Hermes\SZRYanJiu\v3_QuadRemesher_交付\01A眼窝与眼球\screenshots\v39_norm_sideL.png'
  00:04.235  render           | Saved: 'E:\WangZhen_Project\AI\ShuZiRen\Hermes\SZRYanJiu\v3_QuadRemesher_交付\01A眼窝与眼球\screenshots\v39_tex_front.png'
  00:04.657  render           | Saved: 'E:\WangZhen_Project\AI\ShuZiRen\Hermes\SZRYanJiu\v3_QuadRemesher_交付\01A眼窝与眼球\screenshots\v39_tex_sideL.png'
迭代377完成

--- 迭代 378 ---
  01:27.328  render           | Saved: 'E:\WangZhen_Project\AI\ShuZiRen\Hermes\SZRYanJiu\v3_QuadRemesher_交付\01A眼窝与眼球\screenshots\01_1_eye_socket_front.png'
  01:27.453  render           | Saved: 'E:\WangZhen_Project\AI\ShuZiRen\Hermes\SZRYanJiu\v3_QuadRemesher_交付\01A眼窝与眼球\screenshots\01_1_eye_socket_side.png'
  make_eye_cup L: boundary ring M=90 (of 1 rings), ring relaxed x12, jump avg=0.46mm max=0.79mm
  recalc_face_normals: SKIPPED (v38, geometric only)
  geometric orientation: reversed 1920 bowl faces to face -Y, still wrong=0
  UV分配: 10710 loops, avg=(0.0793,0.0632), u=[0.0000,1.0000] v=[0.0000,1.0000]
  make_eye_cup R: boundary ring M=89 (of 1 rings), ring relaxed x12, jump avg=0.47mm max=0.87mm
  recalc_face_normals: SKIPPED (v38, geometric only)
  geometric orientation: reversed 247 bowl faces to face -Y, still wrong=0
  UV分配: 9844 loops, avg=(0.5786,0.1021), u=[0.0000,1.0000] v=[0.0000,1.0000]
  Saved: E:\WangZhen_Project\AI\ShuZiRen\Hermes\SZRYanJiu\v3_QuadRemesher_交付\01A眼窝与眼球\models\01_1_eye_socket.blend
  00:03.015  render           | Saved: 'E:\WangZhen_Project\AI\ShuZiRen\Hermes\SZRYanJiu\v3_QuadRemesher_交付\01A眼窝与眼球\screenshots\v39_norm_front.png'
  00:03.421  render           | Saved: 'E:\WangZhen_Project\AI\ShuZiRen\Hermes\SZRYanJiu\v3_QuadRemesher_交付\01A眼窝与眼球\screenshots\v39_norm_sideL.png'
  00:04.281  render           | Saved: 'E:\WangZhen_Project\AI\ShuZiRen\Hermes\SZRYanJiu\v3_QuadRemesher_交付\01A眼窝与眼球\screenshots\v39_tex_front.png'
  00:04.703  render           | Saved: 'E:\WangZhen_Project\AI\ShuZiRen\Hermes\SZRYanJiu\v3_QuadRemesher_交付\01A眼窝与眼球\screenshots\v39_tex_sideL.png'
迭代378完成

--- 迭代 379 ---
  01:27.218  render           | Saved: 'E:\WangZhen_Project\AI\ShuZiRen\Hermes\SZRYanJiu\v3_QuadRemesher_交付\01A眼窝与眼球\screenshots\01_1_eye_socket_front.png'
  01:27.343  render           | Saved: 'E:\WangZhen_Project\AI\ShuZiRen\Hermes\SZRYanJiu\v3_QuadRemesher_交付\01A眼窝与眼球\screenshots\01_1_eye_socket_side.png'
  make_eye_cup L: boundary ring M=90 (of 1 rings), ring relaxed x12, jump avg=0.46mm max=0.79mm
  recalc_face_normals: SKIPPED (v38, geometric only)
  geometric orientation: reversed 1920 bowl faces to face -Y, still wrong=0
  UV分配: 10710 loops, avg=(0.0793,0.0632), u=[0.0000,1.0000] v=[0.0000,1.0000]
  make_eye_cup R: boundary ring M=89 (of 1 rings), ring relaxed x12, jump avg=0.47mm max=0.87mm
  recalc_face_normals: SKIPPED (v38, geometric only)
  geometric orientation: reversed 247 bowl faces to face -Y, still wrong=0
  UV分配: 9844 loops, avg=(0.5786,0.1021), u=[0.0000,1.0000] v=[0.0000,1.0000]
  Saved: E:\WangZhen_Project\AI\ShuZiRen\Hermes\SZRYanJiu\v3_QuadRemesher_交付\01A眼窝与眼球\models\01_1_eye_socket.blend
  00:02.985  render           | Saved: 'E:\WangZhen_Project\AI\ShuZiRen\Hermes\SZRYanJiu\v3_QuadRemesher_交付\01A眼窝与眼球\screenshots\v39_norm_front.png'
  00:03.375  render           | Saved: 'E:\WangZhen_Project\AI\ShuZiRen\Hermes\SZRYanJiu\v3_QuadRemesher_交付\01A眼窝与眼球\screenshots\v39_norm_sideL.png'
  00:04.250  render           | Saved: 'E:\WangZhen_Project\AI\ShuZiRen\Hermes\SZRYanJiu\v3_QuadRemesher_交付\01A眼窝与眼球\screenshots\v39_tex_front.png'
  00:04.657  render           | Saved: 'E:\WangZhen_Project\AI\ShuZiRen\Hermes\SZRYanJiu\v3_QuadRemesher_交付\01A眼窝与眼球\screenshots\v39_tex_sideL.png'
迭代379完成

--- 迭代 380 ---
  01:27.281  render           | Saved: 'E:\WangZhen_Project\AI\ShuZiRen\Hermes\SZRYanJiu\v3_QuadRemesher_交付\01A眼窝与眼球\screenshots\01_1_eye_socket_front.png'
  01:27.422  render           | Saved: 'E:\WangZhen_Project\AI\ShuZiRen\Hermes\SZRYanJiu\v3_QuadRemesher_交付\01A眼窝与眼球\screenshots\01_1_eye_socket_side.png'
  make_eye_cup L: boundary ring M=90 (of 1 rings), ring relaxed x12, jump avg=0.46mm max=0.79mm
  recalc_face_normals: SKIPPED (v38, geometric only)
  geometric orientation: reversed 1920 bowl faces to face -Y, still wrong=0
  UV分配: 10710 loops, avg=(0.0793,0.0632), u=[0.0000,1.0000] v=[0.0000,1.0000]
  make_eye_cup R: boundary ring M=89 (of 1 rings), ring relaxed x12, jump avg=0.47mm max=0.87mm
  recalc_face_normals: SKIPPED (v38, geometric only)
  geometric orientation: reversed 247 bowl faces to face -Y, still wrong=0
  UV分配: 9844 loops, avg=(0.5786,0.1021), u=[0.0000,1.0000] v=[0.0000,1.0000]
  Saved: E:\WangZhen_Project\AI\ShuZiRen\Hermes\SZRYanJiu\v3_QuadRemesher_交付\01A眼窝与眼球\models\01_1_eye_socket.blend
  00:02.968  render           | Saved: 'E:\WangZhen_Project\AI\ShuZiRen\Hermes\SZRYanJiu\v3_QuadRemesher_交付\01A眼窝与眼球\screenshots\v39_norm_front.png'
  00:03.375  render           | Saved: 'E:\WangZhen_Project\AI\ShuZiRen\Hermes\SZRYanJiu\v3_QuadRemesher_交付\01A眼窝与眼球\screenshots\v39_norm_sideL.png'
  00:04.218  render           | Saved: 'E:\WangZhen_Project\AI\ShuZiRen\Hermes\SZRYanJiu\v3_QuadRemesher_交付\01A眼窝与眼球\screenshots\v39_tex_front.png'
  00:04.640  render           | Saved: 'E:\WangZhen_Project\AI\ShuZiRen\Hermes\SZRYanJiu\v3_QuadRemesher_交付\01A眼窝与眼球\screenshots\v39_tex_sideL.png'
迭代380完成

--- 迭代 381 ---
  01:27.203  render           | Saved: 'E:\WangZhen_Project\AI\ShuZiRen\Hermes\SZRYanJiu\v3_QuadRemesher_交付\01A眼窝与眼球\screenshots\01_1_eye_socket_front.png'
  01:27.328  render           | Saved: 'E:\WangZhen_Project\AI\ShuZiRen\Hermes\SZRYanJiu\v3_QuadRemesher_交付\01A眼窝与眼球\screenshots\01_1_eye_socket_side.png'
  make_eye_cup L: boundary ring M=90 (of 1 rings), ring relaxed x12, jump avg=0.46mm max=0.79mm
  recalc_face_normals: SKIPPED (v38, geometric only)
  geometric orientation: reversed 1920 bowl faces to face -Y, still wrong=0
  UV分配: 10710 loops, avg=(0.0793,0.0632), u=[0.0000,1.0000] v=[0.0000,1.0000]
  make_eye_cup R: boundary ring M=89 (of 1 rings), ring relaxed x12, jump avg=0.47mm max=0.87mm
  recalc_face_normals: SKIPPED (v38, geometric only)
  geometric orientation: reversed 247 bowl faces to face -Y, still wrong=0
  UV分配: 9844 loops, avg=(0.5786,0.1021), u=[0.0000,1.0000] v=[0.0000,1.0000]
  Saved: E:\WangZhen_Project\AI\ShuZiRen\Hermes\SZRYanJiu\v3_QuadRemesher_交付\01A眼窝与眼球\models\01_1_eye_socket.blend
  00:03.000  render           | Saved: 'E:\WangZhen_Project\AI\ShuZiRen\Hermes\SZRYanJiu\v3_QuadRemesher_交付\01A眼窝与眼球\screenshots\v39_norm_front.png'
  00:03.390  render           | Saved: 'E:\WangZhen_Project\AI\ShuZiRen\Hermes\SZRYanJiu\v3_QuadRemesher_交付\01A眼窝与眼球\screenshots\v39_norm_sideL.png'
  00:04.234  render           | Saved: 'E:\WangZhen_Project\AI\ShuZiRen\Hermes\SZRYanJiu\v3_QuadRemesher_交付\01A眼窝与眼球\screenshots\v39_tex_front.png'
  00:04.656  render           | Saved: 'E:\WangZhen_Project\AI\ShuZiRen\Hermes\SZRYanJiu\v3_QuadRemesher_交付\01A眼窝与眼球\screenshots\v39_tex_sideL.png'
迭代381完成

--- 迭代 382 ---
  01:27.219  render           | Saved: 'E:\WangZhen_Project\AI\ShuZiRen\Hermes\SZRYanJiu\v3_QuadRemesher_交付\01A眼窝与眼球\screenshots\01_1_eye_socket_front.png'
  01:27.344  render           | Saved: 'E:\WangZhen_Project\AI\ShuZiRen\Hermes\SZRYanJiu\v3_QuadRemesher_交付\01A眼窝与眼球\screenshots\01_1_eye_socket_side.png'
  make_eye_cup L: boundary ring M=90 (of 1 rings), ring relaxed x12, jump avg=0.46mm max=0.79mm
  recalc_face_normals: SKIPPED (v38, geometric only)
  geometric orientation: reversed 1920 bowl faces to face -Y, still wrong=0
  UV分配: 10710 loops, avg=(0.0793,0.0632), u=[0.0000,1.0000] v=[0.0000,1.0000]
  make_eye_cup R: boundary ring M=89 (of 1 rings), ring relaxed x12, jump avg=0.47mm max=0.87mm
  recalc_face_normals: SKIPPED (v38, geometric only)
  geometric orientation: reversed 247 bowl faces to face -Y, still wrong=0
  UV分配: 9844 loops, avg=(0.5786,0.1021), u=[0.0000,1.0000] v=[0.0000,1.0000]
  Saved: E:\WangZhen_Project\AI\ShuZiRen\Hermes\SZRYanJiu\v3_QuadRemesher_交付\01A眼窝与眼球\models\01_1_eye_socket.blend
  00:03.047  render           | Saved: 'E:\WangZhen_Project\AI\ShuZiRen\Hermes\SZRYanJiu\v3_QuadRemesher_交付\01A眼窝与眼球\screenshots\v39_norm_front.png'
  00:03.453  render           | Saved: 'E:\WangZhen_Project\AI\ShuZiRen\Hermes\SZRYanJiu\v3_QuadRemesher_交付\01A眼窝与眼球\screenshots\v39_norm_sideL.png'
  00:04.297  render           | Saved: 'E:\WangZhen_Project\AI\ShuZiRen\Hermes\SZRYanJiu\v3_QuadRemesher_交付\01A眼窝与眼球\screenshots\v39_tex_front.png'
  00:04.703  render           | Saved: 'E:\WangZhen_Project\AI\ShuZiRen\Hermes\SZRYanJiu\v3_QuadRemesher_交付\01A眼窝与眼球\screenshots\v39_tex_sideL.png'
迭代382完成

--- 迭代 383 ---
  01:27.016  render           | Saved: 'E:\WangZhen_Project\AI\ShuZiRen\Hermes\SZRYanJiu\v3_QuadRemesher_交付\01A眼窝与眼球\screenshots\01_1_eye_socket_front.png'
  01:27.141  render           | Saved: 'E:\WangZhen_Project\AI\ShuZiRen\Hermes\SZRYanJiu\v3_QuadRemesher_交付\01A眼窝与眼球\screenshots\01_1_eye_socket_side.png'
  make_eye_cup L: boundary ring M=90 (of 1 rings), ring relaxed x12, jump avg=0.46mm max=0.79mm
  recalc_face_normals: SKIPPED (v38, geometric only)
  geometric orientation: reversed 1920 bowl faces to face -Y, still wrong=0
  UV分配: 10710 loops, avg=(0.0793,0.0632), u=[0.0000,1.0000] v=[0.0000,1.0000]
  make_eye_cup R: boundary ring M=89 (of 1 rings), ring relaxed x12, jump avg=0.47mm max=0.87mm
  recalc_face_normals: SKIPPED (v38, geometric only)
  geometric orientation: reversed 247 bowl faces to face -Y, still wrong=0
  UV分配: 9844 loops, avg=(0.5786,0.1021), u=[0.0000,1.0000] v=[0.0000,1.0000]
  Saved: E:\WangZhen_Project\AI\ShuZiRen\Hermes\SZRYanJiu\v3_QuadRemesher_交付\01A眼窝与眼球\models\01_1_eye_socket.blend
  00:02.984  render           | Saved: 'E:\WangZhen_Project\AI\ShuZiRen\Hermes\SZRYanJiu\v3_QuadRemesher_交付\01A眼窝与眼球\screenshots\v39_norm_front.png'
  00:03.375  render           | Saved: 'E:\WangZhen_Project\AI\ShuZiRen\Hermes\SZRYanJiu\v3_QuadRemesher_交付\01A眼窝与眼球\screenshots\v39_norm_sideL.png'
  00:04.234  render           | Saved: 'E:\WangZhen_Project\AI\ShuZiRen\Hermes\SZRYanJiu\v3_QuadRemesher_交付\01A眼窝与眼球\screenshots\v39_tex_front.png'
  00:04.656  render           | Saved: 'E:\WangZhen_Project\AI\ShuZiRen\Hermes\SZRYanJiu\v3_QuadRemesher_交付\01A眼窝与眼球\screenshots\v39_tex_sideL.png'
迭代383完成

--- 迭代 384 ---
  01:27.203  render           | Saved: 'E:\WangZhen_Project\AI\ShuZiRen\Hermes\SZRYanJiu\v3_QuadRemesher_交付\01A眼窝与眼球\screenshots\01_1_eye_socket_front.png'
  01:27.328  render           | Saved: 'E:\WangZhen_Project\AI\ShuZiRen\Hermes\SZRYanJiu\v3_QuadRemesher_交付\01A眼窝与眼球\screenshots\01_1_eye_socket_side.png'
  make_eye_cup L: boundary ring M=90 (of 1 rings), ring relaxed x12, jump avg=0.46mm max=0.79mm
  recalc_face_normals: SKIPPED (v38, geometric only)
  geometric orientation: reversed 1920 bowl faces to face -Y, still wrong=0
  UV分配: 10710 loops, avg=(0.0793,0.0632), u=[0.0000,1.0000] v=[0.0000,1.0000]
  make_eye_cup R: boundary ring M=89 (of 1 rings), ring relaxed x12, jump avg=0.47mm max=0.87mm
  recalc_face_normals: SKIPPED (v38, geometric only)
  geometric orientation: reversed 247 bowl faces to face -Y, still wrong=0
  UV分配: 9844 loops, avg=(0.5786,0.1021), u=[0.0000,1.0000] v=[0.0000,1.0000]
  Saved: E:\WangZhen_Project\AI\ShuZiRen\Hermes\SZRYanJiu\v3_QuadRemesher_交付\01A眼窝与眼球\models\01_1_eye_socket.blend
  00:02.984  render           | Saved: 'E:\WangZhen_Project\AI\ShuZiRen\Hermes\SZRYanJiu\v3_QuadRemesher_交付\01A眼窝与眼球\screenshots\v39_norm_front.png'
  00:03.390  render           | Saved: 'E:\WangZhen_Project\AI\ShuZiRen\Hermes\SZRYanJiu\v3_QuadRemesher_交付\01A眼窝与眼球\screenshots\v39_norm_sideL.png'
  00:04.250  render           | Saved: 'E:\WangZhen_Project\AI\ShuZiRen\Hermes\SZRYanJiu\v3_QuadRemesher_交付\01A眼窝与眼球\screenshots\v39_tex_front.png'
  00:04.656  render           | Saved: 'E:\WangZhen_Project\AI\ShuZiRen\Hermes\SZRYanJiu\v3_QuadRemesher_交付\01A眼窝与眼球\screenshots\v39_tex_sideL.png'
迭代384完成

--- 迭代 385 ---
  01:26.922  render           | Saved: 'E:\WangZhen_Project\AI\ShuZiRen\Hermes\SZRYanJiu\v3_QuadRemesher_交付\01A眼窝与眼球\screenshots\01_1_eye_socket_front.png'
  01:27.063  render           | Saved: 'E:\WangZhen_Project\AI\ShuZiRen\Hermes\SZRYanJiu\v3_QuadRemesher_交付\01A眼窝与眼球\screenshots\01_1_eye_socket_side.png'
  make_eye_cup L: boundary ring M=90 (of 1 rings), ring relaxed x12, jump avg=0.46mm max=0.79mm
  recalc_face_normals: SKIPPED (v38, geometric only)
  geometric orientation: reversed 1920 bowl faces to face -Y, still wrong=0
  UV分配: 10710 loops, avg=(0.0793,0.0632), u=[0.0000,1.0000] v=[0.0000,1.0000]
  make_eye_cup R: boundary ring M=89 (of 1 rings), ring relaxed x12, jump avg=0.47mm max=0.87mm
  recalc_face_normals: SKIPPED (v38, geometric only)
  geometric orientation: reversed 247 bowl faces to face -Y, still wrong=0
  UV分配: 9844 loops, avg=(0.5786,0.1021), u=[0.0000,1.0000] v=[0.0000,1.0000]
  Saved: E:\WangZhen_Project\AI\ShuZiRen\Hermes\SZRYanJiu\v3_QuadRemesher_交付\01A眼窝与眼球\models\01_1_eye_socket.blend
  00:02.969  render           | Saved: 'E:\WangZhen_Project\AI\ShuZiRen\Hermes\SZRYanJiu\v3_QuadRemesher_交付\01A眼窝与眼球\screenshots\v39_norm_front.png'
  00:03.344  render           | Saved: 'E:\WangZhen_Project\AI\ShuZiRen\Hermes\SZRYanJiu\v3_QuadRemesher_交付\01A眼窝与眼球\screenshots\v39_norm_sideL.png'
  00:04.203  render           | Saved: 'E:\WangZhen_Project\AI\ShuZiRen\Hermes\SZRYanJiu\v3_QuadRemesher_交付\01A眼窝与眼球\screenshots\v39_tex_front.png'
  00:04.625  render           | Saved: 'E:\WangZhen_Project\AI\ShuZiRen\Hermes\SZRYanJiu\v3_QuadRemesher_交付\01A眼窝与眼球\screenshots\v39_tex_sideL.png'
迭代385完成

--- 迭代 386 ---
  01:27.265  render           | Saved: 'E:\WangZhen_Project\AI\ShuZiRen\Hermes\SZRYanJiu\v3_QuadRemesher_交付\01A眼窝与眼球\screenshots\01_1_eye_socket_front.png'
  01:27.390  render           | Saved: 'E:\WangZhen_Project\AI\ShuZiRen\Hermes\SZRYanJiu\v3_QuadRemesher_交付\01A眼窝与眼球\screenshots\01_1_eye_socket_side.png'
  make_eye_cup L: boundary ring M=90 (of 1 rings), ring relaxed x12, jump avg=0.46mm max=0.79mm
  recalc_face_normals: SKIPPED (v38, geometric only)
  geometric orientation: reversed 1920 bowl faces to face -Y, still wrong=0
  UV分配: 10710 loops, avg=(0.0793,0.0632), u=[0.0000,1.0000] v=[0.0000,1.0000]
  make_eye_cup R: boundary ring M=89 (of 1 rings), ring relaxed x12, jump avg=0.47mm max=0.87mm
  recalc_face_normals: SKIPPED (v38, geometric only)
  geometric orientation: reversed 247 bowl faces to face -Y, still wrong=0
  UV分配: 9844 loops, avg=(0.5786,0.1021), u=[0.0000,1.0000] v=[0.0000,1.0000]
  Saved: E:\WangZhen_Project\AI\ShuZiRen\Hermes\SZRYanJiu\v3_QuadRemesher_交付\01A眼窝与眼球\models\01_1_eye_socket.blend
  00:03.000  render           | Saved: 'E:\WangZhen_Project\AI\ShuZiRen\Hermes\SZRYanJiu\v3_QuadRemesher_交付\01A眼窝与眼球\screenshots\v39_norm_front.png'
  00:03.391  render           | Saved: 'E:\WangZhen_Project\AI\ShuZiRen\Hermes\SZRYanJiu\v3_QuadRemesher_交付\01A眼窝与眼球\screenshots\v39_norm_sideL.png'
  00:04.250  render           | Saved: 'E:\WangZhen_Project\AI\ShuZiRen\Hermes\SZRYanJiu\v3_QuadRemesher_交付\01A眼窝与眼球\screenshots\v39_tex_front.png'
  00:04.672  render           | Saved: 'E:\WangZhen_Project\AI\ShuZiRen\Hermes\SZRYanJiu\v3_QuadRemesher_交付\01A眼窝与眼球\screenshots\v39_tex_sideL.png'
迭代386完成

--- 迭代 387 ---
  01:27.109  render           | Saved: 'E:\WangZhen_Project\AI\ShuZiRen\Hermes\SZRYanJiu\v3_QuadRemesher_交付\01A眼窝与眼球\screenshots\01_1_eye_socket_front.png'
  01:27.234  render           | Saved: 'E:\WangZhen_Project\AI\ShuZiRen\Hermes\SZRYanJiu\v3_QuadRemesher_交付\01A眼窝与眼球\screenshots\01_1_eye_socket_side.png'
  make_eye_cup L: boundary ring M=90 (of 1 rings), ring relaxed x12, jump avg=0.46mm max=0.79mm
  recalc_face_normals: SKIPPED (v38, geometric only)
  geometric orientation: reversed 1920 bowl faces to face -Y, still wrong=0
  UV分配: 10710 loops, avg=(0.0793,0.0632), u=[0.0000,1.0000] v=[0.0000,1.0000]
  make_eye_cup R: boundary ring M=89 (of 1 rings), ring relaxed x12, jump avg=0.47mm max=0.87mm
  recalc_face_normals: SKIPPED (v38, geometric only)
  geometric orientation: reversed 247 bowl faces to face -Y, still wrong=0
  UV分配: 9844 loops, avg=(0.5786,0.1021), u=[0.0000,1.0000] v=[0.0000,1.0000]
  Saved: E:\WangZhen_Project\AI\ShuZiRen\Hermes\SZRYanJiu\v3_QuadRemesher_交付\01A眼窝与眼球\models\01_1_eye_socket.blend
  00:02.969  render           | Saved: 'E:\WangZhen_Project\AI\ShuZiRen\Hermes\SZRYanJiu\v3_QuadRemesher_交付\01A眼窝与眼球\screenshots\v39_norm_front.png'
  00:03.359  render           | Saved: 'E:\WangZhen_Project\AI\ShuZiRen\Hermes\SZRYanJiu\v3_QuadRemesher_交付\01A眼窝与眼球\screenshots\v39_norm_sideL.png'
  00:04.234  render           | Saved: 'E:\WangZhen_Project\AI\ShuZiRen\Hermes\SZRYanJiu\v3_QuadRemesher_交付\01A眼窝与眼球\screenshots\v39_tex_front.png'
  00:04.656  render           | Saved: 'E:\WangZhen_Project\AI\ShuZiRen\Hermes\SZRYanJiu\v3_QuadRemesher_交付\01A眼窝与眼球\screenshots\v39_tex_sideL.png'
迭代387完成

--- 迭代 388 ---
  01:28.985  render           | Saved: 'E:\WangZhen_Project\AI\ShuZiRen\Hermes\SZRYanJiu\v3_QuadRemesher_交付\01A眼窝与眼球\screenshots\01_1_eye_socket_front.png'
  01:29.110  render           | Saved: 'E:\WangZhen_Project\AI\ShuZiRen\Hermes\SZRYanJiu\v3_QuadRemesher_交付\01A眼窝与眼球\screenshots\01_1_eye_socket_side.png'
  make_eye_cup L: boundary ring M=90 (of 1 rings), ring relaxed x12, jump avg=0.46mm max=0.79mm
  recalc_face_normals: SKIPPED (v38, geometric only)
  geometric orientation: reversed 1920 bowl faces to face -Y, still wrong=0
  UV分配: 10710 loops, avg=(0.0793,0.0632), u=[0.0000,1.0000] v=[0.0000,1.0000]
  make_eye_cup R: boundary ring M=89 (of 1 rings), ring relaxed x12, jump avg=0.47mm max=0.87mm
  recalc_face_normals: SKIPPED (v38, geometric only)
  geometric orientation: reversed 247 bowl faces to face -Y, still wrong=0
  UV分配: 9844 loops, avg=(0.5786,0.1021), u=[0.0000,1.0000] v=[0.0000,1.0000]
  Saved: E:\WangZhen_Project\AI\ShuZiRen\Hermes\SZRYanJiu\v3_QuadRemesher_交付\01A眼窝与眼球\models\01_1_eye_socket.blend
  00:02.954  render           | Saved: 'E:\WangZhen_Project\AI\ShuZiRen\Hermes\SZRYanJiu\v3_QuadRemesher_交付\01A眼窝与眼球\screenshots\v39_norm_front.png'
  00:03.360  render           | Saved: 'E:\WangZhen_Project\AI\ShuZiRen\Hermes\SZRYanJiu\v3_QuadRemesher_交付\01A眼窝与眼球\screenshots\v39_norm_sideL.png'
  00:04.219  render           | Saved: 'E:\WangZhen_Project\AI\ShuZiRen\Hermes\SZRYanJiu\v3_QuadRemesher_交付\01A眼窝与眼球\screenshots\v39_tex_front.png'
  00:04.641  render           | Saved: 'E:\WangZhen_Project\AI\ShuZiRen\Hermes\SZRYanJiu\v3_QuadRemesher_交付\01A眼窝与眼球\screenshots\v39_tex_sideL.png'
迭代388完成

--- 迭代 389 ---
  01:27.250  render           | Saved: 'E:\WangZhen_Project\AI\ShuZiRen\Hermes\SZRYanJiu\v3_QuadRemesher_交付\01A眼窝与眼球\screenshots\01_1_eye_socket_front.png'
  01:27.375  render           | Saved: 'E:\WangZhen_Project\AI\ShuZiRen\Hermes\SZRYanJiu\v3_QuadRemesher_交付\01A眼窝与眼球\screenshots\01_1_eye_socket_side.png'
  make_eye_cup L: boundary ring M=90 (of 1 rings), ring relaxed x12, jump avg=0.46mm max=0.79mm
  recalc_face_normals: SKIPPED (v38, geometric only)
  geometric orientation: reversed 1920 bowl faces to face -Y, still wrong=0
  UV分配: 10710 loops, avg=(0.0793,0.0632), u=[0.0000,1.0000] v=[0.0000,1.0000]
  make_eye_cup R: boundary ring M=89 (of 1 rings), ring relaxed x12, jump avg=0.47mm max=0.87mm
  recalc_face_normals: SKIPPED (v38, geometric only)
  geometric orientation: reversed 247 bowl faces to face -Y, still wrong=0
  UV分配: 9844 loops, avg=(0.5786,0.1021), u=[0.0000,1.0000] v=[0.0000,1.0000]
  Saved: E:\WangZhen_Project\AI\ShuZiRen\Hermes\SZRYanJiu\v3_QuadRemesher_交付\01A眼窝与眼球\models\01_1_eye_socket.blend
  00:03.047  render           | Saved: 'E:\WangZhen_Project\AI\ShuZiRen\Hermes\SZRYanJiu\v3_QuadRemesher_交付\01A眼窝与眼球\screenshots\v39_norm_front.png'
  00:03.437  render           | Saved: 'E:\WangZhen_Project\AI\ShuZiRen\Hermes\SZRYanJiu\v3_QuadRemesher_交付\01A眼窝与眼球\screenshots\v39_norm_sideL.png'
  00:04.297  render           | Saved: 'E:\WangZhen_Project\AI\ShuZiRen\Hermes\SZRYanJiu\v3_QuadRemesher_交付\01A眼窝与眼球\screenshots\v39_tex_front.png'
  00:04.719  render           | Saved: 'E:\WangZhen_Project\AI\ShuZiRen\Hermes\SZRYanJiu\v3_QuadRemesher_交付\01A眼窝与眼球\screenshots\v39_tex_sideL.png'
迭代389完成

--- 迭代 390 ---
  01:27.469  render           | Saved: 'E:\WangZhen_Project\AI\ShuZiRen\Hermes\SZRYanJiu\v3_QuadRemesher_交付\01A眼窝与眼球\screenshots\01_1_eye_socket_front.png'
  01:27.594  render           | Saved: 'E:\WangZhen_Project\AI\ShuZiRen\Hermes\SZRYanJiu\v3_QuadRemesher_交付\01A眼窝与眼球\screenshots\01_1_eye_socket_side.png'
  make_eye_cup L: boundary ring M=90 (of 1 rings), ring relaxed x12, jump avg=0.46mm max=0.79mm
  recalc_face_normals: SKIPPED (v38, geometric only)
  geometric orientation: reversed 1920 bowl faces to face -Y, still wrong=0
  UV分配: 10710 loops, avg=(0.0793,0.0632), u=[0.0000,1.0000] v=[0.0000,1.0000]
  make_eye_cup R: boundary ring M=89 (of 1 rings), ring relaxed x12, jump avg=0.47mm max=0.87mm
  recalc_face_normals: SKIPPED (v38, geometric only)
  geometric orientation: reversed 247 bowl faces to face -Y, still wrong=0
  UV分配: 9844 loops, avg=(0.5786,0.1021), u=[0.0000,1.0000] v=[0.0000,1.0000]
  Saved: E:\WangZhen_Project\AI\ShuZiRen\Hermes\SZRYanJiu\v3_QuadRemesher_交付\01A眼窝与眼球\models\01_1_eye_socket.blend
  00:03.000  render           | Saved: 'E:\WangZhen_Project\AI\ShuZiRen\Hermes\SZRYanJiu\v3_QuadRemesher_交付\01A眼窝与眼球\screenshots\v39_norm_front.png'
  00:03.406  render           | Saved: 'E:\WangZhen_Project\AI\ShuZiRen\Hermes\SZRYanJiu\v3_QuadRemesher_交付\01A眼窝与眼球\screenshots\v39_norm_sideL.png'
  00:04.250  render           | Saved: 'E:\WangZhen_Project\AI\ShuZiRen\Hermes\SZRYanJiu\v3_QuadRemesher_交付\01A眼窝与眼球\screenshots\v39_tex_front.png'
  00:04.672  render           | Saved: 'E:\WangZhen_Project\AI\ShuZiRen\Hermes\SZRYanJiu\v3_QuadRemesher_交付\01A眼窝与眼球\screenshots\v39_tex_sideL.png'
迭代390完成

--- 迭代 391 ---
  01:27.375  render           | Saved: 'E:\WangZhen_Project\AI\ShuZiRen\Hermes\SZRYanJiu\v3_QuadRemesher_交付\01A眼窝与眼球\screenshots\01_1_eye_socket_front.png'
  01:27.484  render           | Saved: 'E:\WangZhen_Project\AI\ShuZiRen\Hermes\SZRYanJiu\v3_QuadRemesher_交付\01A眼窝与眼球\screenshots\01_1_eye_socket_side.png'
  make_eye_cup L: boundary ring M=90 (of 1 rings), ring relaxed x12, jump avg=0.46mm max=0.79mm
  recalc_face_normals: SKIPPED (v38, geometric only)
  geometric orientation: reversed 1920 bowl faces to face -Y, still wrong=0
  UV分配: 10710 loops, avg=(0.0793,0.0632), u=[0.0000,1.0000] v=[0.0000,1.0000]
  make_eye_cup R: boundary ring M=89 (of 1 rings), ring relaxed x12, jump avg=0.47mm max=0.87mm
  recalc_face_normals: SKIPPED (v38, geometric only)
  geometric orientation: reversed 247 bowl faces to face -Y, still wrong=0
  UV分配: 9844 loops, avg=(0.5786,0.1021), u=[0.0000,1.0000] v=[0.0000,1.0000]
  Saved: E:\WangZhen_Project\AI\ShuZiRen\Hermes\SZRYanJiu\v3_QuadRemesher_交付\01A眼窝与眼球\models\01_1_eye_socket.blend
  00:02.984  render           | Saved: 'E:\WangZhen_Project\AI\ShuZiRen\Hermes\SZRYanJiu\v3_QuadRemesher_交付\01A眼窝与眼球\screenshots\v39_norm_front.png'
  00:03.375  render           | Saved: 'E:\WangZhen_Project\AI\ShuZiRen\Hermes\SZRYanJiu\v3_QuadRemesher_交付\01A眼窝与眼球\screenshots\v39_norm_sideL.png'
  00:04.219  render           | Saved: 'E:\WangZhen_Project\AI\ShuZiRen\Hermes\SZRYanJiu\v3_QuadRemesher_交付\01A眼窝与眼球\screenshots\v39_tex_front.png'
  00:04.656  render           | Saved: 'E:\WangZhen_Project\AI\ShuZiRen\Hermes\SZRYanJiu\v3_QuadRemesher_交付\01A眼窝与眼球\screenshots\v39_tex_sideL.png'
迭代391完成

--- 迭代 392 ---
  01:27.343  render           | Saved: 'E:\WangZhen_Project\AI\ShuZiRen\Hermes\SZRYanJiu\v3_QuadRemesher_交付\01A眼窝与眼球\screenshots\01_1_eye_socket_front.png'
  01:27.484  render           | Saved: 'E:\WangZhen_Project\AI\ShuZiRen\Hermes\SZRYanJiu\v3_QuadRemesher_交付\01A眼窝与眼球\screenshots\01_1_eye_socket_side.png'
  make_eye_cup L: boundary ring M=90 (of 1 rings), ring relaxed x12, jump avg=0.46mm max=0.79mm
  recalc_face_normals: SKIPPED (v38, geometric only)
  geometric orientation: reversed 1920 bowl faces to face -Y, still wrong=0
  UV分配: 10710 loops, avg=(0.0793,0.0632), u=[0.0000,1.0000] v=[0.0000,1.0000]
  make_eye_cup R: boundary ring M=89 (of 1 rings), ring relaxed x12, jump avg=0.47mm max=0.87mm
  recalc_face_normals: SKIPPED (v38, geometric only)
  geometric orientation: reversed 247 bowl faces to face -Y, still wrong=0
  UV分配: 9844 loops, avg=(0.5786,0.1021), u=[0.0000,1.0000] v=[0.0000,1.0000]
  Saved: E:\WangZhen_Project\AI\ShuZiRen\Hermes\SZRYanJiu\v3_QuadRemesher_交付\01A眼窝与眼球\models\01_1_eye_socket.blend
  00:03.000  render           | Saved: 'E:\WangZhen_Project\AI\ShuZiRen\Hermes\SZRYanJiu\v3_QuadRemesher_交付\01A眼窝与眼球\screenshots\v39_norm_front.png'
  00:03.407  render           | Saved: 'E:\WangZhen_Project\AI\ShuZiRen\Hermes\SZRYanJiu\v3_QuadRemesher_交付\01A眼窝与眼球\screenshots\v39_norm_sideL.png'
  00:04.250  render           | Saved: 'E:\WangZhen_Project\AI\ShuZiRen\Hermes\SZRYanJiu\v3_QuadRemesher_交付\01A眼窝与眼球\screenshots\v39_tex_front.png'
  00:04.672  render           | Saved: 'E:\WangZhen_Project\AI\ShuZiRen\Hermes\SZRYanJiu\v3_QuadRemesher_交付\01A眼窝与眼球\screenshots\v39_tex_sideL.png'
迭代392完成

--- 迭代 393 ---
  01:27.265  render           | Saved: 'E:\WangZhen_Project\AI\ShuZiRen\Hermes\SZRYanJiu\v3_QuadRemesher_交付\01A眼窝与眼球\screenshots\01_1_eye_socket_front.png'
  01:27.390  render           | Saved: 'E:\WangZhen_Project\AI\ShuZiRen\Hermes\SZRYanJiu\v3_QuadRemesher_交付\01A眼窝与眼球\screenshots\01_1_eye_socket_side.png'
  make_eye_cup L: boundary ring M=90 (of 1 rings), ring relaxed x12, jump avg=0.46mm max=0.79mm
  recalc_face_normals: SKIPPED (v38, geometric only)
  geometric orientation: reversed 1920 bowl faces to face -Y, still wrong=0
  UV分配: 10710 loops, avg=(0.0793,0.0632), u=[0.0000,1.0000] v=[0.0000,1.0000]
  make_eye_cup R: boundary ring M=89 (of 1 rings), ring relaxed x12, jump avg=0.47mm max=0.87mm
  recalc_face_normals: SKIPPED (v38, geometric only)
  geometric orientation: reversed 247 bowl faces to face -Y, still wrong=0
  UV分配: 9844 loops, avg=(0.5786,0.1021), u=[0.0000,1.0000] v=[0.0000,1.0000]
  Saved: E:\WangZhen_Project\AI\ShuZiRen\Hermes\SZRYanJiu\v3_QuadRemesher_交付\01A眼窝与眼球\models\01_1_eye_socket.blend
  00:02.969  render           | Saved: 'E:\WangZhen_Project\AI\ShuZiRen\Hermes\SZRYanJiu\v3_QuadRemesher_交付\01A眼窝与眼球\screenshots\v39_norm_front.png'
  00:03.375  render           | Saved: 'E:\WangZhen_Project\AI\ShuZiRen\Hermes\SZRYanJiu\v3_QuadRemesher_交付\01A眼窝与眼球\screenshots\v39_norm_sideL.png'
  00:04.235  render           | Saved: 'E:\WangZhen_Project\AI\ShuZiRen\Hermes\SZRYanJiu\v3_QuadRemesher_交付\01A眼窝与眼球\screenshots\v39_tex_front.png'
  00:04.641  render           | Saved: 'E:\WangZhen_Project\AI\ShuZiRen\Hermes\SZRYanJiu\v3_QuadRemesher_交付\01A眼窝与眼球\screenshots\v39_tex_sideL.png'
迭代393完成

--- 迭代 394 ---
  01:27.062  render           | Saved: 'E:\WangZhen_Project\AI\ShuZiRen\Hermes\SZRYanJiu\v3_QuadRemesher_交付\01A眼窝与眼球\screenshots\01_1_eye_socket_front.png'
  01:27.187  render           | Saved: 'E:\WangZhen_Project\AI\ShuZiRen\Hermes\SZRYanJiu\v3_QuadRemesher_交付\01A眼窝与眼球\screenshots\01_1_eye_socket_side.png'
  make_eye_cup L: boundary ring M=90 (of 1 rings), ring relaxed x12, jump avg=0.46mm max=0.79mm
  recalc_face_normals: SKIPPED (v38, geometric only)
  geometric orientation: reversed 1920 bowl faces to face -Y, still wrong=0
  UV分配: 10710 loops, avg=(0.0793,0.0632), u=[0.0000,1.0000] v=[0.0000,1.0000]
  make_eye_cup R: boundary ring M=89 (of 1 rings), ring relaxed x12, jump avg=0.47mm max=0.87mm
  recalc_face_normals: SKIPPED (v38, geometric only)
  geometric orientation: reversed 247 bowl faces to face -Y, still wrong=0
  UV分配: 9844 loops, avg=(0.5786,0.1021), u=[0.0000,1.0000] v=[0.0000,1.0000]
  Saved: E:\WangZhen_Project\AI\ShuZiRen\Hermes\SZRYanJiu\v3_QuadRemesher_交付\01A眼窝与眼球\models\01_1_eye_socket.blend
  00:03.000  render           | Saved: 'E:\WangZhen_Project\AI\ShuZiRen\Hermes\SZRYanJiu\v3_QuadRemesher_交付\01A眼窝与眼球\screenshots\v39_norm_front.png'
  00:03.407  render           | Saved: 'E:\WangZhen_Project\AI\ShuZiRen\Hermes\SZRYanJiu\v3_QuadRemesher_交付\01A眼窝与眼球\screenshots\v39_norm_sideL.png'
  00:04.266  render           | Saved: 'E:\WangZhen_Project\AI\ShuZiRen\Hermes\SZRYanJiu\v3_QuadRemesher_交付\01A眼窝与眼球\screenshots\v39_tex_front.png'
  00:04.688  render           | Saved: 'E:\WangZhen_Project\AI\ShuZiRen\Hermes\SZRYanJiu\v3_QuadRemesher_交付\01A眼窝与眼球\screenshots\v39_tex_sideL.png'
迭代394完成

--- 迭代 395 ---
  01:26.922  render           | Saved: 'E:\WangZhen_Project\AI\ShuZiRen\Hermes\SZRYanJiu\v3_QuadRemesher_交付\01A眼窝与眼球\screenshots\01_1_eye_socket_front.png'
  01:27.047  render           | Saved: 'E:\WangZhen_Project\AI\ShuZiRen\Hermes\SZRYanJiu\v3_QuadRemesher_交付\01A眼窝与眼球\screenshots\01_1_eye_socket_side.png'
  make_eye_cup L: boundary ring M=90 (of 1 rings), ring relaxed x12, jump avg=0.46mm max=0.79mm
  recalc_face_normals: SKIPPED (v38, geometric only)
  geometric orientation: reversed 1920 bowl faces to face -Y, still wrong=0
  UV分配: 10710 loops, avg=(0.0793,0.0632), u=[0.0000,1.0000] v=[0.0000,1.0000]
  make_eye_cup R: boundary ring M=89 (of 1 rings), ring relaxed x12, jump avg=0.47mm max=0.87mm
  recalc_face_normals: SKIPPED (v38, geometric only)
  geometric orientation: reversed 247 bowl faces to face -Y, still wrong=0
  UV分配: 9844 loops, avg=(0.5786,0.1021), u=[0.0000,1.0000] v=[0.0000,1.0000]
  Saved: E:\WangZhen_Project\AI\ShuZiRen\Hermes\SZRYanJiu\v3_QuadRemesher_交付\01A眼窝与眼球\models\01_1_eye_socket.blend
  00:03.000  render           | Saved: 'E:\WangZhen_Project\AI\ShuZiRen\Hermes\SZRYanJiu\v3_QuadRemesher_交付\01A眼窝与眼球\screenshots\v39_norm_front.png'
  00:03.391  render           | Saved: 'E:\WangZhen_Project\AI\ShuZiRen\Hermes\SZRYanJiu\v3_QuadRemesher_交付\01A眼窝与眼球\screenshots\v39_norm_sideL.png'
  00:04.250  render           | Saved: 'E:\WangZhen_Project\AI\ShuZiRen\Hermes\SZRYanJiu\v3_QuadRemesher_交付\01A眼窝与眼球\screenshots\v39_tex_front.png'
  00:04.688  render           | Saved: 'E:\WangZhen_Project\AI\ShuZiRen\Hermes\SZRYanJiu\v3_QuadRemesher_交付\01A眼窝与眼球\screenshots\v39_tex_sideL.png'
迭代395完成

--- 迭代 396 ---
  01:26.906  render           | Saved: 'E:\WangZhen_Project\AI\ShuZiRen\Hermes\SZRYanJiu\v3_QuadRemesher_交付\01A眼窝与眼球\screenshots\01_1_eye_socket_front.png'
  01:27.031  render           | Saved: 'E:\WangZhen_Project\AI\ShuZiRen\Hermes\SZRYanJiu\v3_QuadRemesher_交付\01A眼窝与眼球\screenshots\01_1_eye_socket_side.png'
  make_eye_cup L: boundary ring M=90 (of 1 rings), ring relaxed x12, jump avg=0.46mm max=0.79mm
  recalc_face_normals: SKIPPED (v38, geometric only)
  geometric orientation: reversed 1920 bowl faces to face -Y, still wrong=0
  UV分配: 10710 loops, avg=(0.0793,0.0632), u=[0.0000,1.0000] v=[0.0000,1.0000]
  make_eye_cup R: boundary ring M=89 (of 1 rings), ring relaxed x12, jump avg=0.47mm max=0.87mm
  recalc_face_normals: SKIPPED (v38, geometric only)
  geometric orientation: reversed 247 bowl faces to face -Y, still wrong=0
  UV分配: 9844 loops, avg=(0.5786,0.1021), u=[0.0000,1.0000] v=[0.0000,1.0000]
  Saved: E:\WangZhen_Project\AI\ShuZiRen\Hermes\SZRYanJiu\v3_QuadRemesher_交付\01A眼窝与眼球\models\01_1_eye_socket.blend
  00:03.109  render           | Saved: 'E:\WangZhen_Project\AI\ShuZiRen\Hermes\SZRYanJiu\v3_QuadRemesher_交付\01A眼窝与眼球\screenshots\v39_norm_front.png'
  00:03.500  render           | Saved: 'E:\WangZhen_Project\AI\ShuZiRen\Hermes\SZRYanJiu\v3_QuadRemesher_交付\01A眼窝与眼球\screenshots\v39_norm_sideL.png'
  00:04.344  render           | Saved: 'E:\WangZhen_Project\AI\ShuZiRen\Hermes\SZRYanJiu\v3_QuadRemesher_交付\01A眼窝与眼球\screenshots\v39_tex_front.png'
  00:04.766  render           | Saved: 'E:\WangZhen_Project\AI\ShuZiRen\Hermes\SZRYanJiu\v3_QuadRemesher_交付\01A眼窝与眼球\screenshots\v39_tex_sideL.png'
迭代396完成

--- 迭代 397 ---
  01:27.187  render           | Saved: 'E:\WangZhen_Project\AI\ShuZiRen\Hermes\SZRYanJiu\v3_QuadRemesher_交付\01A眼窝与眼球\screenshots\01_1_eye_socket_front.png'
  01:27.312  render           | Saved: 'E:\WangZhen_Project\AI\ShuZiRen\Hermes\SZRYanJiu\v3_QuadRemesher_交付\01A眼窝与眼球\screenshots\01_1_eye_socket_side.png'
  make_eye_cup L: boundary ring M=90 (of 1 rings), ring relaxed x12, jump avg=0.46mm max=0.79mm
  recalc_face_normals: SKIPPED (v38, geometric only)
  geometric orientation: reversed 1920 bowl faces to face -Y, still wrong=0
  UV分配: 10710 loops, avg=(0.0793,0.0632), u=[0.0000,1.0000] v=[0.0000,1.0000]
  make_eye_cup R: boundary ring M=89 (of 1 rings), ring relaxed x12, jump avg=0.47mm max=0.87mm
  recalc_face_normals: SKIPPED (v38, geometric only)
  geometric orientation: reversed 247 bowl faces to face -Y, still wrong=0
  UV分配: 9844 loops, avg=(0.5786,0.1021), u=[0.0000,1.0000] v=[0.0000,1.0000]
  Saved: E:\WangZhen_Project\AI\ShuZiRen\Hermes\SZRYanJiu\v3_QuadRemesher_交付\01A眼窝与眼球\models\01_1_eye_socket.blend
  00:03.000  render           | Saved: 'E:\WangZhen_Project\AI\ShuZiRen\Hermes\SZRYanJiu\v3_QuadRemesher_交付\01A眼窝与眼球\screenshots\v39_norm_front.png'
  00:03.391  render           | Saved: 'E:\WangZhen_Project\AI\ShuZiRen\Hermes\SZRYanJiu\v3_QuadRemesher_交付\01A眼窝与眼球\screenshots\v39_norm_sideL.png'
  00:04.250  render           | Saved: 'E:\WangZhen_Project\AI\ShuZiRen\Hermes\SZRYanJiu\v3_QuadRemesher_交付\01A眼窝与眼球\screenshots\v39_tex_front.png'
  00:04.672  render           | Saved: 'E:\WangZhen_Project\AI\ShuZiRen\Hermes\SZRYanJiu\v3_QuadRemesher_交付\01A眼窝与眼球\screenshots\v39_tex_sideL.png'
迭代397完成

--- 迭代 398 ---
  01:27.047  render           | Saved: 'E:\WangZhen_Project\AI\ShuZiRen\Hermes\SZRYanJiu\v3_QuadRemesher_交付\01A眼窝与眼球\screenshots\01_1_eye_socket_front.png'
  01:27.172  render           | Saved: 'E:\WangZhen_Project\AI\ShuZiRen\Hermes\SZRYanJiu\v3_QuadRemesher_交付\01A眼窝与眼球\screenshots\01_1_eye_socket_side.png'
  make_eye_cup L: boundary ring M=90 (of 1 rings), ring relaxed x12, jump avg=0.46mm max=0.79mm
  recalc_face_normals: SKIPPED (v38, geometric only)
  geometric orientation: reversed 1920 bowl faces to face -Y, still wrong=0
  UV分配: 10710 loops, avg=(0.0793,0.0632), u=[0.0000,1.0000] v=[0.0000,1.0000]
  make_eye_cup R: boundary ring M=89 (of 1 rings), ring relaxed x12, jump avg=0.47mm max=0.87mm
  recalc_face_normals: SKIPPED (v38, geometric only)
  geometric orientation: reversed 247 bowl faces to face -Y, still wrong=0
  UV分配: 9844 loops, avg=(0.5786,0.1021), u=[0.0000,1.0000] v=[0.0000,1.0000]
  Saved: E:\WangZhen_Project\AI\ShuZiRen\Hermes\SZRYanJiu\v3_QuadRemesher_交付\01A眼窝与眼球\models\01_1_eye_socket.blend
  00:02.984  render           | Saved: 'E:\WangZhen_Project\AI\ShuZiRen\Hermes\SZRYanJiu\v3_QuadRemesher_交付\01A眼窝与眼球\screenshots\v39_norm_front.png'
  00:03.359  render           | Saved: 'E:\WangZhen_Project\AI\ShuZiRen\Hermes\SZRYanJiu\v3_QuadRemesher_交付\01A眼窝与眼球\screenshots\v39_norm_sideL.png'
  00:04.234  render           | Saved: 'E:\WangZhen_Project\AI\ShuZiRen\Hermes\SZRYanJiu\v3_QuadRemesher_交付\01A眼窝与眼球\screenshots\v39_tex_front.png'
  00:04.656  render           | Saved: 'E:\WangZhen_Project\AI\ShuZiRen\Hermes\SZRYanJiu\v3_QuadRemesher_交付\01A眼窝与眼球\screenshots\v39_tex_sideL.png'
迭代398完成

--- 迭代 399 ---
  01:27.531  render           | Saved: 'E:\WangZhen_Project\AI\ShuZiRen\Hermes\SZRYanJiu\v3_QuadRemesher_交付\01A眼窝与眼球\screenshots\01_1_eye_socket_front.png'
  01:27.656  render           | Saved: 'E:\WangZhen_Project\AI\ShuZiRen\Hermes\SZRYanJiu\v3_QuadRemesher_交付\01A眼窝与眼球\screenshots\01_1_eye_socket_side.png'
  make_eye_cup L: boundary ring M=90 (of 1 rings), ring relaxed x12, jump avg=0.46mm max=0.79mm
  recalc_face_normals: SKIPPED (v38, geometric only)
  geometric orientation: reversed 1920 bowl faces to face -Y, still wrong=0
  UV分配: 10710 loops, avg=(0.0793,0.0632), u=[0.0000,1.0000] v=[0.0000,1.0000]
  make_eye_cup R: boundary ring M=89 (of 1 rings), ring relaxed x12, jump avg=0.47mm max=0.87mm
  recalc_face_normals: SKIPPED (v38, geometric only)
  geometric orientation: reversed 247 bowl faces to face -Y, still wrong=0
  UV分配: 9844 loops, avg=(0.5786,0.1021), u=[0.0000,1.0000] v=[0.0000,1.0000]
  Saved: E:\WangZhen_Project\AI\ShuZiRen\Hermes\SZRYanJiu\v3_QuadRemesher_交付\01A眼窝与眼球\models\01_1_eye_socket.blend
  00:02.985  render           | Saved: 'E:\WangZhen_Project\AI\ShuZiRen\Hermes\SZRYanJiu\v3_QuadRemesher_交付\01A眼窝与眼球\screenshots\v39_norm_front.png'
  00:03.391  render           | Saved: 'E:\WangZhen_Project\AI\ShuZiRen\Hermes\SZRYanJiu\v3_QuadRemesher_交付\01A眼窝与眼球\screenshots\v39_norm_sideL.png'
  00:04.235  render           | Saved: 'E:\WangZhen_Project\AI\ShuZiRen\Hermes\SZRYanJiu\v3_QuadRemesher_交付\01A眼窝与眼球\screenshots\v39_tex_front.png'
  00:04.656  render           | Saved: 'E:\WangZhen_Project\AI\ShuZiRen\Hermes\SZRYanJiu\v3_QuadRemesher_交付\01A眼窝与眼球\screenshots\v39_tex_sideL.png'
迭代399完成

--- 迭代 400 ---
  01:27.375  render           | Saved: 'E:\WangZhen_Project\AI\ShuZiRen\Hermes\SZRYanJiu\v3_QuadRemesher_交付\01A眼窝与眼球\screenshots\01_1_eye_socket_front.png'
  01:27.500  render           | Saved: 'E:\WangZhen_Project\AI\ShuZiRen\Hermes\SZRYanJiu\v3_QuadRemesher_交付\01A眼窝与眼球\screenshots\01_1_eye_socket_side.png'
  make_eye_cup L: boundary ring M=90 (of 1 rings), ring relaxed x12, jump avg=0.46mm max=0.79mm
  recalc_face_normals: SKIPPED (v38, geometric only)
  geometric orientation: reversed 1920 bowl faces to face -Y, still wrong=0
  UV分配: 10710 loops, avg=(0.0793,0.0632), u=[0.0000,1.0000] v=[0.0000,1.0000]
  make_eye_cup R: boundary ring M=89 (of 1 rings), ring relaxed x12, jump avg=0.47mm max=0.87mm
  recalc_face_normals: SKIPPED (v38, geometric only)
  geometric orientation: reversed 247 bowl faces to face -Y, still wrong=0
  UV分配: 9844 loops, avg=(0.5786,0.1021), u=[0.0000,1.0000] v=[0.0000,1.0000]
  Saved: E:\WangZhen_Project\AI\ShuZiRen\Hermes\SZRYanJiu\v3_QuadRemesher_交付\01A眼窝与眼球\models\01_1_eye_socket.blend
  00:02.985  render           | Saved: 'E:\WangZhen_Project\AI\ShuZiRen\Hermes\SZRYanJiu\v3_QuadRemesher_交付\01A眼窝与眼球\screenshots\v39_norm_front.png'
  00:03.391  render           | Saved: 'E:\WangZhen_Project\AI\ShuZiRen\Hermes\SZRYanJiu\v3_QuadRemesher_交付\01A眼窝与眼球\screenshots\v39_norm_sideL.png'
  00:04.235  render           | Saved: 'E:\WangZhen_Project\AI\ShuZiRen\Hermes\SZRYanJiu\v3_QuadRemesher_交付\01A眼窝与眼球\screenshots\v39_tex_front.png'
  00:04.657  render           | Saved: 'E:\WangZhen_Project\AI\ShuZiRen\Hermes\SZRYanJiu\v3_QuadRemesher_交付\01A眼窝与眼球\screenshots\v39_tex_sideL.png'
迭代400完成

--- 迭代 401 ---
  01:27.188  render           | Saved: 'E:\WangZhen_Project\AI\ShuZiRen\Hermes\SZRYanJiu\v3_QuadRemesher_交付\01A眼窝与眼球\screenshots\01_1_eye_socket_front.png'
  01:27.313  render           | Saved: 'E:\WangZhen_Project\AI\ShuZiRen\Hermes\SZRYanJiu\v3_QuadRemesher_交付\01A眼窝与眼球\screenshots\01_1_eye_socket_side.png'
  make_eye_cup L: boundary ring M=90 (of 1 rings), ring relaxed x12, jump avg=0.46mm max=0.79mm
  recalc_face_normals: SKIPPED (v38, geometric only)
  geometric orientation: reversed 1920 bowl faces to face -Y, still wrong=0
  UV分配: 10710 loops, avg=(0.0793,0.0632), u=[0.0000,1.0000] v=[0.0000,1.0000]
  make_eye_cup R: boundary ring M=89 (of 1 rings), ring relaxed x12, jump avg=0.47mm max=0.87mm
  recalc_face_normals: SKIPPED (v38, geometric only)
  geometric orientation: reversed 247 bowl faces to face -Y, still wrong=0
  UV分配: 9844 loops, avg=(0.5786,0.1021), u=[0.0000,1.0000] v=[0.0000,1.0000]
  Saved: E:\WangZhen_Project\AI\ShuZiRen\Hermes\SZRYanJiu\v3_QuadRemesher_交付\01A眼窝与眼球\models\01_1_eye_socket.blend
  00:02.984  render           | Saved: 'E:\WangZhen_Project\AI\ShuZiRen\Hermes\SZRYanJiu\v3_QuadRemesher_交付\01A眼窝与眼球\screenshots\v39_norm_front.png'
  00:03.375  render           | Saved: 'E:\WangZhen_Project\AI\ShuZiRen\Hermes\SZRYanJiu\v3_QuadRemesher_交付\01A眼窝与眼球\screenshots\v39_norm_sideL.png'
  00:04.234  render           | Saved: 'E:\WangZhen_Project\AI\ShuZiRen\Hermes\SZRYanJiu\v3_QuadRemesher_交付\01A眼窝与眼球\screenshots\v39_tex_front.png'
  00:04.656  render           | Saved: 'E:\WangZhen_Project\AI\ShuZiRen\Hermes\SZRYanJiu\v3_QuadRemesher_交付\01A眼窝与眼球\screenshots\v39_tex_sideL.png'
迭代401完成

--- 迭代 402 ---
  01:27.438  render           | Saved: 'E:\WangZhen_Project\AI\ShuZiRen\Hermes\SZRYanJiu\v3_QuadRemesher_交付\01A眼窝与眼球\screenshots\01_1_eye_socket_front.png'
  01:27.563  render           | Saved: 'E:\WangZhen_Project\AI\ShuZiRen\Hermes\SZRYanJiu\v3_QuadRemesher_交付\01A眼窝与眼球\screenshots\01_1_eye_socket_side.png'
  make_eye_cup L: boundary ring M=90 (of 1 rings), ring relaxed x12, jump avg=0.46mm max=0.79mm
  recalc_face_normals: SKIPPED (v38, geometric only)
  geometric orientation: reversed 1920 bowl faces to face -Y, still wrong=0
  UV分配: 10710 loops, avg=(0.0793,0.0632), u=[0.0000,1.0000] v=[0.0000,1.0000]
  make_eye_cup R: boundary ring M=89 (of 1 rings), ring relaxed x12, jump avg=0.47mm max=0.87mm
  recalc_face_normals: SKIPPED (v38, geometric only)
  geometric orientation: reversed 247 bowl faces to face -Y, still wrong=0
  UV分配: 9844 loops, avg=(0.5786,0.1021), u=[0.0000,1.0000] v=[0.0000,1.0000]
  Saved: E:\WangZhen_Project\AI\ShuZiRen\Hermes\SZRYanJiu\v3_QuadRemesher_交付\01A眼窝与眼球\models\01_1_eye_socket.blend
  00:02.969  render           | Saved: 'E:\WangZhen_Project\AI\ShuZiRen\Hermes\SZRYanJiu\v3_QuadRemesher_交付\01A眼窝与眼球\screenshots\v39_norm_front.png'
  00:03.375  render           | Saved: 'E:\WangZhen_Project\AI\ShuZiRen\Hermes\SZRYanJiu\v3_QuadRemesher_交付\01A眼窝与眼球\screenshots\v39_norm_sideL.png'
  00:04.219  render           | Saved: 'E:\WangZhen_Project\AI\ShuZiRen\Hermes\SZRYanJiu\v3_QuadRemesher_交付\01A眼窝与眼球\screenshots\v39_tex_front.png'
  00:04.640  render           | Saved: 'E:\WangZhen_Project\AI\ShuZiRen\Hermes\SZRYanJiu\v3_QuadRemesher_交付\01A眼窝与眼球\screenshots\v39_tex_sideL.png'
迭代402完成

--- 迭代 403 ---
  01:27.109  render           | Saved: 'E:\WangZhen_Project\AI\ShuZiRen\Hermes\SZRYanJiu\v3_QuadRemesher_交付\01A眼窝与眼球\screenshots\01_1_eye_socket_front.png'
  01:27.234  render           | Saved: 'E:\WangZhen_Project\AI\ShuZiRen\Hermes\SZRYanJiu\v3_QuadRemesher_交付\01A眼窝与眼球\screenshots\01_1_eye_socket_side.png'
  make_eye_cup L: boundary ring M=90 (of 1 rings), ring relaxed x12, jump avg=0.46mm max=0.79mm
  recalc_face_normals: SKIPPED (v38, geometric only)
  geometric orientation: reversed 1920 bowl faces to face -Y, still wrong=0
  UV分配: 10710 loops, avg=(0.0793,0.0632), u=[0.0000,1.0000] v=[0.0000,1.0000]
  make_eye_cup R: boundary ring M=89 (of 1 rings), ring relaxed x12, jump avg=0.47mm max=0.87mm
  recalc_face_normals: SKIPPED (v38, geometric only)
  geometric orientation: reversed 247 bowl faces to face -Y, still wrong=0
  UV分配: 9844 loops, avg=(0.5786,0.1021), u=[0.0000,1.0000] v=[0.0000,1.0000]
  Saved: E:\WangZhen_Project\AI\ShuZiRen\Hermes\SZRYanJiu\v3_QuadRemesher_交付\01A眼窝与眼球\models\01_1_eye_socket.blend
  00:03.047  render           | Saved: 'E:\WangZhen_Project\AI\ShuZiRen\Hermes\SZRYanJiu\v3_QuadRemesher_交付\01A眼窝与眼球\screenshots\v39_norm_front.png'
  00:03.438  render           | Saved: 'E:\WangZhen_Project\AI\ShuZiRen\Hermes\SZRYanJiu\v3_QuadRemesher_交付\01A眼窝与眼球\screenshots\v39_norm_sideL.png'
  00:04.297  render           | Saved: 'E:\WangZhen_Project\AI\ShuZiRen\Hermes\SZRYanJiu\v3_QuadRemesher_交付\01A眼窝与眼球\screenshots\v39_tex_front.png'
  00:04.719  render           | Saved: 'E:\WangZhen_Project\AI\ShuZiRen\Hermes\SZRYanJiu\v3_QuadRemesher_交付\01A眼窝与眼球\screenshots\v39_tex_sideL.png'
迭代403完成

--- 迭代 404 ---
  01:27.046  render           | Saved: 'E:\WangZhen_Project\AI\ShuZiRen\Hermes\SZRYanJiu\v3_QuadRemesher_交付\01A眼窝与眼球\screenshots\01_1_eye_socket_front.png'
  01:27.171  render           | Saved: 'E:\WangZhen_Project\AI\ShuZiRen\Hermes\SZRYanJiu\v3_QuadRemesher_交付\01A眼窝与眼球\screenshots\01_1_eye_socket_side.png'
  make_eye_cup L: boundary ring M=90 (of 1 rings), ring relaxed x12, jump avg=0.46mm max=0.79mm
  recalc_face_normals: SKIPPED (v38, geometric only)
  geometric orientation: reversed 1920 bowl faces to face -Y, still wrong=0
  UV分配: 10710 loops, avg=(0.0793,0.0632), u=[0.0000,1.0000] v=[0.0000,1.0000]
  make_eye_cup R: boundary ring M=89 (of 1 rings), ring relaxed x12, jump avg=0.47mm max=0.87mm
  recalc_face_normals: SKIPPED (v38, geometric only)
  geometric orientation: reversed 247 bowl faces to face -Y, still wrong=0
  UV分配: 9844 loops, avg=(0.5786,0.1021), u=[0.0000,1.0000] v=[0.0000,1.0000]
  Saved: E:\WangZhen_Project\AI\ShuZiRen\Hermes\SZRYanJiu\v3_QuadRemesher_交付\01A眼窝与眼球\models\01_1_eye_socket.blend
  00:02.969  render           | Saved: 'E:\WangZhen_Project\AI\ShuZiRen\Hermes\SZRYanJiu\v3_QuadRemesher_交付\01A眼窝与眼球\screenshots\v39_norm_front.png'
  00:03.375  render           | Saved: 'E:\WangZhen_Project\AI\ShuZiRen\Hermes\SZRYanJiu\v3_QuadRemesher_交付\01A眼窝与眼球\screenshots\v39_norm_sideL.png'
  00:04.219  render           | Saved: 'E:\WangZhen_Project\AI\ShuZiRen\Hermes\SZRYanJiu\v3_QuadRemesher_交付\01A眼窝与眼球\screenshots\v39_tex_front.png'
  00:04.641  render           | Saved: 'E:\WangZhen_Project\AI\ShuZiRen\Hermes\SZRYanJiu\v3_QuadRemesher_交付\01A眼窝与眼球\screenshots\v39_tex_sideL.png'
迭代404完成

--- 迭代 405 ---
  01:27.125  render           | Saved: 'E:\WangZhen_Project\AI\ShuZiRen\Hermes\SZRYanJiu\v3_QuadRemesher_交付\01A眼窝与眼球\screenshots\01_1_eye_socket_front.png'
  01:27.250  render           | Saved: 'E:\WangZhen_Project\AI\ShuZiRen\Hermes\SZRYanJiu\v3_QuadRemesher_交付\01A眼窝与眼球\screenshots\01_1_eye_socket_side.png'
  make_eye_cup L: boundary ring M=90 (of 1 rings), ring relaxed x12, jump avg=0.46mm max=0.79mm
  recalc_face_normals: SKIPPED (v38, geometric only)
  geometric orientation: reversed 1920 bowl faces to face -Y, still wrong=0
  UV分配: 10710 loops, avg=(0.0793,0.0632), u=[0.0000,1.0000] v=[0.0000,1.0000]
  make_eye_cup R: boundary ring M=89 (of 1 rings), ring relaxed x12, jump avg=0.47mm max=0.87mm
  recalc_face_normals: SKIPPED (v38, geometric only)
  geometric orientation: reversed 247 bowl faces to face -Y, still wrong=0
  UV分配: 9844 loops, avg=(0.5786,0.1021), u=[0.0000,1.0000] v=[0.0000,1.0000]
  Saved: E:\WangZhen_Project\AI\ShuZiRen\Hermes\SZRYanJiu\v3_QuadRemesher_交付\01A眼窝与眼球\models\01_1_eye_socket.blend
  00:02.984  render           | Saved: 'E:\WangZhen_Project\AI\ShuZiRen\Hermes\SZRYanJiu\v3_QuadRemesher_交付\01A眼窝与眼球\screenshots\v39_norm_front.png'
  00:03.375  render           | Saved: 'E:\WangZhen_Project\AI\ShuZiRen\Hermes\SZRYanJiu\v3_QuadRemesher_交付\01A眼窝与眼球\screenshots\v39_norm_sideL.png'
  00:04.234  render           | Saved: 'E:\WangZhen_Project\AI\ShuZiRen\Hermes\SZRYanJiu\v3_QuadRemesher_交付\01A眼窝与眼球\screenshots\v39_tex_front.png'
  00:04.656  render           | Saved: 'E:\WangZhen_Project\AI\ShuZiRen\Hermes\SZRYanJiu\v3_QuadRemesher_交付\01A眼窝与眼球\screenshots\v39_tex_sideL.png'
迭代405完成

--- 迭代 406 ---
  01:27.094  render           | Saved: 'E:\WangZhen_Project\AI\ShuZiRen\Hermes\SZRYanJiu\v3_QuadRemesher_交付\01A眼窝与眼球\screenshots\01_1_eye_socket_front.png'
  01:27.219  render           | Saved: 'E:\WangZhen_Project\AI\ShuZiRen\Hermes\SZRYanJiu\v3_QuadRemesher_交付\01A眼窝与眼球\screenshots\01_1_eye_socket_side.png'
  make_eye_cup L: boundary ring M=90 (of 1 rings), ring relaxed x12, jump avg=0.46mm max=0.79mm
  recalc_face_normals: SKIPPED (v38, geometric only)
  geometric orientation: reversed 1920 bowl faces to face -Y, still wrong=0
  UV分配: 10710 loops, avg=(0.0793,0.0632), u=[0.0000,1.0000] v=[0.0000,1.0000]
  make_eye_cup R: boundary ring M=89 (of 1 rings), ring relaxed x12, jump avg=0.47mm max=0.87mm
  recalc_face_normals: SKIPPED (v38, geometric only)
  geometric orientation: reversed 247 bowl faces to face -Y, still wrong=0
  UV分配: 9844 loops, avg=(0.5786,0.1021), u=[0.0000,1.0000] v=[0.0000,1.0000]
  Saved: E:\WangZhen_Project\AI\ShuZiRen\Hermes\SZRYanJiu\v3_QuadRemesher_交付\01A眼窝与眼球\models\01_1_eye_socket.blend
  00:02.984  render           | Saved: 'E:\WangZhen_Project\AI\ShuZiRen\Hermes\SZRYanJiu\v3_QuadRemesher_交付\01A眼窝与眼球\screenshots\v39_norm_front.png'
  00:03.390  render           | Saved: 'E:\WangZhen_Project\AI\ShuZiRen\Hermes\SZRYanJiu\v3_QuadRemesher_交付\01A眼窝与眼球\screenshots\v39_norm_sideL.png'
  00:04.234  render           | Saved: 'E:\WangZhen_Project\AI\ShuZiRen\Hermes\SZRYanJiu\v3_QuadRemesher_交付\01A眼窝与眼球\screenshots\v39_tex_front.png'
  00:04.656  render           | Saved: 'E:\WangZhen_Project\AI\ShuZiRen\Hermes\SZRYanJiu\v3_QuadRemesher_交付\01A眼窝与眼球\screenshots\v39_tex_sideL.png'
迭代406完成

--- 迭代 407 ---
  01:27.438  render           | Saved: 'E:\WangZhen_Project\AI\ShuZiRen\Hermes\SZRYanJiu\v3_QuadRemesher_交付\01A眼窝与眼球\screenshots\01_1_eye_socket_front.png'
  01:27.563  render           | Saved: 'E:\WangZhen_Project\AI\ShuZiRen\Hermes\SZRYanJiu\v3_QuadRemesher_交付\01A眼窝与眼球\screenshots\01_1_eye_socket_side.png'
  make_eye_cup L: boundary ring M=90 (of 1 rings), ring relaxed x12, jump avg=0.46mm max=0.79mm
  recalc_face_normals: SKIPPED (v38, geometric only)
  geometric orientation: reversed 1920 bowl faces to face -Y, still wrong=0
  UV分配: 10710 loops, avg=(0.0793,0.0632), u=[0.0000,1.0000] v=[0.0000,1.0000]
  make_eye_cup R: boundary ring M=89 (of 1 rings), ring relaxed x12, jump avg=0.47mm max=0.87mm
  recalc_face_normals: SKIPPED (v38, geometric only)
  geometric orientation: reversed 247 bowl faces to face -Y, still wrong=0
  UV分配: 9844 loops, avg=(0.5786,0.1021), u=[0.0000,1.0000] v=[0.0000,1.0000]
  Saved: E:\WangZhen_Project\AI\ShuZiRen\Hermes\SZRYanJiu\v3_QuadRemesher_交付\01A眼窝与眼球\models\01_1_eye_socket.blend
  00:03.016  render           | Saved: 'E:\WangZhen_Project\AI\ShuZiRen\Hermes\SZRYanJiu\v3_QuadRemesher_交付\01A眼窝与眼球\screenshots\v39_norm_front.png'
  00:03.422  render           | Saved: 'E:\WangZhen_Project\AI\ShuZiRen\Hermes\SZRYanJiu\v3_QuadRemesher_交付\01A眼窝与眼球\screenshots\v39_norm_sideL.png'
  00:04.266  render           | Saved: 'E:\WangZhen_Project\AI\ShuZiRen\Hermes\SZRYanJiu\v3_QuadRemesher_交付\01A眼窝与眼球\screenshots\v39_tex_front.png'
  00:04.688  render           | Saved: 'E:\WangZhen_Project\AI\ShuZiRen\Hermes\SZRYanJiu\v3_QuadRemesher_交付\01A眼窝与眼球\screenshots\v39_tex_sideL.png'
迭代407完成

--- 迭代 408 ---
  01:27.406  render           | Saved: 'E:\WangZhen_Project\AI\ShuZiRen\Hermes\SZRYanJiu\v3_QuadRemesher_交付\01A眼窝与眼球\screenshots\01_1_eye_socket_front.png'
  01:27.531  render           | Saved: 'E:\WangZhen_Project\AI\ShuZiRen\Hermes\SZRYanJiu\v3_QuadRemesher_交付\01A眼窝与眼球\screenshots\01_1_eye_socket_side.png'
  make_eye_cup L: boundary ring M=90 (of 1 rings), ring relaxed x12, jump avg=0.46mm max=0.79mm
  recalc_face_normals: SKIPPED (v38, geometric only)
  geometric orientation: reversed 1920 bowl faces to face -Y, still wrong=0
  UV分配: 10710 loops, avg=(0.0793,0.0632), u=[0.0000,1.0000] v=[0.0000,1.0000]
  make_eye_cup R: boundary ring M=89 (of 1 rings), ring relaxed x12, jump avg=0.47mm max=0.87mm
  recalc_face_normals: SKIPPED (v38, geometric only)
  geometric orientation: reversed 247 bowl faces to face -Y, still wrong=0
  UV分配: 9844 loops, avg=(0.5786,0.1021), u=[0.0000,1.0000] v=[0.0000,1.0000]
  Saved: E:\WangZhen_Project\AI\ShuZiRen\Hermes\SZRYanJiu\v3_QuadRemesher_交付\01A眼窝与眼球\models\01_1_eye_socket.blend
  00:02.984  render           | Saved: 'E:\WangZhen_Project\AI\ShuZiRen\Hermes\SZRYanJiu\v3_QuadRemesher_交付\01A眼窝与眼球\screenshots\v39_norm_front.png'
  00:03.375  render           | Saved: 'E:\WangZhen_Project\AI\ShuZiRen\Hermes\SZRYanJiu\v3_QuadRemesher_交付\01A眼窝与眼球\screenshots\v39_norm_sideL.png'
  00:04.234  render           | Saved: 'E:\WangZhen_Project\AI\ShuZiRen\Hermes\SZRYanJiu\v3_QuadRemesher_交付\01A眼窝与眼球\screenshots\v39_tex_front.png'
  00:04.641  render           | Saved: 'E:\WangZhen_Project\AI\ShuZiRen\Hermes\SZRYanJiu\v3_QuadRemesher_交付\01A眼窝与眼球\screenshots\v39_tex_sideL.png'
迭代408完成

--- 迭代 409 ---
  01:27.281  render           | Saved: 'E:\WangZhen_Project\AI\ShuZiRen\Hermes\SZRYanJiu\v3_QuadRemesher_交付\01A眼窝与眼球\screenshots\01_1_eye_socket_front.png'
  01:27.406  render           | Saved: 'E:\WangZhen_Project\AI\ShuZiRen\Hermes\SZRYanJiu\v3_QuadRemesher_交付\01A眼窝与眼球\screenshots\01_1_eye_socket_side.png'
  make_eye_cup L: boundary ring M=90 (of 1 rings), ring relaxed x12, jump avg=0.46mm max=0.79mm
  recalc_face_normals: SKIPPED (v38, geometric only)
  geometric orientation: reversed 1920 bowl faces to face -Y, still wrong=0
  UV分配: 10710 loops, avg=(0.0793,0.0632), u=[0.0000,1.0000] v=[0.0000,1.0000]
  make_eye_cup R: boundary ring M=89 (of 1 rings), ring relaxed x12, jump avg=0.47mm max=0.87mm
  recalc_face_normals: SKIPPED (v38, geometric only)
  geometric orientation: reversed 247 bowl faces to face -Y, still wrong=0
  UV分配: 9844 loops, avg=(0.5786,0.1021), u=[0.0000,1.0000] v=[0.0000,1.0000]
  Saved: E:\WangZhen_Project\AI\ShuZiRen\Hermes\SZRYanJiu\v3_QuadRemesher_交付\01A眼窝与眼球\models\01_1_eye_socket.blend
  00:02.969  render           | Saved: 'E:\WangZhen_Project\AI\ShuZiRen\Hermes\SZRYanJiu\v3_QuadRemesher_交付\01A眼窝与眼球\screenshots\v39_norm_front.png'
  00:03.360  render           | Saved: 'E:\WangZhen_Project\AI\ShuZiRen\Hermes\SZRYanJiu\v3_QuadRemesher_交付\01A眼窝与眼球\screenshots\v39_norm_sideL.png'
  00:04.219  render           | Saved: 'E:\WangZhen_Project\AI\ShuZiRen\Hermes\SZRYanJiu\v3_QuadRemesher_交付\01A眼窝与眼球\screenshots\v39_tex_front.png'
  00:04.641  render           | Saved: 'E:\WangZhen_Project\AI\ShuZiRen\Hermes\SZRYanJiu\v3_QuadRemesher_交付\01A眼窝与眼球\screenshots\v39_tex_sideL.png'
迭代409完成

--- 迭代 410 ---
  01:27.390  render           | Saved: 'E:\WangZhen_Project\AI\ShuZiRen\Hermes\SZRYanJiu\v3_QuadRemesher_交付\01A眼窝与眼球\screenshots\01_1_eye_socket_front.png'
  01:27.515  render           | Saved: 'E:\WangZhen_Project\AI\ShuZiRen\Hermes\SZRYanJiu\v3_QuadRemesher_交付\01A眼窝与眼球\screenshots\01_1_eye_socket_side.png'
  make_eye_cup L: boundary ring M=90 (of 1 rings), ring relaxed x12, jump avg=0.46mm max=0.79mm
  recalc_face_normals: SKIPPED (v38, geometric only)
  geometric orientation: reversed 1920 bowl faces to face -Y, still wrong=0
  UV分配: 10710 loops, avg=(0.0793,0.0632), u=[0.0000,1.0000] v=[0.0000,1.0000]
  make_eye_cup R: boundary ring M=89 (of 1 rings), ring relaxed x12, jump avg=0.47mm max=0.87mm
  recalc_face_normals: SKIPPED (v38, geometric only)
  geometric orientation: reversed 247 bowl faces to face -Y, still wrong=0
  UV分配: 9844 loops, avg=(0.5786,0.1021), u=[0.0000,1.0000] v=[0.0000,1.0000]
  Saved: E:\WangZhen_Project\AI\ShuZiRen\Hermes\SZRYanJiu\v3_QuadRemesher_交付\01A眼窝与眼球\models\01_1_eye_socket.blend
  00:03.047  render           | Saved: 'E:\WangZhen_Project\AI\ShuZiRen\Hermes\SZRYanJiu\v3_QuadRemesher_交付\01A眼窝与眼球\screenshots\v39_norm_front.png'
  00:03.453  render           | Saved: 'E:\WangZhen_Project\AI\ShuZiRen\Hermes\SZRYanJiu\v3_QuadRemesher_交付\01A眼窝与眼球\screenshots\v39_norm_sideL.png'
  00:04.313  render           | Saved: 'E:\WangZhen_Project\AI\ShuZiRen\Hermes\SZRYanJiu\v3_QuadRemesher_交付\01A眼窝与眼球\screenshots\v39_tex_front.png'
  00:04.735  render           | Saved: 'E:\WangZhen_Project\AI\ShuZiRen\Hermes\SZRYanJiu\v3_QuadRemesher_交付\01A眼窝与眼球\screenshots\v39_tex_sideL.png'
迭代410完成

--- 迭代 411 ---
  01:27.328  render           | Saved: 'E:\WangZhen_Project\AI\ShuZiRen\Hermes\SZRYanJiu\v3_QuadRemesher_交付\01A眼窝与眼球\screenshots\01_1_eye_socket_front.png'
  01:27.469  render           | Saved: 'E:\WangZhen_Project\AI\ShuZiRen\Hermes\SZRYanJiu\v3_QuadRemesher_交付\01A眼窝与眼球\screenshots\01_1_eye_socket_side.png'
  make_eye_cup L: boundary ring M=90 (of 1 rings), ring relaxed x12, jump avg=0.46mm max=0.79mm
  recalc_face_normals: SKIPPED (v38, geometric only)
  geometric orientation: reversed 1920 bowl faces to face -Y, still wrong=0
  UV分配: 10710 loops, avg=(0.0793,0.0632), u=[0.0000,1.0000] v=[0.0000,1.0000]
  make_eye_cup R: boundary ring M=89 (of 1 rings), ring relaxed x12, jump avg=0.47mm max=0.87mm
  recalc_face_normals: SKIPPED (v38, geometric only)
  geometric orientation: reversed 247 bowl faces to face -Y, still wrong=0
  UV分配: 9844 loops, avg=(0.5786,0.1021), u=[0.0000,1.0000] v=[0.0000,1.0000]
  Saved: E:\WangZhen_Project\AI\ShuZiRen\Hermes\SZRYanJiu\v3_QuadRemesher_交付\01A眼窝与眼球\models\01_1_eye_socket.blend
  00:02.984  render           | Saved: 'E:\WangZhen_Project\AI\ShuZiRen\Hermes\SZRYanJiu\v3_QuadRemesher_交付\01A眼窝与眼球\screenshots\v39_norm_front.png'
  00:03.390  render           | Saved: 'E:\WangZhen_Project\AI\ShuZiRen\Hermes\SZRYanJiu\v3_QuadRemesher_交付\01A眼窝与眼球\screenshots\v39_norm_sideL.png'
  00:04.234  render           | Saved: 'E:\WangZhen_Project\AI\ShuZiRen\Hermes\SZRYanJiu\v3_QuadRemesher_交付\01A眼窝与眼球\screenshots\v39_tex_front.png'
  00:04.640  render           | Saved: 'E:\WangZhen_Project\AI\ShuZiRen\Hermes\SZRYanJiu\v3_QuadRemesher_交付\01A眼窝与眼球\screenshots\v39_tex_sideL.png'
迭代411完成

--- 迭代 412 ---
  01:27.250  render           | Saved: 'E:\WangZhen_Project\AI\ShuZiRen\Hermes\SZRYanJiu\v3_QuadRemesher_交付\01A眼窝与眼球\screenshots\01_1_eye_socket_front.png'
  01:27.375  render           | Saved: 'E:\WangZhen_Project\AI\ShuZiRen\Hermes\SZRYanJiu\v3_QuadRemesher_交付\01A眼窝与眼球\screenshots\01_1_eye_socket_side.png'
  make_eye_cup L: boundary ring M=90 (of 1 rings), ring relaxed x12, jump avg=0.46mm max=0.79mm
  recalc_face_normals: SKIPPED (v38, geometric only)
  geometric orientation: reversed 1920 bowl faces to face -Y, still wrong=0
  UV分配: 10710 loops, avg=(0.0793,0.0632), u=[0.0000,1.0000] v=[0.0000,1.0000]
  make_eye_cup R: boundary ring M=89 (of 1 rings), ring relaxed x12, jump avg=0.47mm max=0.87mm
  recalc_face_normals: SKIPPED (v38, geometric only)
  geometric orientation: reversed 247 bowl faces to face -Y, still wrong=0
  UV分配: 9844 loops, avg=(0.5786,0.1021), u=[0.0000,1.0000] v=[0.0000,1.0000]
  Saved: E:\WangZhen_Project\AI\ShuZiRen\Hermes\SZRYanJiu\v3_QuadRemesher_交付\01A眼窝与眼球\models\01_1_eye_socket.blend
  00:02.953  render           | Saved: 'E:\WangZhen_Project\AI\ShuZiRen\Hermes\SZRYanJiu\v3_QuadRemesher_交付\01A眼窝与眼球\screenshots\v39_norm_front.png'
  00:03.344  render           | Saved: 'E:\WangZhen_Project\AI\ShuZiRen\Hermes\SZRYanJiu\v3_QuadRemesher_交付\01A眼窝与眼球\screenshots\v39_norm_sideL.png'
  00:04.203  render           | Saved: 'E:\WangZhen_Project\AI\ShuZiRen\Hermes\SZRYanJiu\v3_QuadRemesher_交付\01A眼窝与眼球\screenshots\v39_tex_front.png'
  00:04.609  render           | Saved: 'E:\WangZhen_Project\AI\ShuZiRen\Hermes\SZRYanJiu\v3_QuadRemesher_交付\01A眼窝与眼球\screenshots\v39_tex_sideL.png'
迭代412完成

--- 迭代 413 ---
  01:27.672  render           | Saved: 'E:\WangZhen_Project\AI\ShuZiRen\Hermes\SZRYanJiu\v3_QuadRemesher_交付\01A眼窝与眼球\screenshots\01_1_eye_socket_front.png'
  01:27.797  render           | Saved: 'E:\WangZhen_Project\AI\ShuZiRen\Hermes\SZRYanJiu\v3_QuadRemesher_交付\01A眼窝与眼球\screenshots\01_1_eye_socket_side.png'
  make_eye_cup L: boundary ring M=90 (of 1 rings), ring relaxed x12, jump avg=0.46mm max=0.79mm
  recalc_face_normals: SKIPPED (v38, geometric only)
  geometric orientation: reversed 1920 bowl faces to face -Y, still wrong=0
  UV分配: 10710 loops, avg=(0.0793,0.0632), u=[0.0000,1.0000] v=[0.0000,1.0000]
  make_eye_cup R: boundary ring M=89 (of 1 rings), ring relaxed x12, jump avg=0.47mm max=0.87mm
  recalc_face_normals: SKIPPED (v38, geometric only)
  geometric orientation: reversed 247 bowl faces to face -Y, still wrong=0
  UV分配: 9844 loops, avg=(0.5786,0.1021), u=[0.0000,1.0000] v=[0.0000,1.0000]
  Saved: E:\WangZhen_Project\AI\ShuZiRen\Hermes\SZRYanJiu\v3_QuadRemesher_交付\01A眼窝与眼球\models\01_1_eye_socket.blend
  00:02.968  render           | Saved: 'E:\WangZhen_Project\AI\ShuZiRen\Hermes\SZRYanJiu\v3_QuadRemesher_交付\01A眼窝与眼球\screenshots\v39_norm_front.png'
  00:03.390  render           | Saved: 'E:\WangZhen_Project\AI\ShuZiRen\Hermes\SZRYanJiu\v3_QuadRemesher_交付\01A眼窝与眼球\screenshots\v39_norm_sideL.png'
  00:04.234  render           | Saved: 'E:\WangZhen_Project\AI\ShuZiRen\Hermes\SZRYanJiu\v3_QuadRemesher_交付\01A眼窝与眼球\screenshots\v39_tex_front.png'
  00:04.656  render           | Saved: 'E:\WangZhen_Project\AI\ShuZiRen\Hermes\SZRYanJiu\v3_QuadRemesher_交付\01A眼窝与眼球\screenshots\v39_tex_sideL.png'
迭代413完成

--- 迭代 414 ---
  01:27.219  render           | Saved: 'E:\WangZhen_Project\AI\ShuZiRen\Hermes\SZRYanJiu\v3_QuadRemesher_交付\01A眼窝与眼球\screenshots\01_1_eye_socket_front.png'
  01:27.344  render           | Saved: 'E:\WangZhen_Project\AI\ShuZiRen\Hermes\SZRYanJiu\v3_QuadRemesher_交付\01A眼窝与眼球\screenshots\01_1_eye_socket_side.png'
  make_eye_cup L: boundary ring M=90 (of 1 rings), ring relaxed x12, jump avg=0.46mm max=0.79mm
  recalc_face_normals: SKIPPED (v38, geometric only)
  geometric orientation: reversed 1920 bowl faces to face -Y, still wrong=0
  UV分配: 10710 loops, avg=(0.0793,0.0632), u=[0.0000,1.0000] v=[0.0000,1.0000]
  make_eye_cup R: boundary ring M=89 (of 1 rings), ring relaxed x12, jump avg=0.47mm max=0.87mm
  recalc_face_normals: SKIPPED (v38, geometric only)
  geometric orientation: reversed 247 bowl faces to face -Y, still wrong=0
  UV分配: 9844 loops, avg=(0.5786,0.1021), u=[0.0000,1.0000] v=[0.0000,1.0000]
  Saved: E:\WangZhen_Project\AI\ShuZiRen\Hermes\SZRYanJiu\v3_QuadRemesher_交付\01A眼窝与眼球\models\01_1_eye_socket.blend
  00:02.969  render           | Saved: 'E:\WangZhen_Project\AI\ShuZiRen\Hermes\SZRYanJiu\v3_QuadRemesher_交付\01A眼窝与眼球\screenshots\v39_norm_front.png'
  00:03.359  render           | Saved: 'E:\WangZhen_Project\AI\ShuZiRen\Hermes\SZRYanJiu\v3_QuadRemesher_交付\01A眼窝与眼球\screenshots\v39_norm_sideL.png'
  00:04.219  render           | Saved: 'E:\WangZhen_Project\AI\ShuZiRen\Hermes\SZRYanJiu\v3_QuadRemesher_交付\01A眼窝与眼球\screenshots\v39_tex_front.png'
  00:04.641  render           | Saved: 'E:\WangZhen_Project\AI\ShuZiRen\Hermes\SZRYanJiu\v3_QuadRemesher_交付\01A眼窝与眼球\screenshots\v39_tex_sideL.png'
迭代414完成

--- 迭代 415 ---
  01:27.500  render           | Saved: 'E:\WangZhen_Project\AI\ShuZiRen\Hermes\SZRYanJiu\v3_QuadRemesher_交付\01A眼窝与眼球\screenshots\01_1_eye_socket_front.png'
  01:27.625  render           | Saved: 'E:\WangZhen_Project\AI\ShuZiRen\Hermes\SZRYanJiu\v3_QuadRemesher_交付\01A眼窝与眼球\screenshots\01_1_eye_socket_side.png'
  make_eye_cup L: boundary ring M=90 (of 1 rings), ring relaxed x12, jump avg=0.46mm max=0.79mm
  recalc_face_normals: SKIPPED (v38, geometric only)
  geometric orientation: reversed 1920 bowl faces to face -Y, still wrong=0
  UV分配: 10710 loops, avg=(0.0793,0.0632), u=[0.0000,1.0000] v=[0.0000,1.0000]
  make_eye_cup R: boundary ring M=89 (of 1 rings), ring relaxed x12, jump avg=0.47mm max=0.87mm
  recalc_face_normals: SKIPPED (v38, geometric only)
  geometric orientation: reversed 247 bowl faces to face -Y, still wrong=0
  UV分配: 9844 loops, avg=(0.5786,0.1021), u=[0.0000,1.0000] v=[0.0000,1.0000]
  Saved: E:\WangZhen_Project\AI\ShuZiRen\Hermes\SZRYanJiu\v3_QuadRemesher_交付\01A眼窝与眼球\models\01_1_eye_socket.blend
  00:02.984  render           | Saved: 'E:\WangZhen_Project\AI\ShuZiRen\Hermes\SZRYanJiu\v3_QuadRemesher_交付\01A眼窝与眼球\screenshots\v39_norm_front.png'
  00:03.375  render           | Saved: 'E:\WangZhen_Project\AI\ShuZiRen\Hermes\SZRYanJiu\v3_QuadRemesher_交付\01A眼窝与眼球\screenshots\v39_norm_sideL.png'
  00:04.234  render           | Saved: 'E:\WangZhen_Project\AI\ShuZiRen\Hermes\SZRYanJiu\v3_QuadRemesher_交付\01A眼窝与眼球\screenshots\v39_tex_front.png'
  00:04.656  render           | Saved: 'E:\WangZhen_Project\AI\ShuZiRen\Hermes\SZRYanJiu\v3_QuadRemesher_交付\01A眼窝与眼球\screenshots\v39_tex_sideL.png'
迭代415完成

--- 迭代 416 ---
  01:27.125  render           | Saved: 'E:\WangZhen_Project\AI\ShuZiRen\Hermes\SZRYanJiu\v3_QuadRemesher_交付\01A眼窝与眼球\screenshots\01_1_eye_socket_front.png'
  01:27.250  render           | Saved: 'E:\WangZhen_Project\AI\ShuZiRen\Hermes\SZRYanJiu\v3_QuadRemesher_交付\01A眼窝与眼球\screenshots\01_1_eye_socket_side.png'
  make_eye_cup L: boundary ring M=90 (of 1 rings), ring relaxed x12, jump avg=0.46mm max=0.79mm
  recalc_face_normals: SKIPPED (v38, geometric only)
  geometric orientation: reversed 1920 bowl faces to face -Y, still wrong=0
  UV分配: 10710 loops, avg=(0.0793,0.0632), u=[0.0000,1.0000] v=[0.0000,1.0000]
  make_eye_cup R: boundary ring M=89 (of 1 rings), ring relaxed x12, jump avg=0.47mm max=0.87mm
  recalc_face_normals: SKIPPED (v38, geometric only)
  geometric orientation: reversed 247 bowl faces to face -Y, still wrong=0
  UV分配: 9844 loops, avg=(0.5786,0.1021), u=[0.0000,1.0000] v=[0.0000,1.0000]
  Saved: E:\WangZhen_Project\AI\ShuZiRen\Hermes\SZRYanJiu\v3_QuadRemesher_交付\01A眼窝与眼球\models\01_1_eye_socket.blend
  00:02.953  render           | Saved: 'E:\WangZhen_Project\AI\ShuZiRen\Hermes\SZRYanJiu\v3_QuadRemesher_交付\01A眼窝与眼球\screenshots\v39_norm_front.png'
  00:03.344  render           | Saved: 'E:\WangZhen_Project\AI\ShuZiRen\Hermes\SZRYanJiu\v3_QuadRemesher_交付\01A眼窝与眼球\screenshots\v39_norm_sideL.png'
  00:04.203  render           | Saved: 'E:\WangZhen_Project\AI\ShuZiRen\Hermes\SZRYanJiu\v3_QuadRemesher_交付\01A眼窝与眼球\screenshots\v39_tex_front.png'
  00:04.610  render           | Saved: 'E:\WangZhen_Project\AI\ShuZiRen\Hermes\SZRYanJiu\v3_QuadRemesher_交付\01A眼窝与眼球\screenshots\v39_tex_sideL.png'
迭代416完成

--- 迭代 417 ---
  01:27.594  render           | Saved: 'E:\WangZhen_Project\AI\ShuZiRen\Hermes\SZRYanJiu\v3_QuadRemesher_交付\01A眼窝与眼球\screenshots\01_1_eye_socket_front.png'
  01:27.719  render           | Saved: 'E:\WangZhen_Project\AI\ShuZiRen\Hermes\SZRYanJiu\v3_QuadRemesher_交付\01A眼窝与眼球\screenshots\01_1_eye_socket_side.png'
  make_eye_cup L: boundary ring M=90 (of 1 rings), ring relaxed x12, jump avg=0.46mm max=0.79mm
  recalc_face_normals: SKIPPED (v38, geometric only)
  geometric orientation: reversed 1920 bowl faces to face -Y, still wrong=0
  UV分配: 10710 loops, avg=(0.0793,0.0632), u=[0.0000,1.0000] v=[0.0000,1.0000]
  make_eye_cup R: boundary ring M=89 (of 1 rings), ring relaxed x12, jump avg=0.47mm max=0.87mm
  recalc_face_normals: SKIPPED (v38, geometric only)
  geometric orientation: reversed 247 bowl faces to face -Y, still wrong=0
  UV分配: 9844 loops, avg=(0.5786,0.1021), u=[0.0000,1.0000] v=[0.0000,1.0000]
  Saved: E:\WangZhen_Project\AI\ShuZiRen\Hermes\SZRYanJiu\v3_QuadRemesher_交付\01A眼窝与眼球\models\01_1_eye_socket.blend
  00:02.969  render           | Saved: 'E:\WangZhen_Project\AI\ShuZiRen\Hermes\SZRYanJiu\v3_QuadRemesher_交付\01A眼窝与眼球\screenshots\v39_norm_front.png'
  00:03.375  render           | Saved: 'E:\WangZhen_Project\AI\ShuZiRen\Hermes\SZRYanJiu\v3_QuadRemesher_交付\01A眼窝与眼球\screenshots\v39_norm_sideL.png'
  00:04.235  render           | Saved: 'E:\WangZhen_Project\AI\ShuZiRen\Hermes\SZRYanJiu\v3_QuadRemesher_交付\01A眼窝与眼球\screenshots\v39_tex_front.png'
  00:04.641  render           | Saved: 'E:\WangZhen_Project\AI\ShuZiRen\Hermes\SZRYanJiu\v3_QuadRemesher_交付\01A眼窝与眼球\screenshots\v39_tex_sideL.png'
迭代417完成

--- 迭代 418 ---
  01:27.375  render           | Saved: 'E:\WangZhen_Project\AI\ShuZiRen\Hermes\SZRYanJiu\v3_QuadRemesher_交付\01A眼窝与眼球\screenshots\01_1_eye_socket_front.png'
  01:27.500  render           | Saved: 'E:\WangZhen_Project\AI\ShuZiRen\Hermes\SZRYanJiu\v3_QuadRemesher_交付\01A眼窝与眼球\screenshots\01_1_eye_socket_side.png'
  make_eye_cup L: boundary ring M=90 (of 1 rings), ring relaxed x12, jump avg=0.46mm max=0.79mm
  recalc_face_normals: SKIPPED (v38, geometric only)
  geometric orientation: reversed 1920 bowl faces to face -Y, still wrong=0
  UV分配: 10710 loops, avg=(0.0793,0.0632), u=[0.0000,1.0000] v=[0.0000,1.0000]
  make_eye_cup R: boundary ring M=89 (of 1 rings), ring relaxed x12, jump avg=0.47mm max=0.87mm
  recalc_face_normals: SKIPPED (v38, geometric only)
  geometric orientation: reversed 247 bowl faces to face -Y, still wrong=0
  UV分配: 9844 loops, avg=(0.5786,0.1021), u=[0.0000,1.0000] v=[0.0000,1.0000]
  Saved: E:\WangZhen_Project\AI\ShuZiRen\Hermes\SZRYanJiu\v3_QuadRemesher_交付\01A眼窝与眼球\models\01_1_eye_socket.blend
  00:02.953  render           | Saved: 'E:\WangZhen_Project\AI\ShuZiRen\Hermes\SZRYanJiu\v3_QuadRemesher_交付\01A眼窝与眼球\screenshots\v39_norm_front.png'
  00:03.344  render           | Saved: 'E:\WangZhen_Project\AI\ShuZiRen\Hermes\SZRYanJiu\v3_QuadRemesher_交付\01A眼窝与眼球\screenshots\v39_norm_sideL.png'
  00:04.203  render           | Saved: 'E:\WangZhen_Project\AI\ShuZiRen\Hermes\SZRYanJiu\v3_QuadRemesher_交付\01A眼窝与眼球\screenshots\v39_tex_front.png'
  00:04.640  render           | Saved: 'E:\WangZhen_Project\AI\ShuZiRen\Hermes\SZRYanJiu\v3_QuadRemesher_交付\01A眼窝与眼球\screenshots\v39_tex_sideL.png'
迭代418完成

--- 迭代 419 ---
  01:27.203  render           | Saved: 'E:\WangZhen_Project\AI\ShuZiRen\Hermes\SZRYanJiu\v3_QuadRemesher_交付\01A眼窝与眼球\screenshots\01_1_eye_socket_front.png'
  01:27.328  render           | Saved: 'E:\WangZhen_Project\AI\ShuZiRen\Hermes\SZRYanJiu\v3_QuadRemesher_交付\01A眼窝与眼球\screenshots\01_1_eye_socket_side.png'
  make_eye_cup L: boundary ring M=90 (of 1 rings), ring relaxed x12, jump avg=0.46mm max=0.79mm
  recalc_face_normals: SKIPPED (v38, geometric only)
  geometric orientation: reversed 1920 bowl faces to face -Y, still wrong=0
  UV分配: 10710 loops, avg=(0.0793,0.0632), u=[0.0000,1.0000] v=[0.0000,1.0000]
  make_eye_cup R: boundary ring M=89 (of 1 rings), ring relaxed x12, jump avg=0.47mm max=0.87mm
  recalc_face_normals: SKIPPED (v38, geometric only)
  geometric orientation: reversed 247 bowl faces to face -Y, still wrong=0
  UV分配: 9844 loops, avg=(0.5786,0.1021), u=[0.0000,1.0000] v=[0.0000,1.0000]
  Saved: E:\WangZhen_Project\AI\ShuZiRen\Hermes\SZRYanJiu\v3_QuadRemesher_交付\01A眼窝与眼球\models\01_1_eye_socket.blend
  00:03.000  render           | Saved: 'E:\WangZhen_Project\AI\ShuZiRen\Hermes\SZRYanJiu\v3_QuadRemesher_交付\01A眼窝与眼球\screenshots\v39_norm_front.png'
  00:03.390  render           | Saved: 'E:\WangZhen_Project\AI\ShuZiRen\Hermes\SZRYanJiu\v3_QuadRemesher_交付\01A眼窝与眼球\screenshots\v39_norm_sideL.png'
  00:04.234  render           | Saved: 'E:\WangZhen_Project\AI\ShuZiRen\Hermes\SZRYanJiu\v3_QuadRemesher_交付\01A眼窝与眼球\screenshots\v39_tex_front.png'
  00:04.672  render           | Saved: 'E:\WangZhen_Project\AI\ShuZiRen\Hermes\SZRYanJiu\v3_QuadRemesher_交付\01A眼窝与眼球\screenshots\v39_tex_sideL.png'
迭代419完成

--- 迭代 420 ---
  01:27.266  render           | Saved: 'E:\WangZhen_Project\AI\ShuZiRen\Hermes\SZRYanJiu\v3_QuadRemesher_交付\01A眼窝与眼球\screenshots\01_1_eye_socket_front.png'
  01:27.391  render           | Saved: 'E:\WangZhen_Project\AI\ShuZiRen\Hermes\SZRYanJiu\v3_QuadRemesher_交付\01A眼窝与眼球\screenshots\01_1_eye_socket_side.png'
  make_eye_cup L: boundary ring M=90 (of 1 rings), ring relaxed x12, jump avg=0.46mm max=0.79mm
  recalc_face_normals: SKIPPED (v38, geometric only)
  geometric orientation: reversed 1920 bowl faces to face -Y, still wrong=0
  UV分配: 10710 loops, avg=(0.0793,0.0632), u=[0.0000,1.0000] v=[0.0000,1.0000]
  make_eye_cup R: boundary ring M=89 (of 1 rings), ring relaxed x12, jump avg=0.47mm max=0.87mm
  recalc_face_normals: SKIPPED (v38, geometric only)
  geometric orientation: reversed 247 bowl faces to face -Y, still wrong=0
  UV分配: 9844 loops, avg=(0.5786,0.1021), u=[0.0000,1.0000] v=[0.0000,1.0000]
  Saved: E:\WangZhen_Project\AI\ShuZiRen\Hermes\SZRYanJiu\v3_QuadRemesher_交付\01A眼窝与眼球\models\01_1_eye_socket.blend
  00:03.031  render           | Saved: 'E:\WangZhen_Project\AI\ShuZiRen\Hermes\SZRYanJiu\v3_QuadRemesher_交付\01A眼窝与眼球\screenshots\v39_norm_front.png'
  00:03.422  render           | Saved: 'E:\WangZhen_Project\AI\ShuZiRen\Hermes\SZRYanJiu\v3_QuadRemesher_交付\01A眼窝与眼球\screenshots\v39_norm_sideL.png'
  00:04.281  render           | Saved: 'E:\WangZhen_Project\AI\ShuZiRen\Hermes\SZRYanJiu\v3_QuadRemesher_交付\01A眼窝与眼球\screenshots\v39_tex_front.png'
  00:04.719  render           | Saved: 'E:\WangZhen_Project\AI\ShuZiRen\Hermes\SZRYanJiu\v3_QuadRemesher_交付\01A眼窝与眼球\screenshots\v39_tex_sideL.png'
迭代420完成

--- 迭代 421 ---
  01:27.000  render           | Saved: 'E:\WangZhen_Project\AI\ShuZiRen\Hermes\SZRYanJiu\v3_QuadRemesher_交付\01A眼窝与眼球\screenshots\01_1_eye_socket_front.png'
  01:27.141  render           | Saved: 'E:\WangZhen_Project\AI\ShuZiRen\Hermes\SZRYanJiu\v3_QuadRemesher_交付\01A眼窝与眼球\screenshots\01_1_eye_socket_side.png'
  make_eye_cup L: boundary ring M=90 (of 1 rings), ring relaxed x12, jump avg=0.46mm max=0.79mm
  recalc_face_normals: SKIPPED (v38, geometric only)
  geometric orientation: reversed 1920 bowl faces to face -Y, still wrong=0
  UV分配: 10710 loops, avg=(0.0793,0.0632), u=[0.0000,1.0000] v=[0.0000,1.0000]
  make_eye_cup R: boundary ring M=89 (of 1 rings), ring relaxed x12, jump avg=0.47mm max=0.87mm
  recalc_face_normals: SKIPPED (v38, geometric only)
  geometric orientation: reversed 247 bowl faces to face -Y, still wrong=0
  UV分配: 9844 loops, avg=(0.5786,0.1021), u=[0.0000,1.0000] v=[0.0000,1.0000]
  Saved: E:\WangZhen_Project\AI\ShuZiRen\Hermes\SZRYanJiu\v3_QuadRemesher_交付\01A眼窝与眼球\models\01_1_eye_socket.blend
  00:03.000  render           | Saved: 'E:\WangZhen_Project\AI\ShuZiRen\Hermes\SZRYanJiu\v3_QuadRemesher_交付\01A眼窝与眼球\screenshots\v39_norm_front.png'
  00:03.406  render           | Saved: 'E:\WangZhen_Project\AI\ShuZiRen\Hermes\SZRYanJiu\v3_QuadRemesher_交付\01A眼窝与眼球\screenshots\v39_norm_sideL.png'
  00:04.250  render           | Saved: 'E:\WangZhen_Project\AI\ShuZiRen\Hermes\SZRYanJiu\v3_QuadRemesher_交付\01A眼窝与眼球\screenshots\v39_tex_front.png'
  00:04.672  render           | Saved: 'E:\WangZhen_Project\AI\ShuZiRen\Hermes\SZRYanJiu\v3_QuadRemesher_交付\01A眼窝与眼球\screenshots\v39_tex_sideL.png'
迭代421完成

--- 迭代 422 ---
  01:27.172  render           | Saved: 'E:\WangZhen_Project\AI\ShuZiRen\Hermes\SZRYanJiu\v3_QuadRemesher_交付\01A眼窝与眼球\screenshots\01_1_eye_socket_front.png'
  01:27.297  render           | Saved: 'E:\WangZhen_Project\AI\ShuZiRen\Hermes\SZRYanJiu\v3_QuadRemesher_交付\01A眼窝与眼球\screenshots\01_1_eye_socket_side.png'
  make_eye_cup L: boundary ring M=90 (of 1 rings), ring relaxed x12, jump avg=0.46mm max=0.79mm
  recalc_face_normals: SKIPPED (v38, geometric only)
  geometric orientation: reversed 1920 bowl faces to face -Y, still wrong=0
  UV分配: 10710 loops, avg=(0.0793,0.0632), u=[0.0000,1.0000] v=[0.0000,1.0000]
  make_eye_cup R: boundary ring M=89 (of 1 rings), ring relaxed x12, jump avg=0.47mm max=0.87mm
  recalc_face_normals: SKIPPED (v38, geometric only)
  geometric orientation: reversed 247 bowl faces to face -Y, still wrong=0
  UV分配: 9844 loops, avg=(0.5786,0.1021), u=[0.0000,1.0000] v=[0.0000,1.0000]
  Saved: E:\WangZhen_Project\AI\ShuZiRen\Hermes\SZRYanJiu\v3_QuadRemesher_交付\01A眼窝与眼球\models\01_1_eye_socket.blend
  00:03.000  render           | Saved: 'E:\WangZhen_Project\AI\ShuZiRen\Hermes\SZRYanJiu\v3_QuadRemesher_交付\01A眼窝与眼球\screenshots\v39_norm_front.png'
  00:03.390  render           | Saved: 'E:\WangZhen_Project\AI\ShuZiRen\Hermes\SZRYanJiu\v3_QuadRemesher_交付\01A眼窝与眼球\screenshots\v39_norm_sideL.png'
  00:04.234  render           | Saved: 'E:\WangZhen_Project\AI\ShuZiRen\Hermes\SZRYanJiu\v3_QuadRemesher_交付\01A眼窝与眼球\screenshots\v39_tex_front.png'
  00:04.672  render           | Saved: 'E:\WangZhen_Project\AI\ShuZiRen\Hermes\SZRYanJiu\v3_QuadRemesher_交付\01A眼窝与眼球\screenshots\v39_tex_sideL.png'
迭代422完成

--- 迭代 423 ---
  01:27.203  render           | Saved: 'E:\WangZhen_Project\AI\ShuZiRen\Hermes\SZRYanJiu\v3_QuadRemesher_交付\01A眼窝与眼球\screenshots\01_1_eye_socket_front.png'
  01:27.328  render           | Saved: 'E:\WangZhen_Project\AI\ShuZiRen\Hermes\SZRYanJiu\v3_QuadRemesher_交付\01A眼窝与眼球\screenshots\01_1_eye_socket_side.png'
  make_eye_cup L: boundary ring M=90 (of 1 rings), ring relaxed x12, jump avg=0.46mm max=0.79mm
  recalc_face_normals: SKIPPED (v38, geometric only)
  geometric orientation: reversed 1920 bowl faces to face -Y, still wrong=0
  UV分配: 10710 loops, avg=(0.0793,0.0632), u=[0.0000,1.0000] v=[0.0000,1.0000]
  make_eye_cup R: boundary ring M=89 (of 1 rings), ring relaxed x12, jump avg=0.47mm max=0.87mm
  recalc_face_normals: SKIPPED (v38, geometric only)
  geometric orientation: reversed 247 bowl faces to face -Y, still wrong=0
  UV分配: 9844 loops, avg=(0.5786,0.1021), u=[0.0000,1.0000] v=[0.0000,1.0000]
  Saved: E:\WangZhen_Project\AI\ShuZiRen\Hermes\SZRYanJiu\v3_QuadRemesher_交付\01A眼窝与眼球\models\01_1_eye_socket.blend
  00:02.968  render           | Saved: 'E:\WangZhen_Project\AI\ShuZiRen\Hermes\SZRYanJiu\v3_QuadRemesher_交付\01A眼窝与眼球\screenshots\v39_norm_front.png'
  00:03.375  render           | Saved: 'E:\WangZhen_Project\AI\ShuZiRen\Hermes\SZRYanJiu\v3_QuadRemesher_交付\01A眼窝与眼球\screenshots\v39_norm_sideL.png'
  00:04.218  render           | Saved: 'E:\WangZhen_Project\AI\ShuZiRen\Hermes\SZRYanJiu\v3_QuadRemesher_交付\01A眼窝与眼球\screenshots\v39_tex_front.png'
  00:04.656  render           | Saved: 'E:\WangZhen_Project\AI\ShuZiRen\Hermes\SZRYanJiu\v3_QuadRemesher_交付\01A眼窝与眼球\screenshots\v39_tex_sideL.png'
迭代423完成

--- 迭代 424 ---
  01:26.985  render           | Saved: 'E:\WangZhen_Project\AI\ShuZiRen\Hermes\SZRYanJiu\v3_QuadRemesher_交付\01A眼窝与眼球\screenshots\01_1_eye_socket_front.png'
  01:27.094  render           | Saved: 'E:\WangZhen_Project\AI\ShuZiRen\Hermes\SZRYanJiu\v3_QuadRemesher_交付\01A眼窝与眼球\screenshots\01_1_eye_socket_side.png'
  make_eye_cup L: boundary ring M=90 (of 1 rings), ring relaxed x12, jump avg=0.46mm max=0.79mm
  recalc_face_normals: SKIPPED (v38, geometric only)
  geometric orientation: reversed 1920 bowl faces to face -Y, still wrong=0
  UV分配: 10710 loops, avg=(0.0793,0.0632), u=[0.0000,1.0000] v=[0.0000,1.0000]
  make_eye_cup R: boundary ring M=89 (of 1 rings), ring relaxed x12, jump avg=0.47mm max=0.87mm
  recalc_face_normals: SKIPPED (v38, geometric only)
  geometric orientation: reversed 247 bowl faces to face -Y, still wrong=0
  UV分配: 9844 loops, avg=(0.5786,0.1021), u=[0.0000,1.0000] v=[0.0000,1.0000]
  Saved: E:\WangZhen_Project\AI\ShuZiRen\Hermes\SZRYanJiu\v3_QuadRemesher_交付\01A眼窝与眼球\models\01_1_eye_socket.blend
  00:03.000  render           | Saved: 'E:\WangZhen_Project\AI\ShuZiRen\Hermes\SZRYanJiu\v3_QuadRemesher_交付\01A眼窝与眼球\screenshots\v39_norm_front.png'
  00:03.391  render           | Saved: 'E:\WangZhen_Project\AI\ShuZiRen\Hermes\SZRYanJiu\v3_QuadRemesher_交付\01A眼窝与眼球\screenshots\v39_norm_sideL.png'
  00:04.250  render           | Saved: 'E:\WangZhen_Project\AI\ShuZiRen\Hermes\SZRYanJiu\v3_QuadRemesher_交付\01A眼窝与眼球\screenshots\v39_tex_front.png'
  00:04.657  render           | Saved: 'E:\WangZhen_Project\AI\ShuZiRen\Hermes\SZRYanJiu\v3_QuadRemesher_交付\01A眼窝与眼球\screenshots\v39_tex_sideL.png'
迭代424完成

--- 迭代 425 ---
  01:27.438  render           | Saved: 'E:\WangZhen_Project\AI\ShuZiRen\Hermes\SZRYanJiu\v3_QuadRemesher_交付\01A眼窝与眼球\screenshots\01_1_eye_socket_front.png'
  01:27.563  render           | Saved: 'E:\WangZhen_Project\AI\ShuZiRen\Hermes\SZRYanJiu\v3_QuadRemesher_交付\01A眼窝与眼球\screenshots\01_1_eye_socket_side.png'
  make_eye_cup L: boundary ring M=90 (of 1 rings), ring relaxed x12, jump avg=0.46mm max=0.79mm
  recalc_face_normals: SKIPPED (v38, geometric only)
  geometric orientation: reversed 1920 bowl faces to face -Y, still wrong=0
  UV分配: 10710 loops, avg=(0.0793,0.0632), u=[0.0000,1.0000] v=[0.0000,1.0000]
  make_eye_cup R: boundary ring M=89 (of 1 rings), ring relaxed x12, jump avg=0.47mm max=0.87mm
  recalc_face_normals: SKIPPED (v38, geometric only)
  geometric orientation: reversed 247 bowl faces to face -Y, still wrong=0
  UV分配: 9844 loops, avg=(0.5786,0.1021), u=[0.0000,1.0000] v=[0.0000,1.0000]
  Saved: E:\WangZhen_Project\AI\ShuZiRen\Hermes\SZRYanJiu\v3_QuadRemesher_交付\01A眼窝与眼球\models\01_1_eye_socket.blend
  00:03.000  render           | Saved: 'E:\WangZhen_Project\AI\ShuZiRen\Hermes\SZRYanJiu\v3_QuadRemesher_交付\01A眼窝与眼球\screenshots\v39_norm_front.png'
  00:03.406  render           | Saved: 'E:\WangZhen_Project\AI\ShuZiRen\Hermes\SZRYanJiu\v3_QuadRemesher_交付\01A眼窝与眼球\screenshots\v39_norm_sideL.png'
  00:04.265  render           | Saved: 'E:\WangZhen_Project\AI\ShuZiRen\Hermes\SZRYanJiu\v3_QuadRemesher_交付\01A眼窝与眼球\screenshots\v39_tex_front.png'
  00:04.687  render           | Saved: 'E:\WangZhen_Project\AI\ShuZiRen\Hermes\SZRYanJiu\v3_QuadRemesher_交付\01A眼窝与眼球\screenshots\v39_tex_sideL.png'
迭代425完成

--- 迭代 426 ---
  01:27.063  render           | Saved: 'E:\WangZhen_Project\AI\ShuZiRen\Hermes\SZRYanJiu\v3_QuadRemesher_交付\01A眼窝与眼球\screenshots\01_1_eye_socket_front.png'
  01:27.203  render           | Saved: 'E:\WangZhen_Project\AI\ShuZiRen\Hermes\SZRYanJiu\v3_QuadRemesher_交付\01A眼窝与眼球\screenshots\01_1_eye_socket_side.png'
  make_eye_cup L: boundary ring M=90 (of 1 rings), ring relaxed x12, jump avg=0.46mm max=0.79mm
  recalc_face_normals: SKIPPED (v38, geometric only)
  geometric orientation: reversed 1920 bowl faces to face -Y, still wrong=0
  UV分配: 10710 loops, avg=(0.0793,0.0632), u=[0.0000,1.0000] v=[0.0000,1.0000]
  make_eye_cup R: boundary ring M=89 (of 1 rings), ring relaxed x12, jump avg=0.47mm max=0.87mm
  recalc_face_normals: SKIPPED (v38, geometric only)
  geometric orientation: reversed 247 bowl faces to face -Y, still wrong=0
  UV分配: 9844 loops, avg=(0.5786,0.1021), u=[0.0000,1.0000] v=[0.0000,1.0000]
  Saved: E:\WangZhen_Project\AI\ShuZiRen\Hermes\SZRYanJiu\v3_QuadRemesher_交付\01A眼窝与眼球\models\01_1_eye_socket.blend
  00:02.984  render           | Saved: 'E:\WangZhen_Project\AI\ShuZiRen\Hermes\SZRYanJiu\v3_QuadRemesher_交付\01A眼窝与眼球\screenshots\v39_norm_front.png'
  00:03.390  render           | Saved: 'E:\WangZhen_Project\AI\ShuZiRen\Hermes\SZRYanJiu\v3_QuadRemesher_交付\01A眼窝与眼球\screenshots\v39_norm_sideL.png'
  00:04.218  render           | Saved: 'E:\WangZhen_Project\AI\ShuZiRen\Hermes\SZRYanJiu\v3_QuadRemesher_交付\01A眼窝与眼球\screenshots\v39_tex_front.png'
  00:04.656  render           | Saved: 'E:\WangZhen_Project\AI\ShuZiRen\Hermes\SZRYanJiu\v3_QuadRemesher_交付\01A眼窝与眼球\screenshots\v39_tex_sideL.png'
迭代426完成

--- 迭代 427 ---
  01:27.188  render           | Saved: 'E:\WangZhen_Project\AI\ShuZiRen\Hermes\SZRYanJiu\v3_QuadRemesher_交付\01A眼窝与眼球\screenshots\01_1_eye_socket_front.png'
  01:27.329  render           | Saved: 'E:\WangZhen_Project\AI\ShuZiRen\Hermes\SZRYanJiu\v3_QuadRemesher_交付\01A眼窝与眼球\screenshots\01_1_eye_socket_side.png'
  make_eye_cup L: boundary ring M=90 (of 1 rings), ring relaxed x12, jump avg=0.46mm max=0.79mm
  recalc_face_normals: SKIPPED (v38, geometric only)
  geometric orientation: reversed 1920 bowl faces to face -Y, still wrong=0
  UV分配: 10710 loops, avg=(0.0793,0.0632), u=[0.0000,1.0000] v=[0.0000,1.0000]
  make_eye_cup R: boundary ring M=89 (of 1 rings), ring relaxed x12, jump avg=0.47mm max=0.87mm
  recalc_face_normals: SKIPPED (v38, geometric only)
  geometric orientation: reversed 247 bowl faces to face -Y, still wrong=0
  UV分配: 9844 loops, avg=(0.5786,0.1021), u=[0.0000,1.0000] v=[0.0000,1.0000]
  Saved: E:\WangZhen_Project\AI\ShuZiRen\Hermes\SZRYanJiu\v3_QuadRemesher_交付\01A眼窝与眼球\models\01_1_eye_socket.blend
  00:03.000  render           | Saved: 'E:\WangZhen_Project\AI\ShuZiRen\Hermes\SZRYanJiu\v3_QuadRemesher_交付\01A眼窝与眼球\screenshots\v39_norm_front.png'
  00:03.406  render           | Saved: 'E:\WangZhen_Project\AI\ShuZiRen\Hermes\SZRYanJiu\v3_QuadRemesher_交付\01A眼窝与眼球\screenshots\v39_norm_sideL.png'
  00:04.250  render           | Saved: 'E:\WangZhen_Project\AI\ShuZiRen\Hermes\SZRYanJiu\v3_QuadRemesher_交付\01A眼窝与眼球\screenshots\v39_tex_front.png'
  00:04.672  render           | Saved: 'E:\WangZhen_Project\AI\ShuZiRen\Hermes\SZRYanJiu\v3_QuadRemesher_交付\01A眼窝与眼球\screenshots\v39_tex_sideL.png'
迭代427完成

--- 迭代 428 ---
  01:27.438  render           | Saved: 'E:\WangZhen_Project\AI\ShuZiRen\Hermes\SZRYanJiu\v3_QuadRemesher_交付\01A眼窝与眼球\screenshots\01_1_eye_socket_front.png'
  01:27.563  render           | Saved: 'E:\WangZhen_Project\AI\ShuZiRen\Hermes\SZRYanJiu\v3_QuadRemesher_交付\01A眼窝与眼球\screenshots\01_1_eye_socket_side.png'
  make_eye_cup L: boundary ring M=90 (of 1 rings), ring relaxed x12, jump avg=0.46mm max=0.79mm
  recalc_face_normals: SKIPPED (v38, geometric only)
  geometric orientation: reversed 1920 bowl faces to face -Y, still wrong=0
  UV分配: 10710 loops, avg=(0.0793,0.0632), u=[0.0000,1.0000] v=[0.0000,1.0000]
  make_eye_cup R: boundary ring M=89 (of 1 rings), ring relaxed x12, jump avg=0.47mm max=0.87mm
  recalc_face_normals: SKIPPED (v38, geometric only)
  geometric orientation: reversed 247 bowl faces to face -Y, still wrong=0
  UV分配: 9844 loops, avg=(0.5786,0.1021), u=[0.0000,1.0000] v=[0.0000,1.0000]
  Saved: E:\WangZhen_Project\AI\ShuZiRen\Hermes\SZRYanJiu\v3_QuadRemesher_交付\01A眼窝与眼球\models\01_1_eye_socket.blend
  00:02.969  render           | Saved: 'E:\WangZhen_Project\AI\ShuZiRen\Hermes\SZRYanJiu\v3_QuadRemesher_交付\01A眼窝与眼球\screenshots\v39_norm_front.png'
  00:03.375  render           | Saved: 'E:\WangZhen_Project\AI\ShuZiRen\Hermes\SZRYanJiu\v3_QuadRemesher_交付\01A眼窝与眼球\screenshots\v39_norm_sideL.png'
  00:04.219  render           | Saved: 'E:\WangZhen_Project\AI\ShuZiRen\Hermes\SZRYanJiu\v3_QuadRemesher_交付\01A眼窝与眼球\screenshots\v39_tex_front.png'
  00:04.641  render           | Saved: 'E:\WangZhen_Project\AI\ShuZiRen\Hermes\SZRYanJiu\v3_QuadRemesher_交付\01A眼窝与眼球\screenshots\v39_tex_sideL.png'
迭代428完成

--- 迭代 429 ---
  01:27.546  render           | Saved: 'E:\WangZhen_Project\AI\ShuZiRen\Hermes\SZRYanJiu\v3_QuadRemesher_交付\01A眼窝与眼球\screenshots\01_1_eye_socket_front.png'
  01:27.671  render           | Saved: 'E:\WangZhen_Project\AI\ShuZiRen\Hermes\SZRYanJiu\v3_QuadRemesher_交付\01A眼窝与眼球\screenshots\01_1_eye_socket_side.png'
  make_eye_cup L: boundary ring M=90 (of 1 rings), ring relaxed x12, jump avg=0.46mm max=0.79mm
  recalc_face_normals: SKIPPED (v38, geometric only)
  geometric orientation: reversed 1920 bowl faces to face -Y, still wrong=0
  UV分配: 10710 loops, avg=(0.0793,0.0632), u=[0.0000,1.0000] v=[0.0000,1.0000]
  make_eye_cup R: boundary ring M=89 (of 1 rings), ring relaxed x12, jump avg=0.47mm max=0.87mm
  recalc_face_normals: SKIPPED (v38, geometric only)
  geometric orientation: reversed 247 bowl faces to face -Y, still wrong=0
  UV分配: 9844 loops, avg=(0.5786,0.1021), u=[0.0000,1.0000] v=[0.0000,1.0000]
  Saved: E:\WangZhen_Project\AI\ShuZiRen\Hermes\SZRYanJiu\v3_QuadRemesher_交付\01A眼窝与眼球\models\01_1_eye_socket.blend
  00:02.969  render           | Saved: 'E:\WangZhen_Project\AI\ShuZiRen\Hermes\SZRYanJiu\v3_QuadRemesher_交付\01A眼窝与眼球\screenshots\v39_norm_front.png'
  00:03.360  render           | Saved: 'E:\WangZhen_Project\AI\ShuZiRen\Hermes\SZRYanJiu\v3_QuadRemesher_交付\01A眼窝与眼球\screenshots\v39_norm_sideL.png'
  00:04.219  render           | Saved: 'E:\WangZhen_Project\AI\ShuZiRen\Hermes\SZRYanJiu\v3_QuadRemesher_交付\01A眼窝与眼球\screenshots\v39_tex_front.png'
  00:04.641  render           | Saved: 'E:\WangZhen_Project\AI\ShuZiRen\Hermes\SZRYanJiu\v3_QuadRemesher_交付\01A眼窝与眼球\screenshots\v39_tex_sideL.png'
迭代429完成

--- 迭代 430 ---
  01:27.171  render           | Saved: 'E:\WangZhen_Project\AI\ShuZiRen\Hermes\SZRYanJiu\v3_QuadRemesher_交付\01A眼窝与眼球\screenshots\01_1_eye_socket_front.png'
  01:27.296  render           | Saved: 'E:\WangZhen_Project\AI\ShuZiRen\Hermes\SZRYanJiu\v3_QuadRemesher_交付\01A眼窝与眼球\screenshots\01_1_eye_socket_side.png'
  make_eye_cup L: boundary ring M=90 (of 1 rings), ring relaxed x12, jump avg=0.46mm max=0.79mm
  recalc_face_normals: SKIPPED (v38, geometric only)
  geometric orientation: reversed 1920 bowl faces to face -Y, still wrong=0
  UV分配: 10710 loops, avg=(0.0793,0.0632), u=[0.0000,1.0000] v=[0.0000,1.0000]
  make_eye_cup R: boundary ring M=89 (of 1 rings), ring relaxed x12, jump avg=0.47mm max=0.87mm
  recalc_face_normals: SKIPPED (v38, geometric only)
  geometric orientation: reversed 247 bowl faces to face -Y, still wrong=0
  UV分配: 9844 loops, avg=(0.5786,0.1021), u=[0.0000,1.0000] v=[0.0000,1.0000]
  Saved: E:\WangZhen_Project\AI\ShuZiRen\Hermes\SZRYanJiu\v3_QuadRemesher_交付\01A眼窝与眼球\models\01_1_eye_socket.blend
  00:02.985  render           | Saved: 'E:\WangZhen_Project\AI\ShuZiRen\Hermes\SZRYanJiu\v3_QuadRemesher_交付\01A眼窝与眼球\screenshots\v39_norm_front.png'
  00:03.407  render           | Saved: 'E:\WangZhen_Project\AI\ShuZiRen\Hermes\SZRYanJiu\v3_QuadRemesher_交付\01A眼窝与眼球\screenshots\v39_norm_sideL.png'
  00:04.266  render           | Saved: 'E:\WangZhen_Project\AI\ShuZiRen\Hermes\SZRYanJiu\v3_QuadRemesher_交付\01A眼窝与眼球\screenshots\v39_tex_front.png'
  00:04.688  render           | Saved: 'E:\WangZhen_Project\AI\ShuZiRen\Hermes\SZRYanJiu\v3_QuadRemesher_交付\01A眼窝与眼球\screenshots\v39_tex_sideL.png'
迭代430完成

--- 迭代 431 ---
  01:27.297  render           | Saved: 'E:\WangZhen_Project\AI\ShuZiRen\Hermes\SZRYanJiu\v3_QuadRemesher_交付\01A眼窝与眼球\screenshots\01_1_eye_socket_front.png'
  01:27.422  render           | Saved: 'E:\WangZhen_Project\AI\ShuZiRen\Hermes\SZRYanJiu\v3_QuadRemesher_交付\01A眼窝与眼球\screenshots\01_1_eye_socket_side.png'
  make_eye_cup L: boundary ring M=90 (of 1 rings), ring relaxed x12, jump avg=0.46mm max=0.79mm
  recalc_face_normals: SKIPPED (v38, geometric only)
  geometric orientation: reversed 1920 bowl faces to face -Y, still wrong=0
  UV分配: 10710 loops, avg=(0.0793,0.0632), u=[0.0000,1.0000] v=[0.0000,1.0000]
  make_eye_cup R: boundary ring M=89 (of 1 rings), ring relaxed x12, jump avg=0.47mm max=0.87mm
  recalc_face_normals: SKIPPED (v38, geometric only)
  geometric orientation: reversed 247 bowl faces to face -Y, still wrong=0
  UV分配: 9844 loops, avg=(0.5786,0.1021), u=[0.0000,1.0000] v=[0.0000,1.0000]
  Saved: E:\WangZhen_Project\AI\ShuZiRen\Hermes\SZRYanJiu\v3_QuadRemesher_交付\01A眼窝与眼球\models\01_1_eye_socket.blend
  00:02.969  render           | Saved: 'E:\WangZhen_Project\AI\ShuZiRen\Hermes\SZRYanJiu\v3_QuadRemesher_交付\01A眼窝与眼球\screenshots\v39_norm_front.png'
  00:03.375  render           | Saved: 'E:\WangZhen_Project\AI\ShuZiRen\Hermes\SZRYanJiu\v3_QuadRemesher_交付\01A眼窝与眼球\screenshots\v39_norm_sideL.png'
  00:04.235  render           | Saved: 'E:\WangZhen_Project\AI\ShuZiRen\Hermes\SZRYanJiu\v3_QuadRemesher_交付\01A眼窝与眼球\screenshots\v39_tex_front.png'
  00:04.641  render           | Saved: 'E:\WangZhen_Project\AI\ShuZiRen\Hermes\SZRYanJiu\v3_QuadRemesher_交付\01A眼窝与眼球\screenshots\v39_tex_sideL.png'
迭代431完成

--- 迭代 432 ---
  01:27.172  render           | Saved: 'E:\WangZhen_Project\AI\ShuZiRen\Hermes\SZRYanJiu\v3_QuadRemesher_交付\01A眼窝与眼球\screenshots\01_1_eye_socket_front.png'
  01:27.297  render           | Saved: 'E:\WangZhen_Project\AI\ShuZiRen\Hermes\SZRYanJiu\v3_QuadRemesher_交付\01A眼窝与眼球\screenshots\01_1_eye_socket_side.png'
  make_eye_cup L: boundary ring M=90 (of 1 rings), ring relaxed x12, jump avg=0.46mm max=0.79mm
  recalc_face_normals: SKIPPED (v38, geometric only)
  geometric orientation: reversed 1920 bowl faces to face -Y, still wrong=0
  UV分配: 10710 loops, avg=(0.0793,0.0632), u=[0.0000,1.0000] v=[0.0000,1.0000]
  make_eye_cup R: boundary ring M=89 (of 1 rings), ring relaxed x12, jump avg=0.47mm max=0.87mm
  recalc_face_normals: SKIPPED (v38, geometric only)
  geometric orientation: reversed 247 bowl faces to face -Y, still wrong=0
  UV分配: 9844 loops, avg=(0.5786,0.1021), u=[0.0000,1.0000] v=[0.0000,1.0000]
  Saved: E:\WangZhen_Project\AI\ShuZiRen\Hermes\SZRYanJiu\v3_QuadRemesher_交付\01A眼窝与眼球\models\01_1_eye_socket.blend
  00:02.969  render           | Saved: 'E:\WangZhen_Project\AI\ShuZiRen\Hermes\SZRYanJiu\v3_QuadRemesher_交付\01A眼窝与眼球\screenshots\v39_norm_front.png'
  00:03.375  render           | Saved: 'E:\WangZhen_Project\AI\ShuZiRen\Hermes\SZRYanJiu\v3_QuadRemesher_交付\01A眼窝与眼球\screenshots\v39_norm_sideL.png'
  00:04.235  render           | Saved: 'E:\WangZhen_Project\AI\ShuZiRen\Hermes\SZRYanJiu\v3_QuadRemesher_交付\01A眼窝与眼球\screenshots\v39_tex_front.png'
  00:04.641  render           | Saved: 'E:\WangZhen_Project\AI\ShuZiRen\Hermes\SZRYanJiu\v3_QuadRemesher_交付\01A眼窝与眼球\screenshots\v39_tex_sideL.png'
迭代432完成

--- 迭代 433 ---
  01:28.110  render           | Saved: 'E:\WangZhen_Project\AI\ShuZiRen\Hermes\SZRYanJiu\v3_QuadRemesher_交付\01A眼窝与眼球\screenshots\01_1_eye_socket_front.png'
  01:28.250  render           | Saved: 'E:\WangZhen_Project\AI\ShuZiRen\Hermes\SZRYanJiu\v3_QuadRemesher_交付\01A眼窝与眼球\screenshots\01_1_eye_socket_side.png'
  make_eye_cup L: boundary ring M=90 (of 1 rings), ring relaxed x12, jump avg=0.46mm max=0.79mm
  recalc_face_normals: SKIPPED (v38, geometric only)
  geometric orientation: reversed 1920 bowl faces to face -Y, still wrong=0
  UV分配: 10710 loops, avg=(0.0793,0.0632), u=[0.0000,1.0000] v=[0.0000,1.0000]
  make_eye_cup R: boundary ring M=89 (of 1 rings), ring relaxed x12, jump avg=0.47mm max=0.87mm
  recalc_face_normals: SKIPPED (v38, geometric only)
  geometric orientation: reversed 247 bowl faces to face -Y, still wrong=0
  UV分配: 9844 loops, avg=(0.5786,0.1021), u=[0.0000,1.0000] v=[0.0000,1.0000]
  Saved: E:\WangZhen_Project\AI\ShuZiRen\Hermes\SZRYanJiu\v3_QuadRemesher_交付\01A眼窝与眼球\models\01_1_eye_socket.blend
  00:03.203  render           | Saved: 'E:\WangZhen_Project\AI\ShuZiRen\Hermes\SZRYanJiu\v3_QuadRemesher_交付\01A眼窝与眼球\screenshots\v39_norm_front.png'
  00:03.609  render           | Saved: 'E:\WangZhen_Project\AI\ShuZiRen\Hermes\SZRYanJiu\v3_QuadRemesher_交付\01A眼窝与眼球\screenshots\v39_norm_sideL.png'
  00:04.516  render           | Saved: 'E:\WangZhen_Project\AI\ShuZiRen\Hermes\SZRYanJiu\v3_QuadRemesher_交付\01A眼窝与眼球\screenshots\v39_tex_front.png'
  00:04.969  render           | Saved: 'E:\WangZhen_Project\AI\ShuZiRen\Hermes\SZRYanJiu\v3_QuadRemesher_交付\01A眼窝与眼球\screenshots\v39_tex_sideL.png'
迭代433完成

--- 迭代 434 ---
  01:27.250  render           | Saved: 'E:\WangZhen_Project\AI\ShuZiRen\Hermes\SZRYanJiu\v3_QuadRemesher_交付\01A眼窝与眼球\screenshots\01_1_eye_socket_front.png'
  01:27.375  render           | Saved: 'E:\WangZhen_Project\AI\ShuZiRen\Hermes\SZRYanJiu\v3_QuadRemesher_交付\01A眼窝与眼球\screenshots\01_1_eye_socket_side.png'
  make_eye_cup L: boundary ring M=90 (of 1 rings), ring relaxed x12, jump avg=0.46mm max=0.79mm
  recalc_face_normals: SKIPPED (v38, geometric only)
  geometric orientation: reversed 1920 bowl faces to face -Y, still wrong=0
  UV分配: 10710 loops, avg=(0.0793,0.0632), u=[0.0000,1.0000] v=[0.0000,1.0000]
  make_eye_cup R: boundary ring M=89 (of 1 rings), ring relaxed x12, jump avg=0.47mm max=0.87mm
  recalc_face_normals: SKIPPED (v38, geometric only)
  geometric orientation: reversed 247 bowl faces to face -Y, still wrong=0
  UV分配: 9844 loops, avg=(0.5786,0.1021), u=[0.0000,1.0000] v=[0.0000,1.0000]
  Saved: E:\WangZhen_Project\AI\ShuZiRen\Hermes\SZRYanJiu\v3_QuadRemesher_交付\01A眼窝与眼球\models\01_1_eye_socket.blend
  00:02.968  render           | Saved: 'E:\WangZhen_Project\AI\ShuZiRen\Hermes\SZRYanJiu\v3_QuadRemesher_交付\01A眼窝与眼球\screenshots\v39_norm_front.png'
  00:03.359  render           | Saved: 'E:\WangZhen_Project\AI\ShuZiRen\Hermes\SZRYanJiu\v3_QuadRemesher_交付\01A眼窝与眼球\screenshots\v39_norm_sideL.png'
  00:04.218  render           | Saved: 'E:\WangZhen_Project\AI\ShuZiRen\Hermes\SZRYanJiu\v3_QuadRemesher_交付\01A眼窝与眼球\screenshots\v39_tex_front.png'
  00:04.640  render           | Saved: 'E:\WangZhen_Project\AI\ShuZiRen\Hermes\SZRYanJiu\v3_QuadRemesher_交付\01A眼窝与眼球\screenshots\v39_tex_sideL.png'
迭代434完成

--- 迭代 435 ---
  01:27.282  render           | Saved: 'E:\WangZhen_Project\AI\ShuZiRen\Hermes\SZRYanJiu\v3_QuadRemesher_交付\01A眼窝与眼球\screenshots\01_1_eye_socket_front.png'
  01:27.407  render           | Saved: 'E:\WangZhen_Project\AI\ShuZiRen\Hermes\SZRYanJiu\v3_QuadRemesher_交付\01A眼窝与眼球\screenshots\01_1_eye_socket_side.png'
  make_eye_cup L: boundary ring M=90 (of 1 rings), ring relaxed x12, jump avg=0.46mm max=0.79mm
  recalc_face_normals: SKIPPED (v38, geometric only)
  geometric orientation: reversed 1920 bowl faces to face -Y, still wrong=0
  UV分配: 10710 loops, avg=(0.0793,0.0632), u=[0.0000,1.0000] v=[0.0000,1.0000]
  make_eye_cup R: boundary ring M=89 (of 1 rings), ring relaxed x12, jump avg=0.47mm max=0.87mm
  recalc_face_normals: SKIPPED (v38, geometric only)
  geometric orientation: reversed 247 bowl faces to face -Y, still wrong=0
  UV分配: 9844 loops, avg=(0.5786,0.1021), u=[0.0000,1.0000] v=[0.0000,1.0000]
  Saved: E:\WangZhen_Project\AI\ShuZiRen\Hermes\SZRYanJiu\v3_QuadRemesher_交付\01A眼窝与眼球\models\01_1_eye_socket.blend
  00:02.969  render           | Saved: 'E:\WangZhen_Project\AI\ShuZiRen\Hermes\SZRYanJiu\v3_QuadRemesher_交付\01A眼窝与眼球\screenshots\v39_norm_front.png'
  00:03.375  render           | Saved: 'E:\WangZhen_Project\AI\ShuZiRen\Hermes\SZRYanJiu\v3_QuadRemesher_交付\01A眼窝与眼球\screenshots\v39_norm_sideL.png'
  00:04.234  render           | Saved: 'E:\WangZhen_Project\AI\ShuZiRen\Hermes\SZRYanJiu\v3_QuadRemesher_交付\01A眼窝与眼球\screenshots\v39_tex_front.png'
  00:04.656  render           | Saved: 'E:\WangZhen_Project\AI\ShuZiRen\Hermes\SZRYanJiu\v3_QuadRemesher_交付\01A眼窝与眼球\screenshots\v39_tex_sideL.png'
迭代435完成

--- 迭代 436 ---
  01:27.157  render           | Saved: 'E:\WangZhen_Project\AI\ShuZiRen\Hermes\SZRYanJiu\v3_QuadRemesher_交付\01A眼窝与眼球\screenshots\01_1_eye_socket_front.png'
  01:27.282  render           | Saved: 'E:\WangZhen_Project\AI\ShuZiRen\Hermes\SZRYanJiu\v3_QuadRemesher_交付\01A眼窝与眼球\screenshots\01_1_eye_socket_side.png'
  make_eye_cup L: boundary ring M=90 (of 1 rings), ring relaxed x12, jump avg=0.46mm max=0.79mm
  recalc_face_normals: SKIPPED (v38, geometric only)
  geometric orientation: reversed 1920 bowl faces to face -Y, still wrong=0
  UV分配: 10710 loops, avg=(0.0793,0.0632), u=[0.0000,1.0000] v=[0.0000,1.0000]
  make_eye_cup R: boundary ring M=89 (of 1 rings), ring relaxed x12, jump avg=0.47mm max=0.87mm
  recalc_face_normals: SKIPPED (v38, geometric only)
  geometric orientation: reversed 247 bowl faces to face -Y, still wrong=0
  UV分配: 9844 loops, avg=(0.5786,0.1021), u=[0.0000,1.0000] v=[0.0000,1.0000]
  Saved: E:\WangZhen_Project\AI\ShuZiRen\Hermes\SZRYanJiu\v3_QuadRemesher_交付\01A眼窝与眼球\models\01_1_eye_socket.blend
  00:02.984  render           | Saved: 'E:\WangZhen_Project\AI\ShuZiRen\Hermes\SZRYanJiu\v3_QuadRemesher_交付\01A眼窝与眼球\screenshots\v39_norm_front.png'
  00:03.390  render           | Saved: 'E:\WangZhen_Project\AI\ShuZiRen\Hermes\SZRYanJiu\v3_QuadRemesher_交付\01A眼窝与眼球\screenshots\v39_norm_sideL.png'
  00:04.234  render           | Saved: 'E:\WangZhen_Project\AI\ShuZiRen\Hermes\SZRYanJiu\v3_QuadRemesher_交付\01A眼窝与眼球\screenshots\v39_tex_front.png'
  00:04.656  render           | Saved: 'E:\WangZhen_Project\AI\ShuZiRen\Hermes\SZRYanJiu\v3_QuadRemesher_交付\01A眼窝与眼球\screenshots\v39_tex_sideL.png'
迭代436完成

--- 迭代 437 ---
  01:27.625  render           | Saved: 'E:\WangZhen_Project\AI\ShuZiRen\Hermes\SZRYanJiu\v3_QuadRemesher_交付\01A眼窝与眼球\screenshots\01_1_eye_socket_front.png'
  01:27.750  render           | Saved: 'E:\WangZhen_Project\AI\ShuZiRen\Hermes\SZRYanJiu\v3_QuadRemesher_交付\01A眼窝与眼球\screenshots\01_1_eye_socket_side.png'
  make_eye_cup L: boundary ring M=90 (of 1 rings), ring relaxed x12, jump avg=0.46mm max=0.79mm
  recalc_face_normals: SKIPPED (v38, geometric only)
  geometric orientation: reversed 1920 bowl faces to face -Y, still wrong=0
  UV分配: 10710 loops, avg=(0.0793,0.0632), u=[0.0000,1.0000] v=[0.0000,1.0000]
  make_eye_cup R: boundary ring M=89 (of 1 rings), ring relaxed x12, jump avg=0.47mm max=0.87mm
  recalc_face_normals: SKIPPED (v38, geometric only)
  geometric orientation: reversed 247 bowl faces to face -Y, still wrong=0
  UV分配: 9844 loops, avg=(0.5786,0.1021), u=[0.0000,1.0000] v=[0.0000,1.0000]
  Saved: E:\WangZhen_Project\AI\ShuZiRen\Hermes\SZRYanJiu\v3_QuadRemesher_交付\01A眼窝与眼球\models\01_1_eye_socket.blend
  00:02.968  render           | Saved: 'E:\WangZhen_Project\AI\ShuZiRen\Hermes\SZRYanJiu\v3_QuadRemesher_交付\01A眼窝与眼球\screenshots\v39_norm_front.png'
  00:03.359  render           | Saved: 'E:\WangZhen_Project\AI\ShuZiRen\Hermes\SZRYanJiu\v3_QuadRemesher_交付\01A眼窝与眼球\screenshots\v39_norm_sideL.png'
  00:04.218  render           | Saved: 'E:\WangZhen_Project\AI\ShuZiRen\Hermes\SZRYanJiu\v3_QuadRemesher_交付\01A眼窝与眼球\screenshots\v39_tex_front.png'
  00:04.640  render           | Saved: 'E:\WangZhen_Project\AI\ShuZiRen\Hermes\SZRYanJiu\v3_QuadRemesher_交付\01A眼窝与眼球\screenshots\v39_tex_sideL.png'
迭代437完成

--- 迭代 438 ---
  01:27.172  render           | Saved: 'E:\WangZhen_Project\AI\ShuZiRen\Hermes\SZRYanJiu\v3_QuadRemesher_交付\01A眼窝与眼球\screenshots\01_1_eye_socket_front.png'
  01:27.297  render           | Saved: 'E:\WangZhen_Project\AI\ShuZiRen\Hermes\SZRYanJiu\v3_QuadRemesher_交付\01A眼窝与眼球\screenshots\01_1_eye_socket_side.png'
  make_eye_cup L: boundary ring M=90 (of 1 rings), ring relaxed x12, jump avg=0.46mm max=0.79mm
  recalc_face_normals: SKIPPED (v38, geometric only)
  geometric orientation: reversed 1920 bowl faces to face -Y, still wrong=0
  UV分配: 10710 loops, avg=(0.0793,0.0632), u=[0.0000,1.0000] v=[0.0000,1.0000]
  make_eye_cup R: boundary ring M=89 (of 1 rings), ring relaxed x12, jump avg=0.47mm max=0.87mm
  recalc_face_normals: SKIPPED (v38, geometric only)
  geometric orientation: reversed 247 bowl faces to face -Y, still wrong=0
  UV分配: 9844 loops, avg=(0.5786,0.1021), u=[0.0000,1.0000] v=[0.0000,1.0000]
  Saved: E:\WangZhen_Project\AI\ShuZiRen\Hermes\SZRYanJiu\v3_QuadRemesher_交付\01A眼窝与眼球\models\01_1_eye_socket.blend
  00:02.969  render           | Saved: 'E:\WangZhen_Project\AI\ShuZiRen\Hermes\SZRYanJiu\v3_QuadRemesher_交付\01A眼窝与眼球\screenshots\v39_norm_front.png'
  00:03.375  render           | Saved: 'E:\WangZhen_Project\AI\ShuZiRen\Hermes\SZRYanJiu\v3_QuadRemesher_交付\01A眼窝与眼球\screenshots\v39_norm_sideL.png'
  00:04.250  render           | Saved: 'E:\WangZhen_Project\AI\ShuZiRen\Hermes\SZRYanJiu\v3_QuadRemesher_交付\01A眼窝与眼球\screenshots\v39_tex_front.png'
  00:04.672  render           | Saved: 'E:\WangZhen_Project\AI\ShuZiRen\Hermes\SZRYanJiu\v3_QuadRemesher_交付\01A眼窝与眼球\screenshots\v39_tex_sideL.png'
迭代438完成

--- 迭代 439 ---
  01:27.375  render           | Saved: 'E:\WangZhen_Project\AI\ShuZiRen\Hermes\SZRYanJiu\v3_QuadRemesher_交付\01A眼窝与眼球\screenshots\01_1_eye_socket_front.png'
  01:27.516  render           | Saved: 'E:\WangZhen_Project\AI\ShuZiRen\Hermes\SZRYanJiu\v3_QuadRemesher_交付\01A眼窝与眼球\screenshots\01_1_eye_socket_side.png'
  make_eye_cup L: boundary ring M=90 (of 1 rings), ring relaxed x12, jump avg=0.46mm max=0.79mm
  recalc_face_normals: SKIPPED (v38, geometric only)
  geometric orientation: reversed 1920 bowl faces to face -Y, still wrong=0
  UV分配: 10710 loops, avg=(0.0793,0.0632), u=[0.0000,1.0000] v=[0.0000,1.0000]
  make_eye_cup R: boundary ring M=89 (of 1 rings), ring relaxed x12, jump avg=0.47mm max=0.87mm
  recalc_face_normals: SKIPPED (v38, geometric only)
  geometric orientation: reversed 247 bowl faces to face -Y, still wrong=0
  UV分配: 9844 loops, avg=(0.5786,0.1021), u=[0.0000,1.0000] v=[0.0000,1.0000]
  Saved: E:\WangZhen_Project\AI\ShuZiRen\Hermes\SZRYanJiu\v3_QuadRemesher_交付\01A眼窝与眼球\models\01_1_eye_socket.blend
  00:02.984  render           | Saved: 'E:\WangZhen_Project\AI\ShuZiRen\Hermes\SZRYanJiu\v3_QuadRemesher_交付\01A眼窝与眼球\screenshots\v39_norm_front.png'
  00:03.391  render           | Saved: 'E:\WangZhen_Project\AI\ShuZiRen\Hermes\SZRYanJiu\v3_QuadRemesher_交付\01A眼窝与眼球\screenshots\v39_norm_sideL.png'
  00:04.234  render           | Saved: 'E:\WangZhen_Project\AI\ShuZiRen\Hermes\SZRYanJiu\v3_QuadRemesher_交付\01A眼窝与眼球\screenshots\v39_tex_front.png'
  00:04.656  render           | Saved: 'E:\WangZhen_Project\AI\ShuZiRen\Hermes\SZRYanJiu\v3_QuadRemesher_交付\01A眼窝与眼球\screenshots\v39_tex_sideL.png'
迭代439完成

--- 迭代 440 ---
  01:27.234  render           | Saved: 'E:\WangZhen_Project\AI\ShuZiRen\Hermes\SZRYanJiu\v3_QuadRemesher_交付\01A眼窝与眼球\screenshots\01_1_eye_socket_front.png'
  01:27.359  render           | Saved: 'E:\WangZhen_Project\AI\ShuZiRen\Hermes\SZRYanJiu\v3_QuadRemesher_交付\01A眼窝与眼球\screenshots\01_1_eye_socket_side.png'
  make_eye_cup L: boundary ring M=90 (of 1 rings), ring relaxed x12, jump avg=0.46mm max=0.79mm
  recalc_face_normals: SKIPPED (v38, geometric only)
  geometric orientation: reversed 1920 bowl faces to face -Y, still wrong=0
  UV分配: 10710 loops, avg=(0.0793,0.0632), u=[0.0000,1.0000] v=[0.0000,1.0000]
  make_eye_cup R: boundary ring M=89 (of 1 rings), ring relaxed x12, jump avg=0.47mm max=0.87mm
  recalc_face_normals: SKIPPED (v38, geometric only)
  geometric orientation: reversed 247 bowl faces to face -Y, still wrong=0
  UV分配: 9844 loops, avg=(0.5786,0.1021), u=[0.0000,1.0000] v=[0.0000,1.0000]
  Saved: E:\WangZhen_Project\AI\ShuZiRen\Hermes\SZRYanJiu\v3_QuadRemesher_交付\01A眼窝与眼球\models\01_1_eye_socket.blend
  00:03.000  render           | Saved: 'E:\WangZhen_Project\AI\ShuZiRen\Hermes\SZRYanJiu\v3_QuadRemesher_交付\01A眼窝与眼球\screenshots\v39_norm_front.png'
  00:03.391  render           | Saved: 'E:\WangZhen_Project\AI\ShuZiRen\Hermes\SZRYanJiu\v3_QuadRemesher_交付\01A眼窝与眼球\screenshots\v39_norm_sideL.png'
  00:04.234  render           | Saved: 'E:\WangZhen_Project\AI\ShuZiRen\Hermes\SZRYanJiu\v3_QuadRemesher_交付\01A眼窝与眼球\screenshots\v39_tex_front.png'
  00:04.656  render           | Saved: 'E:\WangZhen_Project\AI\ShuZiRen\Hermes\SZRYanJiu\v3_QuadRemesher_交付\01A眼窝与眼球\screenshots\v39_tex_sideL.png'
迭代440完成

--- 迭代 441 ---
  01:27.063  render           | Saved: 'E:\WangZhen_Project\AI\ShuZiRen\Hermes\SZRYanJiu\v3_QuadRemesher_交付\01A眼窝与眼球\screenshots\01_1_eye_socket_front.png'
  01:27.188  render           | Saved: 'E:\WangZhen_Project\AI\ShuZiRen\Hermes\SZRYanJiu\v3_QuadRemesher_交付\01A眼窝与眼球\screenshots\01_1_eye_socket_side.png'
  make_eye_cup L: boundary ring M=90 (of 1 rings), ring relaxed x12, jump avg=0.46mm max=0.79mm
  recalc_face_normals: SKIPPED (v38, geometric only)
  geometric orientation: reversed 1920 bowl faces to face -Y, still wrong=0
  UV分配: 10710 loops, avg=(0.0793,0.0632), u=[0.0000,1.0000] v=[0.0000,1.0000]
  make_eye_cup R: boundary ring M=89 (of 1 rings), ring relaxed x12, jump avg=0.47mm max=0.87mm
  recalc_face_normals: SKIPPED (v38, geometric only)
  geometric orientation: reversed 247 bowl faces to face -Y, still wrong=0
  UV分配: 9844 loops, avg=(0.5786,0.1021), u=[0.0000,1.0000] v=[0.0000,1.0000]
  Saved: E:\WangZhen_Project\AI\ShuZiRen\Hermes\SZRYanJiu\v3_QuadRemesher_交付\01A眼窝与眼球\models\01_1_eye_socket.blend
  00:03.015  render           | Saved: 'E:\WangZhen_Project\AI\ShuZiRen\Hermes\SZRYanJiu\v3_QuadRemesher_交付\01A眼窝与眼球\screenshots\v39_norm_front.png'
  00:03.406  render           | Saved: 'E:\WangZhen_Project\AI\ShuZiRen\Hermes\SZRYanJiu\v3_QuadRemesher_交付\01A眼窝与眼球\screenshots\v39_norm_sideL.png'
  00:04.265  render           | Saved: 'E:\WangZhen_Project\AI\ShuZiRen\Hermes\SZRYanJiu\v3_QuadRemesher_交付\01A眼窝与眼球\screenshots\v39_tex_front.png'
  00:04.687  render           | Saved: 'E:\WangZhen_Project\AI\ShuZiRen\Hermes\SZRYanJiu\v3_QuadRemesher_交付\01A眼窝与眼球\screenshots\v39_tex_sideL.png'
迭代441完成

--- 迭代 442 ---
  01:27.343  render           | Saved: 'E:\WangZhen_Project\AI\ShuZiRen\Hermes\SZRYanJiu\v3_QuadRemesher_交付\01A眼窝与眼球\screenshots\01_1_eye_socket_front.png'
  01:27.468  render           | Saved: 'E:\WangZhen_Project\AI\ShuZiRen\Hermes\SZRYanJiu\v3_QuadRemesher_交付\01A眼窝与眼球\screenshots\01_1_eye_socket_side.png'
  make_eye_cup L: boundary ring M=90 (of 1 rings), ring relaxed x12, jump avg=0.46mm max=0.79mm
  recalc_face_normals: SKIPPED (v38, geometric only)
  geometric orientation: reversed 1920 bowl faces to face -Y, still wrong=0
  UV分配: 10710 loops, avg=(0.0793,0.0632), u=[0.0000,1.0000] v=[0.0000,1.0000]
  make_eye_cup R: boundary ring M=89 (of 1 rings), ring relaxed x12, jump avg=0.47mm max=0.87mm
  recalc_face_normals: SKIPPED (v38, geometric only)
  geometric orientation: reversed 247 bowl faces to face -Y, still wrong=0
  UV分配: 9844 loops, avg=(0.5786,0.1021), u=[0.0000,1.0000] v=[0.0000,1.0000]
  Saved: E:\WangZhen_Project\AI\ShuZiRen\Hermes\SZRYanJiu\v3_QuadRemesher_交付\01A眼窝与眼球\models\01_1_eye_socket.blend
  00:03.000  render           | Saved: 'E:\WangZhen_Project\AI\ShuZiRen\Hermes\SZRYanJiu\v3_QuadRemesher_交付\01A眼窝与眼球\screenshots\v39_norm_front.png'
  00:03.391  render           | Saved: 'E:\WangZhen_Project\AI\ShuZiRen\Hermes\SZRYanJiu\v3_QuadRemesher_交付\01A眼窝与眼球\screenshots\v39_norm_sideL.png'
  00:04.235  render           | Saved: 'E:\WangZhen_Project\AI\ShuZiRen\Hermes\SZRYanJiu\v3_QuadRemesher_交付\01A眼窝与眼球\screenshots\v39_tex_front.png'
  00:04.641  render           | Saved: 'E:\WangZhen_Project\AI\ShuZiRen\Hermes\SZRYanJiu\v3_QuadRemesher_交付\01A眼窝与眼球\screenshots\v39_tex_sideL.png'
迭代442完成

--- 迭代 443 ---
  01:27.329  render           | Saved: 'E:\WangZhen_Project\AI\ShuZiRen\Hermes\SZRYanJiu\v3_QuadRemesher_交付\01A眼窝与眼球\screenshots\01_1_eye_socket_front.png'
  01:27.454  render           | Saved: 'E:\WangZhen_Project\AI\ShuZiRen\Hermes\SZRYanJiu\v3_QuadRemesher_交付\01A眼窝与眼球\screenshots\01_1_eye_socket_side.png'
  make_eye_cup L: boundary ring M=90 (of 1 rings), ring relaxed x12, jump avg=0.46mm max=0.79mm
  recalc_face_normals: SKIPPED (v38, geometric only)
  geometric orientation: reversed 1920 bowl faces to face -Y, still wrong=0
  UV分配: 10710 loops, avg=(0.0793,0.0632), u=[0.0000,1.0000] v=[0.0000,1.0000]
  make_eye_cup R: boundary ring M=89 (of 1 rings), ring relaxed x12, jump avg=0.47mm max=0.87mm
  recalc_face_normals: SKIPPED (v38, geometric only)
  geometric orientation: reversed 247 bowl faces to face -Y, still wrong=0
  UV分配: 9844 loops, avg=(0.5786,0.1021), u=[0.0000,1.0000] v=[0.0000,1.0000]
  Saved: E:\WangZhen_Project\AI\ShuZiRen\Hermes\SZRYanJiu\v3_QuadRemesher_交付\01A眼窝与眼球\models\01_1_eye_socket.blend
  00:02.969  render           | Saved: 'E:\WangZhen_Project\AI\ShuZiRen\Hermes\SZRYanJiu\v3_QuadRemesher_交付\01A眼窝与眼球\screenshots\v39_norm_front.png'
  00:03.360  render           | Saved: 'E:\WangZhen_Project\AI\ShuZiRen\Hermes\SZRYanJiu\v3_QuadRemesher_交付\01A眼窝与眼球\screenshots\v39_norm_sideL.png'
  00:04.219  render           | Saved: 'E:\WangZhen_Project\AI\ShuZiRen\Hermes\SZRYanJiu\v3_QuadRemesher_交付\01A眼窝与眼球\screenshots\v39_tex_front.png'
  00:04.641  render           | Saved: 'E:\WangZhen_Project\AI\ShuZiRen\Hermes\SZRYanJiu\v3_QuadRemesher_交付\01A眼窝与眼球\screenshots\v39_tex_sideL.png'
迭代443完成

--- 迭代 444 ---
  01:27.485  render           | Saved: 'E:\WangZhen_Project\AI\ShuZiRen\Hermes\SZRYanJiu\v3_QuadRemesher_交付\01A眼窝与眼球\screenshots\01_1_eye_socket_front.png'
  01:27.610  render           | Saved: 'E:\WangZhen_Project\AI\ShuZiRen\Hermes\SZRYanJiu\v3_QuadRemesher_交付\01A眼窝与眼球\screenshots\01_1_eye_socket_side.png'
  make_eye_cup L: boundary ring M=90 (of 1 rings), ring relaxed x12, jump avg=0.46mm max=0.79mm
  recalc_face_normals: SKIPPED (v38, geometric only)
  geometric orientation: reversed 1920 bowl faces to face -Y, still wrong=0
  UV分配: 10710 loops, avg=(0.0793,0.0632), u=[0.0000,1.0000] v=[0.0000,1.0000]
  make_eye_cup R: boundary ring M=89 (of 1 rings), ring relaxed x12, jump avg=0.47mm max=0.87mm
  recalc_face_normals: SKIPPED (v38, geometric only)
  geometric orientation: reversed 247 bowl faces to face -Y, still wrong=0
  UV分配: 9844 loops, avg=(0.5786,0.1021), u=[0.0000,1.0000] v=[0.0000,1.0000]
  Saved: E:\WangZhen_Project\AI\ShuZiRen\Hermes\SZRYanJiu\v3_QuadRemesher_交付\01A眼窝与眼球\models\01_1_eye_socket.blend
  00:02.985  render           | Saved: 'E:\WangZhen_Project\AI\ShuZiRen\Hermes\SZRYanJiu\v3_QuadRemesher_交付\01A眼窝与眼球\screenshots\v39_norm_front.png'
  00:03.391  render           | Saved: 'E:\WangZhen_Project\AI\ShuZiRen\Hermes\SZRYanJiu\v3_QuadRemesher_交付\01A眼窝与眼球\screenshots\v39_norm_sideL.png'
  00:04.235  render           | Saved: 'E:\WangZhen_Project\AI\ShuZiRen\Hermes\SZRYanJiu\v3_QuadRemesher_交付\01A眼窝与眼球\screenshots\v39_tex_front.png'
  00:04.657  render           | Saved: 'E:\WangZhen_Project\AI\ShuZiRen\Hermes\SZRYanJiu\v3_QuadRemesher_交付\01A眼窝与眼球\screenshots\v39_tex_sideL.png'
迭代444完成

--- 迭代 445 ---
  01:27.359  render           | Saved: 'E:\WangZhen_Project\AI\ShuZiRen\Hermes\SZRYanJiu\v3_QuadRemesher_交付\01A眼窝与眼球\screenshots\01_1_eye_socket_front.png'
  01:27.484  render           | Saved: 'E:\WangZhen_Project\AI\ShuZiRen\Hermes\SZRYanJiu\v3_QuadRemesher_交付\01A眼窝与眼球\screenshots\01_1_eye_socket_side.png'
  make_eye_cup L: boundary ring M=90 (of 1 rings), ring relaxed x12, jump avg=0.46mm max=0.79mm
  recalc_face_normals: SKIPPED (v38, geometric only)
  geometric orientation: reversed 1920 bowl faces to face -Y, still wrong=0
  UV分配: 10710 loops, avg=(0.0793,0.0632), u=[0.0000,1.0000] v=[0.0000,1.0000]
  make_eye_cup R: boundary ring M=89 (of 1 rings), ring relaxed x12, jump avg=0.47mm max=0.87mm
  recalc_face_normals: SKIPPED (v38, geometric only)
  geometric orientation: reversed 247 bowl faces to face -Y, still wrong=0
  UV分配: 9844 loops, avg=(0.5786,0.1021), u=[0.0000,1.0000] v=[0.0000,1.0000]
  Saved: E:\WangZhen_Project\AI\ShuZiRen\Hermes\SZRYanJiu\v3_QuadRemesher_交付\01A眼窝与眼球\models\01_1_eye_socket.blend
  00:03.000  render           | Saved: 'E:\WangZhen_Project\AI\ShuZiRen\Hermes\SZRYanJiu\v3_QuadRemesher_交付\01A眼窝与眼球\screenshots\v39_norm_front.png'
  00:03.390  render           | Saved: 'E:\WangZhen_Project\AI\ShuZiRen\Hermes\SZRYanJiu\v3_QuadRemesher_交付\01A眼窝与眼球\screenshots\v39_norm_sideL.png'
  00:04.250  render           | Saved: 'E:\WangZhen_Project\AI\ShuZiRen\Hermes\SZRYanJiu\v3_QuadRemesher_交付\01A眼窝与眼球\screenshots\v39_tex_front.png'
  00:04.672  render           | Saved: 'E:\WangZhen_Project\AI\ShuZiRen\Hermes\SZRYanJiu\v3_QuadRemesher_交付\01A眼窝与眼球\screenshots\v39_tex_sideL.png'
迭代445完成

--- 迭代 446 ---
  01:27.359  render           | Saved: 'E:\WangZhen_Project\AI\ShuZiRen\Hermes\SZRYanJiu\v3_QuadRemesher_交付\01A眼窝与眼球\screenshots\01_1_eye_socket_front.png'
  01:27.484  render           | Saved: 'E:\WangZhen_Project\AI\ShuZiRen\Hermes\SZRYanJiu\v3_QuadRemesher_交付\01A眼窝与眼球\screenshots\01_1_eye_socket_side.png'
  make_eye_cup L: boundary ring M=90 (of 1 rings), ring relaxed x12, jump avg=0.46mm max=0.79mm
  recalc_face_normals: SKIPPED (v38, geometric only)
  geometric orientation: reversed 1920 bowl faces to face -Y, still wrong=0
  UV分配: 10710 loops, avg=(0.0793,0.0632), u=[0.0000,1.0000] v=[0.0000,1.0000]
  make_eye_cup R: boundary ring M=89 (of 1 rings), ring relaxed x12, jump avg=0.47mm max=0.87mm
  recalc_face_normals: SKIPPED (v38, geometric only)
  geometric orientation: reversed 247 bowl faces to face -Y, still wrong=0
  UV分配: 9844 loops, avg=(0.5786,0.1021), u=[0.0000,1.0000] v=[0.0000,1.0000]
  Saved: E:\WangZhen_Project\AI\ShuZiRen\Hermes\SZRYanJiu\v3_QuadRemesher_交付\01A眼窝与眼球\models\01_1_eye_socket.blend
  00:02.985  render           | Saved: 'E:\WangZhen_Project\AI\ShuZiRen\Hermes\SZRYanJiu\v3_QuadRemesher_交付\01A眼窝与眼球\screenshots\v39_norm_front.png'
  00:03.375  render           | Saved: 'E:\WangZhen_Project\AI\ShuZiRen\Hermes\SZRYanJiu\v3_QuadRemesher_交付\01A眼窝与眼球\screenshots\v39_norm_sideL.png'
  00:04.235  render           | Saved: 'E:\WangZhen_Project\AI\ShuZiRen\Hermes\SZRYanJiu\v3_QuadRemesher_交付\01A眼窝与眼球\screenshots\v39_tex_front.png'
  00:04.657  render           | Saved: 'E:\WangZhen_Project\AI\ShuZiRen\Hermes\SZRYanJiu\v3_QuadRemesher_交付\01A眼窝与眼球\screenshots\v39_tex_sideL.png'
迭代446完成

--- 迭代 447 ---
  01:27.297  render           | Saved: 'E:\WangZhen_Project\AI\ShuZiRen\Hermes\SZRYanJiu\v3_QuadRemesher_交付\01A眼窝与眼球\screenshots\01_1_eye_socket_front.png'
  01:27.422  render           | Saved: 'E:\WangZhen_Project\AI\ShuZiRen\Hermes\SZRYanJiu\v3_QuadRemesher_交付\01A眼窝与眼球\screenshots\01_1_eye_socket_side.png'
  make_eye_cup L: boundary ring M=90 (of 1 rings), ring relaxed x12, jump avg=0.46mm max=0.79mm
  recalc_face_normals: SKIPPED (v38, geometric only)
  geometric orientation: reversed 1920 bowl faces to face -Y, still wrong=0
  UV分配: 10710 loops, avg=(0.0793,0.0632), u=[0.0000,1.0000] v=[0.0000,1.0000]
  make_eye_cup R: boundary ring M=89 (of 1 rings), ring relaxed x12, jump avg=0.47mm max=0.87mm
  recalc_face_normals: SKIPPED (v38, geometric only)
  geometric orientation: reversed 247 bowl faces to face -Y, still wrong=0
  UV分配: 9844 loops, avg=(0.5786,0.1021), u=[0.0000,1.0000] v=[0.0000,1.0000]
  Saved: E:\WangZhen_Project\AI\ShuZiRen\Hermes\SZRYanJiu\v3_QuadRemesher_交付\01A眼窝与眼球\models\01_1_eye_socket.blend
  00:02.968  render           | Saved: 'E:\WangZhen_Project\AI\ShuZiRen\Hermes\SZRYanJiu\v3_QuadRemesher_交付\01A眼窝与眼球\screenshots\v39_norm_front.png'
  00:03.375  render           | Saved: 'E:\WangZhen_Project\AI\ShuZiRen\Hermes\SZRYanJiu\v3_QuadRemesher_交付\01A眼窝与眼球\screenshots\v39_norm_sideL.png'
  00:04.218  render           | Saved: 'E:\WangZhen_Project\AI\ShuZiRen\Hermes\SZRYanJiu\v3_QuadRemesher_交付\01A眼窝与眼球\screenshots\v39_tex_front.png'
  00:04.640  render           | Saved: 'E:\WangZhen_Project\AI\ShuZiRen\Hermes\SZRYanJiu\v3_QuadRemesher_交付\01A眼窝与眼球\screenshots\v39_tex_sideL.png'
迭代447完成

--- 迭代 448 ---
  01:27.469  render           | Saved: 'E:\WangZhen_Project\AI\ShuZiRen\Hermes\SZRYanJiu\v3_QuadRemesher_交付\01A眼窝与眼球\screenshots\01_1_eye_socket_front.png'
  01:27.594  render           | Saved: 'E:\WangZhen_Project\AI\ShuZiRen\Hermes\SZRYanJiu\v3_QuadRemesher_交付\01A眼窝与眼球\screenshots\01_1_eye_socket_side.png'
  make_eye_cup L: boundary ring M=90 (of 1 rings), ring relaxed x12, jump avg=0.46mm max=0.79mm
  recalc_face_normals: SKIPPED (v38, geometric only)
  geometric orientation: reversed 1920 bowl faces to face -Y, still wrong=0
  UV分配: 10710 loops, avg=(0.0793,0.0632), u=[0.0000,1.0000] v=[0.0000,1.0000]
  make_eye_cup R: boundary ring M=89 (of 1 rings), ring relaxed x12, jump avg=0.47mm max=0.87mm
  recalc_face_normals: SKIPPED (v38, geometric only)
  geometric orientation: reversed 247 bowl faces to face -Y, still wrong=0
  UV分配: 9844 loops, avg=(0.5786,0.1021), u=[0.0000,1.0000] v=[0.0000,1.0000]
  Saved: E:\WangZhen_Project\AI\ShuZiRen\Hermes\SZRYanJiu\v3_QuadRemesher_交付\01A眼窝与眼球\models\01_1_eye_socket.blend
  00:02.984  render           | Saved: 'E:\WangZhen_Project\AI\ShuZiRen\Hermes\SZRYanJiu\v3_QuadRemesher_交付\01A眼窝与眼球\screenshots\v39_norm_front.png'
  00:03.390  render           | Saved: 'E:\WangZhen_Project\AI\ShuZiRen\Hermes\SZRYanJiu\v3_QuadRemesher_交付\01A眼窝与眼球\screenshots\v39_norm_sideL.png'
  00:04.234  render           | Saved: 'E:\WangZhen_Project\AI\ShuZiRen\Hermes\SZRYanJiu\v3_QuadRemesher_交付\01A眼窝与眼球\screenshots\v39_tex_front.png'
  00:04.656  render           | Saved: 'E:\WangZhen_Project\AI\ShuZiRen\Hermes\SZRYanJiu\v3_QuadRemesher_交付\01A眼窝与眼球\screenshots\v39_tex_sideL.png'
迭代448完成

--- 迭代 449 ---
  01:27.312  render           | Saved: 'E:\WangZhen_Project\AI\ShuZiRen\Hermes\SZRYanJiu\v3_QuadRemesher_交付\01A眼窝与眼球\screenshots\01_1_eye_socket_front.png'
  01:27.437  render           | Saved: 'E:\WangZhen_Project\AI\ShuZiRen\Hermes\SZRYanJiu\v3_QuadRemesher_交付\01A眼窝与眼球\screenshots\01_1_eye_socket_side.png'
  make_eye_cup L: boundary ring M=90 (of 1 rings), ring relaxed x12, jump avg=0.46mm max=0.79mm
  recalc_face_normals: SKIPPED (v38, geometric only)
  geometric orientation: reversed 1920 bowl faces to face -Y, still wrong=0
  UV分配: 10710 loops, avg=(0.0793,0.0632), u=[0.0000,1.0000] v=[0.0000,1.0000]
  make_eye_cup R: boundary ring M=89 (of 1 rings), ring relaxed x12, jump avg=0.47mm max=0.87mm
  recalc_face_normals: SKIPPED (v38, geometric only)
  geometric orientation: reversed 247 bowl faces to face -Y, still wrong=0
  UV分配: 9844 loops, avg=(0.5786,0.1021), u=[0.0000,1.0000] v=[0.0000,1.0000]
  Saved: E:\WangZhen_Project\AI\ShuZiRen\Hermes\SZRYanJiu\v3_QuadRemesher_交付\01A眼窝与眼球\models\01_1_eye_socket.blend
  00:03.000  render           | Saved: 'E:\WangZhen_Project\AI\ShuZiRen\Hermes\SZRYanJiu\v3_QuadRemesher_交付\01A眼窝与眼球\screenshots\v39_norm_front.png'
  00:03.407  render           | Saved: 'E:\WangZhen_Project\AI\ShuZiRen\Hermes\SZRYanJiu\v3_QuadRemesher_交付\01A眼窝与眼球\screenshots\v39_norm_sideL.png'
  00:04.266  render           | Saved: 'E:\WangZhen_Project\AI\ShuZiRen\Hermes\SZRYanJiu\v3_QuadRemesher_交付\01A眼窝与眼球\screenshots\v39_tex_front.png'
  00:04.688  render           | Saved: 'E:\WangZhen_Project\AI\ShuZiRen\Hermes\SZRYanJiu\v3_QuadRemesher_交付\01A眼窝与眼球\screenshots\v39_tex_sideL.png'
迭代449完成

--- 迭代 450 ---
  01:27.219  render           | Saved: 'E:\WangZhen_Project\AI\ShuZiRen\Hermes\SZRYanJiu\v3_QuadRemesher_交付\01A眼窝与眼球\screenshots\01_1_eye_socket_front.png'
  01:27.344  render           | Saved: 'E:\WangZhen_Project\AI\ShuZiRen\Hermes\SZRYanJiu\v3_QuadRemesher_交付\01A眼窝与眼球\screenshots\01_1_eye_socket_side.png'
  make_eye_cup L: boundary ring M=90 (of 1 rings), ring relaxed x12, jump avg=0.46mm max=0.79mm
  recalc_face_normals: SKIPPED (v38, geometric only)
  geometric orientation: reversed 1920 bowl faces to face -Y, still wrong=0
  UV分配: 10710 loops, avg=(0.0793,0.0632), u=[0.0000,1.0000] v=[0.0000,1.0000]
  make_eye_cup R: boundary ring M=89 (of 1 rings), ring relaxed x12, jump avg=0.47mm max=0.87mm
  recalc_face_normals: SKIPPED (v38, geometric only)
  geometric orientation: reversed 247 bowl faces to face -Y, still wrong=0
  UV分配: 9844 loops, avg=(0.5786,0.1021), u=[0.0000,1.0000] v=[0.0000,1.0000]
  Saved: E:\WangZhen_Project\AI\ShuZiRen\Hermes\SZRYanJiu\v3_QuadRemesher_交付\01A眼窝与眼球\models\01_1_eye_socket.blend
  00:02.969  render           | Saved: 'E:\WangZhen_Project\AI\ShuZiRen\Hermes\SZRYanJiu\v3_QuadRemesher_交付\01A眼窝与眼球\screenshots\v39_norm_front.png'
  00:03.359  render           | Saved: 'E:\WangZhen_Project\AI\ShuZiRen\Hermes\SZRYanJiu\v3_QuadRemesher_交付\01A眼窝与眼球\screenshots\v39_norm_sideL.png'
  00:04.219  render           | Saved: 'E:\WangZhen_Project\AI\ShuZiRen\Hermes\SZRYanJiu\v3_QuadRemesher_交付\01A眼窝与眼球\screenshots\v39_tex_front.png'
  00:04.640  render           | Saved: 'E:\WangZhen_Project\AI\ShuZiRen\Hermes\SZRYanJiu\v3_QuadRemesher_交付\01A眼窝与眼球\screenshots\v39_tex_sideL.png'
迭代450完成

--- 迭代 451 ---
  01:27.344  render           | Saved: 'E:\WangZhen_Project\AI\ShuZiRen\Hermes\SZRYanJiu\v3_QuadRemesher_交付\01A眼窝与眼球\screenshots\01_1_eye_socket_front.png'
  01:27.469  render           | Saved: 'E:\WangZhen_Project\AI\ShuZiRen\Hermes\SZRYanJiu\v3_QuadRemesher_交付\01A眼窝与眼球\screenshots\01_1_eye_socket_side.png'
  make_eye_cup L: boundary ring M=90 (of 1 rings), ring relaxed x12, jump avg=0.46mm max=0.79mm
  recalc_face_normals: SKIPPED (v38, geometric only)
  geometric orientation: reversed 1920 bowl faces to face -Y, still wrong=0
  UV分配: 10710 loops, avg=(0.0793,0.0632), u=[0.0000,1.0000] v=[0.0000,1.0000]
  make_eye_cup R: boundary ring M=89 (of 1 rings), ring relaxed x12, jump avg=0.47mm max=0.87mm
  recalc_face_normals: SKIPPED (v38, geometric only)
  geometric orientation: reversed 247 bowl faces to face -Y, still wrong=0
  UV分配: 9844 loops, avg=(0.5786,0.1021), u=[0.0000,1.0000] v=[0.0000,1.0000]
  Saved: E:\WangZhen_Project\AI\ShuZiRen\Hermes\SZRYanJiu\v3_QuadRemesher_交付\01A眼窝与眼球\models\01_1_eye_socket.blend
  00:02.984  render           | Saved: 'E:\WangZhen_Project\AI\ShuZiRen\Hermes\SZRYanJiu\v3_QuadRemesher_交付\01A眼窝与眼球\screenshots\v39_norm_front.png'
  00:03.375  render           | Saved: 'E:\WangZhen_Project\AI\ShuZiRen\Hermes\SZRYanJiu\v3_QuadRemesher_交付\01A眼窝与眼球\screenshots\v39_norm_sideL.png'
  00:04.219  render           | Saved: 'E:\WangZhen_Project\AI\ShuZiRen\Hermes\SZRYanJiu\v3_QuadRemesher_交付\01A眼窝与眼球\screenshots\v39_tex_front.png'
  00:04.641  render           | Saved: 'E:\WangZhen_Project\AI\ShuZiRen\Hermes\SZRYanJiu\v3_QuadRemesher_交付\01A眼窝与眼球\screenshots\v39_tex_sideL.png'
迭代451完成

--- 迭代 452 ---
  01:27.125  render           | Saved: 'E:\WangZhen_Project\AI\ShuZiRen\Hermes\SZRYanJiu\v3_QuadRemesher_交付\01A眼窝与眼球\screenshots\01_1_eye_socket_front.png'
  01:27.250  render           | Saved: 'E:\WangZhen_Project\AI\ShuZiRen\Hermes\SZRYanJiu\v3_QuadRemesher_交付\01A眼窝与眼球\screenshots\01_1_eye_socket_side.png'
  make_eye_cup L: boundary ring M=90 (of 1 rings), ring relaxed x12, jump avg=0.46mm max=0.79mm
  recalc_face_normals: SKIPPED (v38, geometric only)
  geometric orientation: reversed 1920 bowl faces to face -Y, still wrong=0
  UV分配: 10710 loops, avg=(0.0793,0.0632), u=[0.0000,1.0000] v=[0.0000,1.0000]
  make_eye_cup R: boundary ring M=89 (of 1 rings), ring relaxed x12, jump avg=0.47mm max=0.87mm
  recalc_face_normals: SKIPPED (v38, geometric only)
  geometric orientation: reversed 247 bowl faces to face -Y, still wrong=0
  UV分配: 9844 loops, avg=(0.5786,0.1021), u=[0.0000,1.0000] v=[0.0000,1.0000]
  Saved: E:\WangZhen_Project\AI\ShuZiRen\Hermes\SZRYanJiu\v3_QuadRemesher_交付\01A眼窝与眼球\models\01_1_eye_socket.blend
  00:03.000  render           | Saved: 'E:\WangZhen_Project\AI\ShuZiRen\Hermes\SZRYanJiu\v3_QuadRemesher_交付\01A眼窝与眼球\screenshots\v39_norm_front.png'
  00:03.406  render           | Saved: 'E:\WangZhen_Project\AI\ShuZiRen\Hermes\SZRYanJiu\v3_QuadRemesher_交付\01A眼窝与眼球\screenshots\v39_norm_sideL.png'
  00:04.250  render           | Saved: 'E:\WangZhen_Project\AI\ShuZiRen\Hermes\SZRYanJiu\v3_QuadRemesher_交付\01A眼窝与眼球\screenshots\v39_tex_front.png'
  00:04.672  render           | Saved: 'E:\WangZhen_Project\AI\ShuZiRen\Hermes\SZRYanJiu\v3_QuadRemesher_交付\01A眼窝与眼球\screenshots\v39_tex_sideL.png'
迭代452完成

--- 迭代 453 ---
  01:27.094  render           | Saved: 'E:\WangZhen_Project\AI\ShuZiRen\Hermes\SZRYanJiu\v3_QuadRemesher_交付\01A眼窝与眼球\screenshots\01_1_eye_socket_front.png'
  01:27.219  render           | Saved: 'E:\WangZhen_Project\AI\ShuZiRen\Hermes\SZRYanJiu\v3_QuadRemesher_交付\01A眼窝与眼球\screenshots\01_1_eye_socket_side.png'
  make_eye_cup L: boundary ring M=90 (of 1 rings), ring relaxed x12, jump avg=0.46mm max=0.79mm
  recalc_face_normals: SKIPPED (v38, geometric only)
  geometric orientation: reversed 1920 bowl faces to face -Y, still wrong=0
  UV分配: 10710 loops, avg=(0.0793,0.0632), u=[0.0000,1.0000] v=[0.0000,1.0000]
  make_eye_cup R: boundary ring M=89 (of 1 rings), ring relaxed x12, jump avg=0.47mm max=0.87mm
  recalc_face_normals: SKIPPED (v38, geometric only)
  geometric orientation: reversed 247 bowl faces to face -Y, still wrong=0
  UV分配: 9844 loops, avg=(0.5786,0.1021), u=[0.0000,1.0000] v=[0.0000,1.0000]
  Saved: E:\WangZhen_Project\AI\ShuZiRen\Hermes\SZRYanJiu\v3_QuadRemesher_交付\01A眼窝与眼球\models\01_1_eye_socket.blend
  00:03.015  render           | Saved: 'E:\WangZhen_Project\AI\ShuZiRen\Hermes\SZRYanJiu\v3_QuadRemesher_交付\01A眼窝与眼球\screenshots\v39_norm_front.png'
  00:03.421  render           | Saved: 'E:\WangZhen_Project\AI\ShuZiRen\Hermes\SZRYanJiu\v3_QuadRemesher_交付\01A眼窝与眼球\screenshots\v39_norm_sideL.png'
  00:04.265  render           | Saved: 'E:\WangZhen_Project\AI\ShuZiRen\Hermes\SZRYanJiu\v3_QuadRemesher_交付\01A眼窝与眼球\screenshots\v39_tex_front.png'
  00:04.687  render           | Saved: 'E:\WangZhen_Project\AI\ShuZiRen\Hermes\SZRYanJiu\v3_QuadRemesher_交付\01A眼窝与眼球\screenshots\v39_tex_sideL.png'
迭代453完成

--- 迭代 454 ---
  01:27.531  render           | Saved: 'E:\WangZhen_Project\AI\ShuZiRen\Hermes\SZRYanJiu\v3_QuadRemesher_交付\01A眼窝与眼球\screenshots\01_1_eye_socket_front.png'
  01:27.640  render           | Saved: 'E:\WangZhen_Project\AI\ShuZiRen\Hermes\SZRYanJiu\v3_QuadRemesher_交付\01A眼窝与眼球\screenshots\01_1_eye_socket_side.png'
  make_eye_cup L: boundary ring M=90 (of 1 rings), ring relaxed x12, jump avg=0.46mm max=0.79mm
  recalc_face_normals: SKIPPED (v38, geometric only)
  geometric orientation: reversed 1920 bowl faces to face -Y, still wrong=0
  UV分配: 10710 loops, avg=(0.0793,0.0632), u=[0.0000,1.0000] v=[0.0000,1.0000]
  make_eye_cup R: boundary ring M=89 (of 1 rings), ring relaxed x12, jump avg=0.47mm max=0.87mm
  recalc_face_normals: SKIPPED (v38, geometric only)
  geometric orientation: reversed 247 bowl faces to face -Y, still wrong=0
  UV分配: 9844 loops, avg=(0.5786,0.1021), u=[0.0000,1.0000] v=[0.0000,1.0000]
  Saved: E:\WangZhen_Project\AI\ShuZiRen\Hermes\SZRYanJiu\v3_QuadRemesher_交付\01A眼窝与眼球\models\01_1_eye_socket.blend
  00:02.985  render           | Saved: 'E:\WangZhen_Project\AI\ShuZiRen\Hermes\SZRYanJiu\v3_QuadRemesher_交付\01A眼窝与眼球\screenshots\v39_norm_front.png'
  00:03.391  render           | Saved: 'E:\WangZhen_Project\AI\ShuZiRen\Hermes\SZRYanJiu\v3_QuadRemesher_交付\01A眼窝与眼球\screenshots\v39_norm_sideL.png'
  00:04.235  render           | Saved: 'E:\WangZhen_Project\AI\ShuZiRen\Hermes\SZRYanJiu\v3_QuadRemesher_交付\01A眼窝与眼球\screenshots\v39_tex_front.png'
  00:04.656  render           | Saved: 'E:\WangZhen_Project\AI\ShuZiRen\Hermes\SZRYanJiu\v3_QuadRemesher_交付\01A眼窝与眼球\screenshots\v39_tex_sideL.png'
迭代454完成

--- 迭代 455 ---
  01:27.453  render           | Saved: 'E:\WangZhen_Project\AI\ShuZiRen\Hermes\SZRYanJiu\v3_QuadRemesher_交付\01A眼窝与眼球\screenshots\01_1_eye_socket_front.png'
  01:27.578  render           | Saved: 'E:\WangZhen_Project\AI\ShuZiRen\Hermes\SZRYanJiu\v3_QuadRemesher_交付\01A眼窝与眼球\screenshots\01_1_eye_socket_side.png'
  make_eye_cup L: boundary ring M=90 (of 1 rings), ring relaxed x12, jump avg=0.46mm max=0.79mm
  recalc_face_normals: SKIPPED (v38, geometric only)
  geometric orientation: reversed 1920 bowl faces to face -Y, still wrong=0
  UV分配: 10710 loops, avg=(0.0793,0.0632), u=[0.0000,1.0000] v=[0.0000,1.0000]
  make_eye_cup R: boundary ring M=89 (of 1 rings), ring relaxed x12, jump avg=0.47mm max=0.87mm
  recalc_face_normals: SKIPPED (v38, geometric only)
  geometric orientation: reversed 247 bowl faces to face -Y, still wrong=0
  UV分配: 9844 loops, avg=(0.5786,0.1021), u=[0.0000,1.0000] v=[0.0000,1.0000]
  Saved: E:\WangZhen_Project\AI\ShuZiRen\Hermes\SZRYanJiu\v3_QuadRemesher_交付\01A眼窝与眼球\models\01_1_eye_socket.blend
  00:02.969  render           | Saved: 'E:\WangZhen_Project\AI\ShuZiRen\Hermes\SZRYanJiu\v3_QuadRemesher_交付\01A眼窝与眼球\screenshots\v39_norm_front.png'
  00:03.359  render           | Saved: 'E:\WangZhen_Project\AI\ShuZiRen\Hermes\SZRYanJiu\v3_QuadRemesher_交付\01A眼窝与眼球\screenshots\v39_norm_sideL.png'
  00:04.219  render           | Saved: 'E:\WangZhen_Project\AI\ShuZiRen\Hermes\SZRYanJiu\v3_QuadRemesher_交付\01A眼窝与眼球\screenshots\v39_tex_front.png'
  00:04.641  render           | Saved: 'E:\WangZhen_Project\AI\ShuZiRen\Hermes\SZRYanJiu\v3_QuadRemesher_交付\01A眼窝与眼球\screenshots\v39_tex_sideL.png'
迭代455完成

--- 迭代 456 ---
  01:27.672  render           | Saved: 'E:\WangZhen_Project\AI\ShuZiRen\Hermes\SZRYanJiu\v3_QuadRemesher_交付\01A眼窝与眼球\screenshots\01_1_eye_socket_front.png'
  01:27.797  render           | Saved: 'E:\WangZhen_Project\AI\ShuZiRen\Hermes\SZRYanJiu\v3_QuadRemesher_交付\01A眼窝与眼球\screenshots\01_1_eye_socket_side.png'
  make_eye_cup L: boundary ring M=90 (of 1 rings), ring relaxed x12, jump avg=0.46mm max=0.79mm
  recalc_face_normals: SKIPPED (v38, geometric only)
  geometric orientation: reversed 1920 bowl faces to face -Y, still wrong=0
  UV分配: 10710 loops, avg=(0.0793,0.0632), u=[0.0000,1.0000] v=[0.0000,1.0000]
  make_eye_cup R: boundary ring M=89 (of 1 rings), ring relaxed x12, jump avg=0.47mm max=0.87mm
  recalc_face_normals: SKIPPED (v38, geometric only)
  geometric orientation: reversed 247 bowl faces to face -Y, still wrong=0
  UV分配: 9844 loops, avg=(0.5786,0.1021), u=[0.0000,1.0000] v=[0.0000,1.0000]
  Saved: E:\WangZhen_Project\AI\ShuZiRen\Hermes\SZRYanJiu\v3_QuadRemesher_交付\01A眼窝与眼球\models\01_1_eye_socket.blend
  00:02.968  render           | Saved: 'E:\WangZhen_Project\AI\ShuZiRen\Hermes\SZRYanJiu\v3_QuadRemesher_交付\01A眼窝与眼球\screenshots\v39_norm_front.png'
  00:03.359  render           | Saved: 'E:\WangZhen_Project\AI\ShuZiRen\Hermes\SZRYanJiu\v3_QuadRemesher_交付\01A眼窝与眼球\screenshots\v39_norm_sideL.png'
  00:04.218  render           | Saved: 'E:\WangZhen_Project\AI\ShuZiRen\Hermes\SZRYanJiu\v3_QuadRemesher_交付\01A眼窝与眼球\screenshots\v39_tex_front.png'
  00:04.640  render           | Saved: 'E:\WangZhen_Project\AI\ShuZiRen\Hermes\SZRYanJiu\v3_QuadRemesher_交付\01A眼窝与眼球\screenshots\v39_tex_sideL.png'
迭代456完成

--- 迭代 457 ---
  01:27.485  render           | Saved: 'E:\WangZhen_Project\AI\ShuZiRen\Hermes\SZRYanJiu\v3_QuadRemesher_交付\01A眼窝与眼球\screenshots\01_1_eye_socket_front.png'
  01:27.610  render           | Saved: 'E:\WangZhen_Project\AI\ShuZiRen\Hermes\SZRYanJiu\v3_QuadRemesher_交付\01A眼窝与眼球\screenshots\01_1_eye_socket_side.png'
  make_eye_cup L: boundary ring M=90 (of 1 rings), ring relaxed x12, jump avg=0.46mm max=0.79mm
  recalc_face_normals: SKIPPED (v38, geometric only)
  geometric orientation: reversed 1920 bowl faces to face -Y, still wrong=0
  UV分配: 10710 loops, avg=(0.0793,0.0632), u=[0.0000,1.0000] v=[0.0000,1.0000]
  make_eye_cup R: boundary ring M=89 (of 1 rings), ring relaxed x12, jump avg=0.47mm max=0.87mm
  recalc_face_normals: SKIPPED (v38, geometric only)
  geometric orientation: reversed 247 bowl faces to face -Y, still wrong=0
  UV分配: 9844 loops, avg=(0.5786,0.1021), u=[0.0000,1.0000] v=[0.0000,1.0000]
  Saved: E:\WangZhen_Project\AI\ShuZiRen\Hermes\SZRYanJiu\v3_QuadRemesher_交付\01A眼窝与眼球\models\01_1_eye_socket.blend
  00:03.031  render           | Saved: 'E:\WangZhen_Project\AI\ShuZiRen\Hermes\SZRYanJiu\v3_QuadRemesher_交付\01A眼窝与眼球\screenshots\v39_norm_front.png'
  00:03.421  render           | Saved: 'E:\WangZhen_Project\AI\ShuZiRen\Hermes\SZRYanJiu\v3_QuadRemesher_交付\01A眼窝与眼球\screenshots\v39_norm_sideL.png'
  00:04.296  render           | Saved: 'E:\WangZhen_Project\AI\ShuZiRen\Hermes\SZRYanJiu\v3_QuadRemesher_交付\01A眼窝与眼球\screenshots\v39_tex_front.png'
  00:04.718  render           | Saved: 'E:\WangZhen_Project\AI\ShuZiRen\Hermes\SZRYanJiu\v3_QuadRemesher_交付\01A眼窝与眼球\screenshots\v39_tex_sideL.png'
迭代457完成

--- 迭代 458 ---
  01:27.156  render           | Saved: 'E:\WangZhen_Project\AI\ShuZiRen\Hermes\SZRYanJiu\v3_QuadRemesher_交付\01A眼窝与眼球\screenshots\01_1_eye_socket_front.png'
  01:27.281  render           | Saved: 'E:\WangZhen_Project\AI\ShuZiRen\Hermes\SZRYanJiu\v3_QuadRemesher_交付\01A眼窝与眼球\screenshots\01_1_eye_socket_side.png'
  make_eye_cup L: boundary ring M=90 (of 1 rings), ring relaxed x12, jump avg=0.46mm max=0.79mm
  recalc_face_normals: SKIPPED (v38, geometric only)
  geometric orientation: reversed 1920 bowl faces to face -Y, still wrong=0
  UV分配: 10710 loops, avg=(0.0793,0.0632), u=[0.0000,1.0000] v=[0.0000,1.0000]
  make_eye_cup R: boundary ring M=89 (of 1 rings), ring relaxed x12, jump avg=0.47mm max=0.87mm
  recalc_face_normals: SKIPPED (v38, geometric only)
  geometric orientation: reversed 247 bowl faces to face -Y, still wrong=0
  UV分配: 9844 loops, avg=(0.5786,0.1021), u=[0.0000,1.0000] v=[0.0000,1.0000]
  Saved: E:\WangZhen_Project\AI\ShuZiRen\Hermes\SZRYanJiu\v3_QuadRemesher_交付\01A眼窝与眼球\models\01_1_eye_socket.blend
  00:02.953  render           | Saved: 'E:\WangZhen_Project\AI\ShuZiRen\Hermes\SZRYanJiu\v3_QuadRemesher_交付\01A眼窝与眼球\screenshots\v39_norm_front.png'
  00:03.359  render           | Saved: 'E:\WangZhen_Project\AI\ShuZiRen\Hermes\SZRYanJiu\v3_QuadRemesher_交付\01A眼窝与眼球\screenshots\v39_norm_sideL.png'
  00:04.218  render           | Saved: 'E:\WangZhen_Project\AI\ShuZiRen\Hermes\SZRYanJiu\v3_QuadRemesher_交付\01A眼窝与眼球\screenshots\v39_tex_front.png'
  00:04.640  render           | Saved: 'E:\WangZhen_Project\AI\ShuZiRen\Hermes\SZRYanJiu\v3_QuadRemesher_交付\01A眼窝与眼球\screenshots\v39_tex_sideL.png'
迭代458完成

--- 迭代 459 ---
  01:27.281  render           | Saved: 'E:\WangZhen_Project\AI\ShuZiRen\Hermes\SZRYanJiu\v3_QuadRemesher_交付\01A眼窝与眼球\screenshots\01_1_eye_socket_front.png'
  01:27.406  render           | Saved: 'E:\WangZhen_Project\AI\ShuZiRen\Hermes\SZRYanJiu\v3_QuadRemesher_交付\01A眼窝与眼球\screenshots\01_1_eye_socket_side.png'
  make_eye_cup L: boundary ring M=90 (of 1 rings), ring relaxed x12, jump avg=0.46mm max=0.79mm
  recalc_face_normals: SKIPPED (v38, geometric only)
  geometric orientation: reversed 1920 bowl faces to face -Y, still wrong=0
  UV分配: 10710 loops, avg=(0.0793,0.0632), u=[0.0000,1.0000] v=[0.0000,1.0000]
  make_eye_cup R: boundary ring M=89 (of 1 rings), ring relaxed x12, jump avg=0.47mm max=0.87mm
  recalc_face_normals: SKIPPED (v38, geometric only)
  geometric orientation: reversed 247 bowl faces to face -Y, still wrong=0
  UV分配: 9844 loops, avg=(0.5786,0.1021), u=[0.0000,1.0000] v=[0.0000,1.0000]
  Saved: E:\WangZhen_Project\AI\ShuZiRen\Hermes\SZRYanJiu\v3_QuadRemesher_交付\01A眼窝与眼球\models\01_1_eye_socket.blend
  00:02.984  render           | Saved: 'E:\WangZhen_Project\AI\ShuZiRen\Hermes\SZRYanJiu\v3_QuadRemesher_交付\01A眼窝与眼球\screenshots\v39_norm_front.png'
  00:03.391  render           | Saved: 'E:\WangZhen_Project\AI\ShuZiRen\Hermes\SZRYanJiu\v3_QuadRemesher_交付\01A眼窝与眼球\screenshots\v39_norm_sideL.png'
  00:04.250  render           | Saved: 'E:\WangZhen_Project\AI\ShuZiRen\Hermes\SZRYanJiu\v3_QuadRemesher_交付\01A眼窝与眼球\screenshots\v39_tex_front.png'
  00:04.672  render           | Saved: 'E:\WangZhen_Project\AI\ShuZiRen\Hermes\SZRYanJiu\v3_QuadRemesher_交付\01A眼窝与眼球\screenshots\v39_tex_sideL.png'
迭代459完成

--- 迭代 460 ---
  01:27.266  render           | Saved: 'E:\WangZhen_Project\AI\ShuZiRen\Hermes\SZRYanJiu\v3_QuadRemesher_交付\01A眼窝与眼球\screenshots\01_1_eye_socket_front.png'
  01:27.391  render           | Saved: 'E:\WangZhen_Project\AI\ShuZiRen\Hermes\SZRYanJiu\v3_QuadRemesher_交付\01A眼窝与眼球\screenshots\01_1_eye_socket_side.png'
  make_eye_cup L: boundary ring M=90 (of 1 rings), ring relaxed x12, jump avg=0.46mm max=0.79mm
  recalc_face_normals: SKIPPED (v38, geometric only)
  geometric orientation: reversed 1920 bowl faces to face -Y, still wrong=0
  UV分配: 10710 loops, avg=(0.0793,0.0632), u=[0.0000,1.0000] v=[0.0000,1.0000]
  make_eye_cup R: boundary ring M=89 (of 1 rings), ring relaxed x12, jump avg=0.47mm max=0.87mm
  recalc_face_normals: SKIPPED (v38, geometric only)
  geometric orientation: reversed 247 bowl faces to face -Y, still wrong=0
  UV分配: 9844 loops, avg=(0.5786,0.1021), u=[0.0000,1.0000] v=[0.0000,1.0000]
  Saved: E:\WangZhen_Project\AI\ShuZiRen\Hermes\SZRYanJiu\v3_QuadRemesher_交付\01A眼窝与眼球\models\01_1_eye_socket.blend
  00:02.969  render           | Saved: 'E:\WangZhen_Project\AI\ShuZiRen\Hermes\SZRYanJiu\v3_QuadRemesher_交付\01A眼窝与眼球\screenshots\v39_norm_front.png'
  00:03.375  render           | Saved: 'E:\WangZhen_Project\AI\ShuZiRen\Hermes\SZRYanJiu\v3_QuadRemesher_交付\01A眼窝与眼球\screenshots\v39_norm_sideL.png'
  00:04.234  render           | Saved: 'E:\WangZhen_Project\AI\ShuZiRen\Hermes\SZRYanJiu\v3_QuadRemesher_交付\01A眼窝与眼球\screenshots\v39_tex_front.png'
  00:04.641  render           | Saved: 'E:\WangZhen_Project\AI\ShuZiRen\Hermes\SZRYanJiu\v3_QuadRemesher_交付\01A眼窝与眼球\screenshots\v39_tex_sideL.png'
迭代460完成

--- 迭代 461 ---
  01:26.828  render           | Saved: 'E:\WangZhen_Project\AI\ShuZiRen\Hermes\SZRYanJiu\v3_QuadRemesher_交付\01A眼窝与眼球\screenshots\01_1_eye_socket_front.png'
  01:26.969  render           | Saved: 'E:\WangZhen_Project\AI\ShuZiRen\Hermes\SZRYanJiu\v3_QuadRemesher_交付\01A眼窝与眼球\screenshots\01_1_eye_socket_side.png'
  make_eye_cup L: boundary ring M=90 (of 1 rings), ring relaxed x12, jump avg=0.46mm max=0.79mm
  recalc_face_normals: SKIPPED (v38, geometric only)
  geometric orientation: reversed 1920 bowl faces to face -Y, still wrong=0
  UV分配: 10710 loops, avg=(0.0793,0.0632), u=[0.0000,1.0000] v=[0.0000,1.0000]
  make_eye_cup R: boundary ring M=89 (of 1 rings), ring relaxed x12, jump avg=0.47mm max=0.87mm
  recalc_face_normals: SKIPPED (v38, geometric only)
  geometric orientation: reversed 247 bowl faces to face -Y, still wrong=0
  UV分配: 9844 loops, avg=(0.5786,0.1021), u=[0.0000,1.0000] v=[0.0000,1.0000]
  Saved: E:\WangZhen_Project\AI\ShuZiRen\Hermes\SZRYanJiu\v3_QuadRemesher_交付\01A眼窝与眼球\models\01_1_eye_socket.blend
  00:02.985  render           | Saved: 'E:\WangZhen_Project\AI\ShuZiRen\Hermes\SZRYanJiu\v3_QuadRemesher_交付\01A眼窝与眼球\screenshots\v39_norm_front.png'
  00:03.375  render           | Saved: 'E:\WangZhen_Project\AI\ShuZiRen\Hermes\SZRYanJiu\v3_QuadRemesher_交付\01A眼窝与眼球\screenshots\v39_norm_sideL.png'
  00:04.250  render           | Saved: 'E:\WangZhen_Project\AI\ShuZiRen\Hermes\SZRYanJiu\v3_QuadRemesher_交付\01A眼窝与眼球\screenshots\v39_tex_front.png'
  00:04.672  render           | Saved: 'E:\WangZhen_Project\AI\ShuZiRen\Hermes\SZRYanJiu\v3_QuadRemesher_交付\01A眼窝与眼球\screenshots\v39_tex_sideL.png'
迭代461完成

--- 迭代 462 ---
  01:27.437  render           | Saved: 'E:\WangZhen_Project\AI\ShuZiRen\Hermes\SZRYanJiu\v3_QuadRemesher_交付\01A眼窝与眼球\screenshots\01_1_eye_socket_front.png'
  01:27.562  render           | Saved: 'E:\WangZhen_Project\AI\ShuZiRen\Hermes\SZRYanJiu\v3_QuadRemesher_交付\01A眼窝与眼球\screenshots\01_1_eye_socket_side.png'
  make_eye_cup L: boundary ring M=90 (of 1 rings), ring relaxed x12, jump avg=0.46mm max=0.79mm
  recalc_face_normals: SKIPPED (v38, geometric only)
  geometric orientation: reversed 1920 bowl faces to face -Y, still wrong=0
  UV分配: 10710 loops, avg=(0.0793,0.0632), u=[0.0000,1.0000] v=[0.0000,1.0000]
  make_eye_cup R: boundary ring M=89 (of 1 rings), ring relaxed x12, jump avg=0.47mm max=0.87mm
  recalc_face_normals: SKIPPED (v38, geometric only)
  geometric orientation: reversed 247 bowl faces to face -Y, still wrong=0
  UV分配: 9844 loops, avg=(0.5786,0.1021), u=[0.0000,1.0000] v=[0.0000,1.0000]
  Saved: E:\WangZhen_Project\AI\ShuZiRen\Hermes\SZRYanJiu\v3_QuadRemesher_交付\01A眼窝与眼球\models\01_1_eye_socket.blend
  00:02.984  render           | Saved: 'E:\WangZhen_Project\AI\ShuZiRen\Hermes\SZRYanJiu\v3_QuadRemesher_交付\01A眼窝与眼球\screenshots\v39_norm_front.png'
  00:03.375  render           | Saved: 'E:\WangZhen_Project\AI\ShuZiRen\Hermes\SZRYanJiu\v3_QuadRemesher_交付\01A眼窝与眼球\screenshots\v39_norm_sideL.png'
  00:04.234  render           | Saved: 'E:\WangZhen_Project\AI\ShuZiRen\Hermes\SZRYanJiu\v3_QuadRemesher_交付\01A眼窝与眼球\screenshots\v39_tex_front.png'
  00:04.656  render           | Saved: 'E:\WangZhen_Project\AI\ShuZiRen\Hermes\SZRYanJiu\v3_QuadRemesher_交付\01A眼窝与眼球\screenshots\v39_tex_sideL.png'
迭代462完成

--- 迭代 463 ---
  01:27.641  render           | Saved: 'E:\WangZhen_Project\AI\ShuZiRen\Hermes\SZRYanJiu\v3_QuadRemesher_交付\01A眼窝与眼球\screenshots\01_1_eye_socket_front.png'
  01:27.766  render           | Saved: 'E:\WangZhen_Project\AI\ShuZiRen\Hermes\SZRYanJiu\v3_QuadRemesher_交付\01A眼窝与眼球\screenshots\01_1_eye_socket_side.png'
  make_eye_cup L: boundary ring M=90 (of 1 rings), ring relaxed x12, jump avg=0.46mm max=0.79mm
  recalc_face_normals: SKIPPED (v38, geometric only)
  geometric orientation: reversed 1920 bowl faces to face -Y, still wrong=0
  UV分配: 10710 loops, avg=(0.0793,0.0632), u=[0.0000,1.0000] v=[0.0000,1.0000]
  make_eye_cup R: boundary ring M=89 (of 1 rings), ring relaxed x12, jump avg=0.47mm max=0.87mm
  recalc_face_normals: SKIPPED (v38, geometric only)
  geometric orientation: reversed 247 bowl faces to face -Y, still wrong=0
  UV分配: 9844 loops, avg=(0.5786,0.1021), u=[0.0000,1.0000] v=[0.0000,1.0000]
  Saved: E:\WangZhen_Project\AI\ShuZiRen\Hermes\SZRYanJiu\v3_QuadRemesher_交付\01A眼窝与眼球\models\01_1_eye_socket.blend
  00:02.953  render           | Saved: 'E:\WangZhen_Project\AI\ShuZiRen\Hermes\SZRYanJiu\v3_QuadRemesher_交付\01A眼窝与眼球\screenshots\v39_norm_front.png'
  00:03.360  render           | Saved: 'E:\WangZhen_Project\AI\ShuZiRen\Hermes\SZRYanJiu\v3_QuadRemesher_交付\01A眼窝与眼球\screenshots\v39_norm_sideL.png'
  00:04.219  render           | Saved: 'E:\WangZhen_Project\AI\ShuZiRen\Hermes\SZRYanJiu\v3_QuadRemesher_交付\01A眼窝与眼球\screenshots\v39_tex_front.png'
  00:04.641  render           | Saved: 'E:\WangZhen_Project\AI\ShuZiRen\Hermes\SZRYanJiu\v3_QuadRemesher_交付\01A眼窝与眼球\screenshots\v39_tex_sideL.png'
迭代463完成

--- 迭代 464 ---
  01:27.375  render           | Saved: 'E:\WangZhen_Project\AI\ShuZiRen\Hermes\SZRYanJiu\v3_QuadRemesher_交付\01A眼窝与眼球\screenshots\01_1_eye_socket_front.png'
  01:27.500  render           | Saved: 'E:\WangZhen_Project\AI\ShuZiRen\Hermes\SZRYanJiu\v3_QuadRemesher_交付\01A眼窝与眼球\screenshots\01_1_eye_socket_side.png'
  make_eye_cup L: boundary ring M=90 (of 1 rings), ring relaxed x12, jump avg=0.46mm max=0.79mm
  recalc_face_normals: SKIPPED (v38, geometric only)
  geometric orientation: reversed 1920 bowl faces to face -Y, still wrong=0
  UV分配: 10710 loops, avg=(0.0793,0.0632), u=[0.0000,1.0000] v=[0.0000,1.0000]
  make_eye_cup R: boundary ring M=89 (of 1 rings), ring relaxed x12, jump avg=0.47mm max=0.87mm
  recalc_face_normals: SKIPPED (v38, geometric only)
  geometric orientation: reversed 247 bowl faces to face -Y, still wrong=0
  UV分配: 9844 loops, avg=(0.5786,0.1021), u=[0.0000,1.0000] v=[0.0000,1.0000]
  Saved: E:\WangZhen_Project\AI\ShuZiRen\Hermes\SZRYanJiu\v3_QuadRemesher_交付\01A眼窝与眼球\models\01_1_eye_socket.blend
  00:02.969  render           | Saved: 'E:\WangZhen_Project\AI\ShuZiRen\Hermes\SZRYanJiu\v3_QuadRemesher_交付\01A眼窝与眼球\screenshots\v39_norm_front.png'
  00:03.360  render           | Saved: 'E:\WangZhen_Project\AI\ShuZiRen\Hermes\SZRYanJiu\v3_QuadRemesher_交付\01A眼窝与眼球\screenshots\v39_norm_sideL.png'
  00:04.219  render           | Saved: 'E:\WangZhen_Project\AI\ShuZiRen\Hermes\SZRYanJiu\v3_QuadRemesher_交付\01A眼窝与眼球\screenshots\v39_tex_front.png'
  00:04.641  render           | Saved: 'E:\WangZhen_Project\AI\ShuZiRen\Hermes\SZRYanJiu\v3_QuadRemesher_交付\01A眼窝与眼球\screenshots\v39_tex_sideL.png'
迭代464完成

--- 迭代 465 ---
  01:27.468  render           | Saved: 'E:\WangZhen_Project\AI\ShuZiRen\Hermes\SZRYanJiu\v3_QuadRemesher_交付\01A眼窝与眼球\screenshots\01_1_eye_socket_front.png'
  01:27.593  render           | Saved: 'E:\WangZhen_Project\AI\ShuZiRen\Hermes\SZRYanJiu\v3_QuadRemesher_交付\01A眼窝与眼球\screenshots\01_1_eye_socket_side.png'
  make_eye_cup L: boundary ring M=90 (of 1 rings), ring relaxed x12, jump avg=0.46mm max=0.79mm
  recalc_face_normals: SKIPPED (v38, geometric only)
  geometric orientation: reversed 1920 bowl faces to face -Y, still wrong=0
  UV分配: 10710 loops, avg=(0.0793,0.0632), u=[0.0000,1.0000] v=[0.0000,1.0000]
  make_eye_cup R: boundary ring M=89 (of 1 rings), ring relaxed x12, jump avg=0.47mm max=0.87mm
  recalc_face_normals: SKIPPED (v38, geometric only)
  geometric orientation: reversed 247 bowl faces to face -Y, still wrong=0
  UV分配: 9844 loops, avg=(0.5786,0.1021), u=[0.0000,1.0000] v=[0.0000,1.0000]
  Saved: E:\WangZhen_Project\AI\ShuZiRen\Hermes\SZRYanJiu\v3_QuadRemesher_交付\01A眼窝与眼球\models\01_1_eye_socket.blend
  00:02.968  render           | Saved: 'E:\WangZhen_Project\AI\ShuZiRen\Hermes\SZRYanJiu\v3_QuadRemesher_交付\01A眼窝与眼球\screenshots\v39_norm_front.png'
  00:03.359  render           | Saved: 'E:\WangZhen_Project\AI\ShuZiRen\Hermes\SZRYanJiu\v3_QuadRemesher_交付\01A眼窝与眼球\screenshots\v39_norm_sideL.png'
  00:04.218  render           | Saved: 'E:\WangZhen_Project\AI\ShuZiRen\Hermes\SZRYanJiu\v3_QuadRemesher_交付\01A眼窝与眼球\screenshots\v39_tex_front.png'
  00:04.640  render           | Saved: 'E:\WangZhen_Project\AI\ShuZiRen\Hermes\SZRYanJiu\v3_QuadRemesher_交付\01A眼窝与眼球\screenshots\v39_tex_sideL.png'
迭代465完成

--- 迭代 466 ---
  01:27.203  render           | Saved: 'E:\WangZhen_Project\AI\ShuZiRen\Hermes\SZRYanJiu\v3_QuadRemesher_交付\01A眼窝与眼球\screenshots\01_1_eye_socket_front.png'
  01:27.328  render           | Saved: 'E:\WangZhen_Project\AI\ShuZiRen\Hermes\SZRYanJiu\v3_QuadRemesher_交付\01A眼窝与眼球\screenshots\01_1_eye_socket_side.png'
  make_eye_cup L: boundary ring M=90 (of 1 rings), ring relaxed x12, jump avg=0.46mm max=0.79mm
  recalc_face_normals: SKIPPED (v38, geometric only)
  geometric orientation: reversed 1920 bowl faces to face -Y, still wrong=0
  UV分配: 10710 loops, avg=(0.0793,0.0632), u=[0.0000,1.0000] v=[0.0000,1.0000]
  make_eye_cup R: boundary ring M=89 (of 1 rings), ring relaxed x12, jump avg=0.47mm max=0.87mm
  recalc_face_normals: SKIPPED (v38, geometric only)
  geometric orientation: reversed 247 bowl faces to face -Y, still wrong=0
  UV分配: 9844 loops, avg=(0.5786,0.1021), u=[0.0000,1.0000] v=[0.0000,1.0000]
  Saved: E:\WangZhen_Project\AI\ShuZiRen\Hermes\SZRYanJiu\v3_QuadRemesher_交付\01A眼窝与眼球\models\01_1_eye_socket.blend
  00:02.984  render           | Saved: 'E:\WangZhen_Project\AI\ShuZiRen\Hermes\SZRYanJiu\v3_QuadRemesher_交付\01A眼窝与眼球\screenshots\v39_norm_front.png'
  00:03.390  render           | Saved: 'E:\WangZhen_Project\AI\ShuZiRen\Hermes\SZRYanJiu\v3_QuadRemesher_交付\01A眼窝与眼球\screenshots\v39_norm_sideL.png'
  00:04.234  render           | Saved: 'E:\WangZhen_Project\AI\ShuZiRen\Hermes\SZRYanJiu\v3_QuadRemesher_交付\01A眼窝与眼球\screenshots\v39_tex_front.png'
  00:04.656  render           | Saved: 'E:\WangZhen_Project\AI\ShuZiRen\Hermes\SZRYanJiu\v3_QuadRemesher_交付\01A眼窝与眼球\screenshots\v39_tex_sideL.png'
迭代466完成

--- 迭代 467 ---
  01:27.375  render           | Saved: 'E:\WangZhen_Project\AI\ShuZiRen\Hermes\SZRYanJiu\v3_QuadRemesher_交付\01A眼窝与眼球\screenshots\01_1_eye_socket_front.png'
  01:27.500  render           | Saved: 'E:\WangZhen_Project\AI\ShuZiRen\Hermes\SZRYanJiu\v3_QuadRemesher_交付\01A眼窝与眼球\screenshots\01_1_eye_socket_side.png'
  make_eye_cup L: boundary ring M=90 (of 1 rings), ring relaxed x12, jump avg=0.46mm max=0.79mm
  recalc_face_normals: SKIPPED (v38, geometric only)
  geometric orientation: reversed 1920 bowl faces to face -Y, still wrong=0
  UV分配: 10710 loops, avg=(0.0793,0.0632), u=[0.0000,1.0000] v=[0.0000,1.0000]
  make_eye_cup R: boundary ring M=89 (of 1 rings), ring relaxed x12, jump avg=0.47mm max=0.87mm
  recalc_face_normals: SKIPPED (v38, geometric only)
  geometric orientation: reversed 247 bowl faces to face -Y, still wrong=0
  UV分配: 9844 loops, avg=(0.5786,0.1021), u=[0.0000,1.0000] v=[0.0000,1.0000]
  Saved: E:\WangZhen_Project\AI\ShuZiRen\Hermes\SZRYanJiu\v3_QuadRemesher_交付\01A眼窝与眼球\models\01_1_eye_socket.blend
  00:03.046  render           | Saved: 'E:\WangZhen_Project\AI\ShuZiRen\Hermes\SZRYanJiu\v3_QuadRemesher_交付\01A眼窝与眼球\screenshots\v39_norm_front.png'
  00:03.437  render           | Saved: 'E:\WangZhen_Project\AI\ShuZiRen\Hermes\SZRYanJiu\v3_QuadRemesher_交付\01A眼窝与眼球\screenshots\v39_norm_sideL.png'
  00:04.281  render           | Saved: 'E:\WangZhen_Project\AI\ShuZiRen\Hermes\SZRYanJiu\v3_QuadRemesher_交付\01A眼窝与眼球\screenshots\v39_tex_front.png'
  00:04.718  render           | Saved: 'E:\WangZhen_Project\AI\ShuZiRen\Hermes\SZRYanJiu\v3_QuadRemesher_交付\01A眼窝与眼球\screenshots\v39_tex_sideL.png'
迭代467完成

--- 迭代 468 ---
  01:27.281  render           | Saved: 'E:\WangZhen_Project\AI\ShuZiRen\Hermes\SZRYanJiu\v3_QuadRemesher_交付\01A眼窝与眼球\screenshots\01_1_eye_socket_front.png'
  01:27.422  render           | Saved: 'E:\WangZhen_Project\AI\ShuZiRen\Hermes\SZRYanJiu\v3_QuadRemesher_交付\01A眼窝与眼球\screenshots\01_1_eye_socket_side.png'
  make_eye_cup L: boundary ring M=90 (of 1 rings), ring relaxed x12, jump avg=0.46mm max=0.79mm
  recalc_face_normals: SKIPPED (v38, geometric only)
  geometric orientation: reversed 1920 bowl faces to face -Y, still wrong=0
  UV分配: 10710 loops, avg=(0.0793,0.0632), u=[0.0000,1.0000] v=[0.0000,1.0000]
  make_eye_cup R: boundary ring M=89 (of 1 rings), ring relaxed x12, jump avg=0.47mm max=0.87mm
  recalc_face_normals: SKIPPED (v38, geometric only)
  geometric orientation: reversed 247 bowl faces to face -Y, still wrong=0
  UV分配: 9844 loops, avg=(0.5786,0.1021), u=[0.0000,1.0000] v=[0.0000,1.0000]
  Saved: E:\WangZhen_Project\AI\ShuZiRen\Hermes\SZRYanJiu\v3_QuadRemesher_交付\01A眼窝与眼球\models\01_1_eye_socket.blend
  00:03.000  render           | Saved: 'E:\WangZhen_Project\AI\ShuZiRen\Hermes\SZRYanJiu\v3_QuadRemesher_交付\01A眼窝与眼球\screenshots\v39_norm_front.png'
  00:03.390  render           | Saved: 'E:\WangZhen_Project\AI\ShuZiRen\Hermes\SZRYanJiu\v3_QuadRemesher_交付\01A眼窝与眼球\screenshots\v39_norm_sideL.png'
  00:04.250  render           | Saved: 'E:\WangZhen_Project\AI\ShuZiRen\Hermes\SZRYanJiu\v3_QuadRemesher_交付\01A眼窝与眼球\screenshots\v39_tex_front.png'
  00:04.672  render           | Saved: 'E:\WangZhen_Project\AI\ShuZiRen\Hermes\SZRYanJiu\v3_QuadRemesher_交付\01A眼窝与眼球\screenshots\v39_tex_sideL.png'
迭代468完成

--- 迭代 469 ---
  01:27.234  render           | Saved: 'E:\WangZhen_Project\AI\ShuZiRen\Hermes\SZRYanJiu\v3_QuadRemesher_交付\01A眼窝与眼球\screenshots\01_1_eye_socket_front.png'
  01:27.359  render           | Saved: 'E:\WangZhen_Project\AI\ShuZiRen\Hermes\SZRYanJiu\v3_QuadRemesher_交付\01A眼窝与眼球\screenshots\01_1_eye_socket_side.png'
  make_eye_cup L: boundary ring M=90 (of 1 rings), ring relaxed x12, jump avg=0.46mm max=0.79mm
  recalc_face_normals: SKIPPED (v38, geometric only)
  geometric orientation: reversed 1920 bowl faces to face -Y, still wrong=0
  UV分配: 10710 loops, avg=(0.0793,0.0632), u=[0.0000,1.0000] v=[0.0000,1.0000]
  make_eye_cup R: boundary ring M=89 (of 1 rings), ring relaxed x12, jump avg=0.47mm max=0.87mm
  recalc_face_normals: SKIPPED (v38, geometric only)
  geometric orientation: reversed 247 bowl faces to face -Y, still wrong=0
  UV分配: 9844 loops, avg=(0.5786,0.1021), u=[0.0000,1.0000] v=[0.0000,1.0000]
  Saved: E:\WangZhen_Project\AI\ShuZiRen\Hermes\SZRYanJiu\v3_QuadRemesher_交付\01A眼窝与眼球\models\01_1_eye_socket.blend
  00:03.000  render           | Saved: 'E:\WangZhen_Project\AI\ShuZiRen\Hermes\SZRYanJiu\v3_QuadRemesher_交付\01A眼窝与眼球\screenshots\v39_norm_front.png'
  00:03.391  render           | Saved: 'E:\WangZhen_Project\AI\ShuZiRen\Hermes\SZRYanJiu\v3_QuadRemesher_交付\01A眼窝与眼球\screenshots\v39_norm_sideL.png'
  00:04.250  render           | Saved: 'E:\WangZhen_Project\AI\ShuZiRen\Hermes\SZRYanJiu\v3_QuadRemesher_交付\01A眼窝与眼球\screenshots\v39_tex_front.png'
  00:04.688  render           | Saved: 'E:\WangZhen_Project\AI\ShuZiRen\Hermes\SZRYanJiu\v3_QuadRemesher_交付\01A眼窝与眼球\screenshots\v39_tex_sideL.png'
迭代469完成

--- 迭代 470 ---
  01:27.078  render           | Saved: 'E:\WangZhen_Project\AI\ShuZiRen\Hermes\SZRYanJiu\v3_QuadRemesher_交付\01A眼窝与眼球\screenshots\01_1_eye_socket_front.png'
  01:27.203  render           | Saved: 'E:\WangZhen_Project\AI\ShuZiRen\Hermes\SZRYanJiu\v3_QuadRemesher_交付\01A眼窝与眼球\screenshots\01_1_eye_socket_side.png'
  make_eye_cup L: boundary ring M=90 (of 1 rings), ring relaxed x12, jump avg=0.46mm max=0.79mm
  recalc_face_normals: SKIPPED (v38, geometric only)
  geometric orientation: reversed 1920 bowl faces to face -Y, still wrong=0
  UV分配: 10710 loops, avg=(0.0793,0.0632), u=[0.0000,1.0000] v=[0.0000,1.0000]
  make_eye_cup R: boundary ring M=89 (of 1 rings), ring relaxed x12, jump avg=0.47mm max=0.87mm
  recalc_face_normals: SKIPPED (v38, geometric only)
  geometric orientation: reversed 247 bowl faces to face -Y, still wrong=0
  UV分配: 9844 loops, avg=(0.5786,0.1021), u=[0.0000,1.0000] v=[0.0000,1.0000]
  Saved: E:\WangZhen_Project\AI\ShuZiRen\Hermes\SZRYanJiu\v3_QuadRemesher_交付\01A眼窝与眼球\models\01_1_eye_socket.blend
  00:02.969  render           | Saved: 'E:\WangZhen_Project\AI\ShuZiRen\Hermes\SZRYanJiu\v3_QuadRemesher_交付\01A眼窝与眼球\screenshots\v39_norm_front.png'
  00:03.375  render           | Saved: 'E:\WangZhen_Project\AI\ShuZiRen\Hermes\SZRYanJiu\v3_QuadRemesher_交付\01A眼窝与眼球\screenshots\v39_norm_sideL.png'
  00:04.219  render           | Saved: 'E:\WangZhen_Project\AI\ShuZiRen\Hermes\SZRYanJiu\v3_QuadRemesher_交付\01A眼窝与眼球\screenshots\v39_tex_front.png'
  00:04.640  render           | Saved: 'E:\WangZhen_Project\AI\ShuZiRen\Hermes\SZRYanJiu\v3_QuadRemesher_交付\01A眼窝与眼球\screenshots\v39_tex_sideL.png'
迭代470完成

--- 迭代 471 ---
  01:27.422  render           | Saved: 'E:\WangZhen_Project\AI\ShuZiRen\Hermes\SZRYanJiu\v3_QuadRemesher_交付\01A眼窝与眼球\screenshots\01_1_eye_socket_front.png'
  01:27.547  render           | Saved: 'E:\WangZhen_Project\AI\ShuZiRen\Hermes\SZRYanJiu\v3_QuadRemesher_交付\01A眼窝与眼球\screenshots\01_1_eye_socket_side.png'
  make_eye_cup L: boundary ring M=90 (of 1 rings), ring relaxed x12, jump avg=0.46mm max=0.79mm
  recalc_face_normals: SKIPPED (v38, geometric only)
  geometric orientation: reversed 1920 bowl faces to face -Y, still wrong=0
  UV分配: 10710 loops, avg=(0.0793,0.0632), u=[0.0000,1.0000] v=[0.0000,1.0000]
  make_eye_cup R: boundary ring M=89 (of 1 rings), ring relaxed x12, jump avg=0.47mm max=0.87mm
  recalc_face_normals: SKIPPED (v38, geometric only)
  geometric orientation: reversed 247 bowl faces to face -Y, still wrong=0
  UV分配: 9844 loops, avg=(0.5786,0.1021), u=[0.0000,1.0000] v=[0.0000,1.0000]
  Saved: E:\WangZhen_Project\AI\ShuZiRen\Hermes\SZRYanJiu\v3_QuadRemesher_交付\01A眼窝与眼球\models\01_1_eye_socket.blend
  00:02.969  render           | Saved: 'E:\WangZhen_Project\AI\ShuZiRen\Hermes\SZRYanJiu\v3_QuadRemesher_交付\01A眼窝与眼球\screenshots\v39_norm_front.png'
  00:03.359  render           | Saved: 'E:\WangZhen_Project\AI\ShuZiRen\Hermes\SZRYanJiu\v3_QuadRemesher_交付\01A眼窝与眼球\screenshots\v39_norm_sideL.png'
  00:04.203  render           | Saved: 'E:\WangZhen_Project\AI\ShuZiRen\Hermes\SZRYanJiu\v3_QuadRemesher_交付\01A眼窝与眼球\screenshots\v39_tex_front.png'
  00:04.640  render           | Saved: 'E:\WangZhen_Project\AI\ShuZiRen\Hermes\SZRYanJiu\v3_QuadRemesher_交付\01A眼窝与眼球\screenshots\v39_tex_sideL.png'
迭代471完成

--- 迭代 472 ---
  01:27.547  render           | Saved: 'E:\WangZhen_Project\AI\ShuZiRen\Hermes\SZRYanJiu\v3_QuadRemesher_交付\01A眼窝与眼球\screenshots\01_1_eye_socket_front.png'
  01:27.672  render           | Saved: 'E:\WangZhen_Project\AI\ShuZiRen\Hermes\SZRYanJiu\v3_QuadRemesher_交付\01A眼窝与眼球\screenshots\01_1_eye_socket_side.png'
  make_eye_cup L: boundary ring M=90 (of 1 rings), ring relaxed x12, jump avg=0.46mm max=0.79mm
  recalc_face_normals: SKIPPED (v38, geometric only)
  geometric orientation: reversed 1920 bowl faces to face -Y, still wrong=0
  UV分配: 10710 loops, avg=(0.0793,0.0632), u=[0.0000,1.0000] v=[0.0000,1.0000]
  make_eye_cup R: boundary ring M=89 (of 1 rings), ring relaxed x12, jump avg=0.47mm max=0.87mm
  recalc_face_normals: SKIPPED (v38, geometric only)
  geometric orientation: reversed 247 bowl faces to face -Y, still wrong=0
  UV分配: 9844 loops, avg=(0.5786,0.1021), u=[0.0000,1.0000] v=[0.0000,1.0000]
  Saved: E:\WangZhen_Project\AI\ShuZiRen\Hermes\SZRYanJiu\v3_QuadRemesher_交付\01A眼窝与眼球\models\01_1_eye_socket.blend
  00:02.984  render           | Saved: 'E:\WangZhen_Project\AI\ShuZiRen\Hermes\SZRYanJiu\v3_QuadRemesher_交付\01A眼窝与眼球\screenshots\v39_norm_front.png'
  00:03.390  render           | Saved: 'E:\WangZhen_Project\AI\ShuZiRen\Hermes\SZRYanJiu\v3_QuadRemesher_交付\01A眼窝与眼球\screenshots\v39_norm_sideL.png'
  00:04.234  render           | Saved: 'E:\WangZhen_Project\AI\ShuZiRen\Hermes\SZRYanJiu\v3_QuadRemesher_交付\01A眼窝与眼球\screenshots\v39_tex_front.png'
  00:04.656  render           | Saved: 'E:\WangZhen_Project\AI\ShuZiRen\Hermes\SZRYanJiu\v3_QuadRemesher_交付\01A眼窝与眼球\screenshots\v39_tex_sideL.png'
迭代472完成

--- 迭代 473 ---
  01:27.391  render           | Saved: 'E:\WangZhen_Project\AI\ShuZiRen\Hermes\SZRYanJiu\v3_QuadRemesher_交付\01A眼窝与眼球\screenshots\01_1_eye_socket_front.png'
  01:27.531  render           | Saved: 'E:\WangZhen_Project\AI\ShuZiRen\Hermes\SZRYanJiu\v3_QuadRemesher_交付\01A眼窝与眼球\screenshots\01_1_eye_socket_side.png'
  make_eye_cup L: boundary ring M=90 (of 1 rings), ring relaxed x12, jump avg=0.46mm max=0.79mm
  recalc_face_normals: SKIPPED (v38, geometric only)
  geometric orientation: reversed 1920 bowl faces to face -Y, still wrong=0
  UV分配: 10710 loops, avg=(0.0793,0.0632), u=[0.0000,1.0000] v=[0.0000,1.0000]
  make_eye_cup R: boundary ring M=89 (of 1 rings), ring relaxed x12, jump avg=0.47mm max=0.87mm
  recalc_face_normals: SKIPPED (v38, geometric only)
  geometric orientation: reversed 247 bowl faces to face -Y, still wrong=0
  UV分配: 9844 loops, avg=(0.5786,0.1021), u=[0.0000,1.0000] v=[0.0000,1.0000]
  Saved: E:\WangZhen_Project\AI\ShuZiRen\Hermes\SZRYanJiu\v3_QuadRemesher_交付\01A眼窝与眼球\models\01_1_eye_socket.blend
  00:03.000  render           | Saved: 'E:\WangZhen_Project\AI\ShuZiRen\Hermes\SZRYanJiu\v3_QuadRemesher_交付\01A眼窝与眼球\screenshots\v39_norm_front.png'
  00:03.391  render           | Saved: 'E:\WangZhen_Project\AI\ShuZiRen\Hermes\SZRYanJiu\v3_QuadRemesher_交付\01A眼窝与眼球\screenshots\v39_norm_sideL.png'
  00:04.250  render           | Saved: 'E:\WangZhen_Project\AI\ShuZiRen\Hermes\SZRYanJiu\v3_QuadRemesher_交付\01A眼窝与眼球\screenshots\v39_tex_front.png'
  00:04.672  render           | Saved: 'E:\WangZhen_Project\AI\ShuZiRen\Hermes\SZRYanJiu\v3_QuadRemesher_交付\01A眼窝与眼球\screenshots\v39_tex_sideL.png'
迭代473完成

--- 迭代 474 ---
  01:27.328  render           | Saved: 'E:\WangZhen_Project\AI\ShuZiRen\Hermes\SZRYanJiu\v3_QuadRemesher_交付\01A眼窝与眼球\screenshots\01_1_eye_socket_front.png'
  01:27.453  render           | Saved: 'E:\WangZhen_Project\AI\ShuZiRen\Hermes\SZRYanJiu\v3_QuadRemesher_交付\01A眼窝与眼球\screenshots\01_1_eye_socket_side.png'
  make_eye_cup L: boundary ring M=90 (of 1 rings), ring relaxed x12, jump avg=0.46mm max=0.79mm
  recalc_face_normals: SKIPPED (v38, geometric only)
  geometric orientation: reversed 1920 bowl faces to face -Y, still wrong=0
  UV分配: 10710 loops, avg=(0.0793,0.0632), u=[0.0000,1.0000] v=[0.0000,1.0000]
  make_eye_cup R: boundary ring M=89 (of 1 rings), ring relaxed x12, jump avg=0.47mm max=0.87mm
  recalc_face_normals: SKIPPED (v38, geometric only)
  geometric orientation: reversed 247 bowl faces to face -Y, still wrong=0
  UV分配: 9844 loops, avg=(0.5786,0.1021), u=[0.0000,1.0000] v=[0.0000,1.0000]
  Saved: E:\WangZhen_Project\AI\ShuZiRen\Hermes\SZRYanJiu\v3_QuadRemesher_交付\01A眼窝与眼球\models\01_1_eye_socket.blend
  00:03.031  render           | Saved: 'E:\WangZhen_Project\AI\ShuZiRen\Hermes\SZRYanJiu\v3_QuadRemesher_交付\01A眼窝与眼球\screenshots\v39_norm_front.png'
  00:03.421  render           | Saved: 'E:\WangZhen_Project\AI\ShuZiRen\Hermes\SZRYanJiu\v3_QuadRemesher_交付\01A眼窝与眼球\screenshots\v39_norm_sideL.png'
  00:04.265  render           | Saved: 'E:\WangZhen_Project\AI\ShuZiRen\Hermes\SZRYanJiu\v3_QuadRemesher_交付\01A眼窝与眼球\screenshots\v39_tex_front.png'
  00:04.687  render           | Saved: 'E:\WangZhen_Project\AI\ShuZiRen\Hermes\SZRYanJiu\v3_QuadRemesher_交付\01A眼窝与眼球\screenshots\v39_tex_sideL.png'
迭代474完成

--- 迭代 475 ---
  01:27.453  render           | Saved: 'E:\WangZhen_Project\AI\ShuZiRen\Hermes\SZRYanJiu\v3_QuadRemesher_交付\01A眼窝与眼球\screenshots\01_1_eye_socket_front.png'
  01:27.578  render           | Saved: 'E:\WangZhen_Project\AI\ShuZiRen\Hermes\SZRYanJiu\v3_QuadRemesher_交付\01A眼窝与眼球\screenshots\01_1_eye_socket_side.png'
  make_eye_cup L: boundary ring M=90 (of 1 rings), ring relaxed x12, jump avg=0.46mm max=0.79mm
  recalc_face_normals: SKIPPED (v38, geometric only)
  geometric orientation: reversed 1920 bowl faces to face -Y, still wrong=0
  UV分配: 10710 loops, avg=(0.0793,0.0632), u=[0.0000,1.0000] v=[0.0000,1.0000]
  make_eye_cup R: boundary ring M=89 (of 1 rings), ring relaxed x12, jump avg=0.47mm max=0.87mm
  recalc_face_normals: SKIPPED (v38, geometric only)
  geometric orientation: reversed 247 bowl faces to face -Y, still wrong=0
  UV分配: 9844 loops, avg=(0.5786,0.1021), u=[0.0000,1.0000] v=[0.0000,1.0000]
  Saved: E:\WangZhen_Project\AI\ShuZiRen\Hermes\SZRYanJiu\v3_QuadRemesher_交付\01A眼窝与眼球\models\01_1_eye_socket.blend
  00:02.984  render           | Saved: 'E:\WangZhen_Project\AI\ShuZiRen\Hermes\SZRYanJiu\v3_QuadRemesher_交付\01A眼窝与眼球\screenshots\v39_norm_front.png'
  00:03.390  render           | Saved: 'E:\WangZhen_Project\AI\ShuZiRen\Hermes\SZRYanJiu\v3_QuadRemesher_交付\01A眼窝与眼球\screenshots\v39_norm_sideL.png'
  00:04.234  render           | Saved: 'E:\WangZhen_Project\AI\ShuZiRen\Hermes\SZRYanJiu\v3_QuadRemesher_交付\01A眼窝与眼球\screenshots\v39_tex_front.png'
  00:04.656  render           | Saved: 'E:\WangZhen_Project\AI\ShuZiRen\Hermes\SZRYanJiu\v3_QuadRemesher_交付\01A眼窝与眼球\screenshots\v39_tex_sideL.png'
迭代475完成

--- 迭代 476 ---
  01:27.422  render           | Saved: 'E:\WangZhen_Project\AI\ShuZiRen\Hermes\SZRYanJiu\v3_QuadRemesher_交付\01A眼窝与眼球\screenshots\01_1_eye_socket_front.png'
  01:27.547  render           | Saved: 'E:\WangZhen_Project\AI\ShuZiRen\Hermes\SZRYanJiu\v3_QuadRemesher_交付\01A眼窝与眼球\screenshots\01_1_eye_socket_side.png'
  make_eye_cup L: boundary ring M=90 (of 1 rings), ring relaxed x12, jump avg=0.46mm max=0.79mm
  recalc_face_normals: SKIPPED (v38, geometric only)
  geometric orientation: reversed 1920 bowl faces to face -Y, still wrong=0
  UV分配: 10710 loops, avg=(0.0793,0.0632), u=[0.0000,1.0000] v=[0.0000,1.0000]
  make_eye_cup R: boundary ring M=89 (of 1 rings), ring relaxed x12, jump avg=0.47mm max=0.87mm
  recalc_face_normals: SKIPPED (v38, geometric only)
  geometric orientation: reversed 247 bowl faces to face -Y, still wrong=0
  UV分配: 9844 loops, avg=(0.5786,0.1021), u=[0.0000,1.0000] v=[0.0000,1.0000]
  Saved: E:\WangZhen_Project\AI\ShuZiRen\Hermes\SZRYanJiu\v3_QuadRemesher_交付\01A眼窝与眼球\models\01_1_eye_socket.blend
  00:02.985  render           | Saved: 'E:\WangZhen_Project\AI\ShuZiRen\Hermes\SZRYanJiu\v3_QuadRemesher_交付\01A眼窝与眼球\screenshots\v39_norm_front.png'
  00:03.375  render           | Saved: 'E:\WangZhen_Project\AI\ShuZiRen\Hermes\SZRYanJiu\v3_QuadRemesher_交付\01A眼窝与眼球\screenshots\v39_norm_sideL.png'
  00:04.235  render           | Saved: 'E:\WangZhen_Project\AI\ShuZiRen\Hermes\SZRYanJiu\v3_QuadRemesher_交付\01A眼窝与眼球\screenshots\v39_tex_front.png'
  00:04.657  render           | Saved: 'E:\WangZhen_Project\AI\ShuZiRen\Hermes\SZRYanJiu\v3_QuadRemesher_交付\01A眼窝与眼球\screenshots\v39_tex_sideL.png'
迭代476完成

--- 迭代 477 ---
  01:27.281  render           | Saved: 'E:\WangZhen_Project\AI\ShuZiRen\Hermes\SZRYanJiu\v3_QuadRemesher_交付\01A眼窝与眼球\screenshots\01_1_eye_socket_front.png'
  01:27.390  render           | Saved: 'E:\WangZhen_Project\AI\ShuZiRen\Hermes\SZRYanJiu\v3_QuadRemesher_交付\01A眼窝与眼球\screenshots\01_1_eye_socket_side.png'
  make_eye_cup L: boundary ring M=90 (of 1 rings), ring relaxed x12, jump avg=0.46mm max=0.79mm
  recalc_face_normals: SKIPPED (v38, geometric only)
  geometric orientation: reversed 1920 bowl faces to face -Y, still wrong=0
  UV分配: 10710 loops, avg=(0.0793,0.0632), u=[0.0000,1.0000] v=[0.0000,1.0000]
  make_eye_cup R: boundary ring M=89 (of 1 rings), ring relaxed x12, jump avg=0.47mm max=0.87mm
  recalc_face_normals: SKIPPED (v38, geometric only)
  geometric orientation: reversed 247 bowl faces to face -Y, still wrong=0
  UV分配: 9844 loops, avg=(0.5786,0.1021), u=[0.0000,1.0000] v=[0.0000,1.0000]
  Saved: E:\WangZhen_Project\AI\ShuZiRen\Hermes\SZRYanJiu\v3_QuadRemesher_交付\01A眼窝与眼球\models\01_1_eye_socket.blend
  00:02.985  render           | Saved: 'E:\WangZhen_Project\AI\ShuZiRen\Hermes\SZRYanJiu\v3_QuadRemesher_交付\01A眼窝与眼球\screenshots\v39_norm_front.png'
  00:03.391  render           | Saved: 'E:\WangZhen_Project\AI\ShuZiRen\Hermes\SZRYanJiu\v3_QuadRemesher_交付\01A眼窝与眼球\screenshots\v39_norm_sideL.png'
  00:04.235  render           | Saved: 'E:\WangZhen_Project\AI\ShuZiRen\Hermes\SZRYanJiu\v3_QuadRemesher_交付\01A眼窝与眼球\screenshots\v39_tex_front.png'
  00:04.657  render           | Saved: 'E:\WangZhen_Project\AI\ShuZiRen\Hermes\SZRYanJiu\v3_QuadRemesher_交付\01A眼窝与眼球\screenshots\v39_tex_sideL.png'
迭代477完成
============================================================
迭代循环结束, 共477轮
============================================================
